country_from,country_to,num_migrants,country_from_name,country_to_name,predicted_migrants,residual,signed_error,abs_error,log_observed,log_predicted,log_ratio,abs_log_ratio
AFG,ARE,5276.0,Afghanistan,United Arab Emirates,4.181128374636089,-5271.8188716253635,-5271.8188716253635,5271.8188716253635,3.7223870941771238,0.7144243530872304,-3.007962741089893,3.007962741089893
AFG,ARM,2.0,Afghanistan,Armenia,1.2113426067148618,-0.7886573932851382,-0.7886573932851382,0.7886573932851382,0.47712125471966244,0.3446560337043717,-0.1324652210152908,0.1324652210152908
AFG,AZE,147.0,Afghanistan,Azerbaijan,4.200430753514207,-142.7995692464858,-142.7995692464858,142.7995692464858,2.1702617153949575,0.7160393178898702,-1.4542223975050872,1.4542223975050872
AFG,BGD,93.0,Afghanistan,Bangladesh,59.531537245441136,-33.468462754558864,-33.468462754558864,33.468462754558864,1.9731278535996986,1.7819817032985592,-0.19114615030113943,0.19114615030113943
AFG,BHR,29.0,Afghanistan,Bahrain,0.6165439677011867,-28.383456032298813,-28.383456032298813,28.383456032298813,1.4771212547196624,0.20858752130162841,-1.268533733418034,1.268533733418034
AFG,BRN,21.0,Afghanistan,Brunei,0.08096774410492127,-20.91903225589508,-20.91903225589508,20.91903225589508,1.3424226808222062,0.03381273487260177,-1.3086099459496046,1.3086099459496046
AFG,BTN,13.0,Afghanistan,Bhutan,0.3164908758763766,-12.683509124123624,-12.683509124123624,12.683509124123624,1.146128035678238,0.1194178535140404,-1.0267101821641977,1.0267101821641977
AFG,CYP,10.0,Afghanistan,Cyprus,0.3888765151809253,-9.611123484819075,-9.611123484819075,9.611123484819075,1.0413926851582251,0.14266363439167185,-0.8987290507665533,0.8987290507665533
AFG,GEO,38.0,Afghanistan,Georgia,1.513196507244116,-36.48680349275588,-36.48680349275588,36.48680349275588,1.591064607026499,0.4002264474764732,-1.1908381595500261,1.1908381595500261
AFG,HKG,26.0,Afghanistan,Hong Kong S.A.R.,1.730506261078695,-24.269493738921305,-24.269493738921305,24.269493738921305,1.4313637641589874,0.4362431767143787,-0.9951205874446086,0.9951205874446086
AFG,IDN,65.0,Afghanistan,Indonesia,45.15314247726675,-19.846857522733252,-19.846857522733252,19.846857522733252,1.8195439355418688,1.6642012766311283,-0.15534265891074034,0.15534265891074034
AFG,IND,2433.0,Afghanistan,India,15470.718413462235,13037.718413462235,13037.718413462235,13037.718413462235,3.386320573894046,4.189538552615841,0.8032179787217947,0.8032179787217947
AFG,IRQ,126.0,Afghanistan,Iraq,16.923316084003222,-109.07668391599678,-109.07668391599678,109.07668391599678,2.103803720955957,1.2534183637943275,-0.8503853571616294,0.8503853571616294
AFG,ISR,8.0,Afghanistan,Israel,2.833677852816453,-5.166322147183547,-5.166322147183547,5.166322147183547,0.9542425094393249,0.5836156159436475,-0.3706268934956774,0.3706268934956774
AFG,JOR,62.0,Afghanistan,Jordan,3.3734125941008988,-58.6265874058991,-58.6265874058991,58.6265874058991,1.7993405494535817,0.6408204512503276,-1.1585200982032542,1.1585200982032542
AFG,JPN,86.0,Afghanistan,Japan,17.99379225975977,-68.00620774024023,-68.00620774024023,68.00620774024023,1.9395192526186185,1.2786116836976638,-0.6609075689209548,0.6609075689209548
AFG,KAZ,195.0,Afghanistan,Kazakhstan,8.710675313521481,-186.28932468647852,-186.28932468647852,186.28932468647852,2.292256071356476,0.9872494332795475,-1.3050066380769285,1.3050066380769285
AFG,KGZ,93.0,Afghanistan,Kyrgyzstan,4.1406562407052245,-88.85934375929477,-88.85934375929477,88.85934375929477,1.9731278535996986,0.7110185632608544,-1.2621092903388442,1.2621092903388442
AFG,KHM,25.0,Afghanistan,Cambodia,3.9616970712331074,-21.038302928766893,-21.038302928766893,21.038302928766893,1.414973347970818,0.6956302455653933,-0.7193431024054247,0.7193431024054247
AFG,KOR,77.0,Afghanistan,South Korea,10.390018012267543,-66.60998198773245,-66.60998198773245,66.60998198773245,1.8920946026904804,1.0565244108764853,-0.8355701918139951,0.8355701918139951
AFG,KWT,96.0,Afghanistan,Kuwait,1.8269726822152195,-94.17302731778479,-94.17302731778479,94.17302731778479,1.9867717342662448,0.4513216118073441,-1.5354501224589008,1.5354501224589008
AFG,LAO,2.0,Afghanistan,Laos,1.8678234717747073,-0.1321765282252927,-0.1321765282252927,0.1321765282252927,0.47712125471966244,0.4575524149198727,-0.01956883979978971,0.01956883979978971
AFG,LBN,51.0,Afghanistan,Lebanon,1.7799987864845281,-49.220001213515474,-49.220001213515474,49.220001213515474,1.7160033436347992,0.44404460634138987,-1.2719587372934094,1.2719587372934094
AFG,LKA,31.0,Afghanistan,Sri Lanka,6.610081793454193,-24.389918206545808,-24.389918206545808,24.389918206545808,1.505149978319906,0.881389324609589,-0.623760653710317,0.623760653710317
AFG,MAC,25.0,Afghanistan,Macao S.A.R,0.1585960414827568,-24.841403958517244,-24.841403958517244,24.841403958517244,1.414973347970818,0.06393204033330233,-1.3510413076375156,1.3510413076375156
AFG,MMR,44.0,Afghanistan,Myanmar,14.899831349467977,-29.100168650532023,-29.100168650532023,29.100168650532023,1.6532125137753437,1.2013925177554277,-0.45181999601991596,0.45181999601991596
AFG,MNG,17.0,Afghanistan,Mongolia,0.9153488950604729,-16.084651104939528,-16.084651104939528,16.084651104939528,1.255272505103306,0.2822478954838317,-0.9730246096194743,0.9730246096194743
AFG,MYS,236.0,Afghanistan,Malaysia,7.202475342272689,-228.7975246577273,-228.7975246577273,228.7975246577273,2.374748346010104,0.913944933513312,-1.460803412496792,1.460803412496792
AFG,NPL,349.0,Afghanistan,Nepal,12.388787679076195,-336.6112123209238,-336.6112123209238,336.6112123209238,2.5440680443502757,1.1267412545233157,-1.41732678982696,1.41732678982696
AFG,OMN,20.0,Afghanistan,Oman,2.0084432135889534,-17.991556786411046,-17.991556786411046,17.991556786411046,1.3222192947339193,0.47834181830142586,-0.8438774764324934,0.8438774764324934
AFG,PAK,9523.0,Afghanistan,Pakistan,123.32490337349664,-9399.675096626503,-9399.675096626503,9399.675096626503,3.9788193867328423,2.094558130366571,-1.8842612563662715,1.8842612563662715
AFG,PHL,143.0,Afghanistan,Philippines,21.13971404247394,-121.86028595752606,-121.86028595752606,121.86028595752606,2.1583624920952498,1.345172007212187,-0.8131904848830624,0.8131904848830624
AFG,QAT,77.0,Afghanistan,Qatar,1.0939366051782793,-75.90606339482171,-75.90606339482171,75.90606339482171,1.8920946026904804,0.32096352909161907,-1.5711310735988613,1.5711310735988613
AFG,SAU,5973.0,Afghanistan,Saudi Arabia,10.036219526755065,-5962.963780473245,-5962.963780473245,5962.963780473245,3.7762652182681093,1.0428203306536619,-2.7334448876144477,2.7334448876144477
AFG,SGP,15.0,Afghanistan,Singapore,1.103562226278555,-13.896437773721445,-13.896437773721445,13.896437773721445,1.2041199826559248,0.3229553635741658,-0.8811646190817589,0.8811646190817589
AFG,SYR,494.0,Afghanistan,Syria,6.7148616253579005,-487.2851383746421,-487.2851383746421,487.2851383746421,2.694605198933569,0.8873281409134335,-1.8072770580201352,1.8072770580201352
AFG,THA,69.0,Afghanistan,Thailand,17.492790780062652,-51.50720921993735,-51.50720921993735,51.50720921993735,1.845098040014257,1.2670024562604567,-0.5780955837538001,0.5780955837538001
AFG,TJK,922.0,Afghanistan,Tajikistan,6928.589876604268,6006.589876604268,6006.589876604268,6006.589876604268,2.965201701025912,3.8407075319280617,0.8755058309021495,0.8755058309021495
AFG,TKM,30.0,Afghanistan,Turkmenistan,4.243667972307573,-25.756332027692427,-25.756332027692427,25.756332027692427,1.4913616938342726,0.719635184474979,-0.7717265093592937,0.7717265093592937
AFG,TLS,9.0,Afghanistan,East Timor,0.18328282876907998,-8.81671717123092,-8.81671717123092,8.81671717123092,1.0,0.07308856228896943,-0.9269114377110306,0.9269114377110306
AFG,TUR,6937.0,Afghanistan,Turkey,22.009906026721445,-6914.990093973279,-6914.990093973279,6914.990093973279,3.841234295506041,1.36191484499808,-2.479319450507961,2.479319450507961
AFG,TWN,8.0,Afghanistan,Taiwan,4.856073512016393,-3.143926487983607,-3.143926487983607,3.143926487983607,0.9542425094393249,0.7676065198369966,-0.18663598960232833,0.18663598960232833
AFG,UZB,169.0,Afghanistan,Uzbekistan,11292.937259478955,11123.937259478955,11123.937259478955,11123.937259478955,2.230448921378274,4.052845370797906,1.822396449419632,1.822396449419632
AFG,VNM,80.0,Afghanistan,Vietnam,21.950051090023095,-58.049948909976905,-58.049948909976905,58.049948909976905,1.9084850188786497,1.3607836566746052,-0.5477013622040445,0.5477013622040445
AFG,YEM,29.0,Afghanistan,Yemen,10.695712833056175,-18.304287166943823,-18.304287166943823,18.304287166943823,1.4771212547196624,1.0680266964340528,-0.40909455828560964,0.40909455828560964
ARE,AFG,1868.0,United Arab Emirates,Afghanistan,766.6961896255833,-1101.3038103744166,-1101.3038103744166,1101.3038103744166,3.271609301378832,2.885189385039973,-0.38641991633885914,0.38641991633885914
ARE,ARM,75.0,United Arab Emirates,Armenia,49.47216769770729,-25.52783230229271,-25.52783230229271,25.52783230229271,1.8808135922807914,1.7030519573775575,-0.17776163490323368,0.17776163490323368
ARE,AZE,129.0,United Arab Emirates,Azerbaijan,173.85612411403613,44.856124114036135,44.856124114036135,44.856124114036135,2.113943352306837,2.242680847525196,0.12873749521835892,0.12873749521835892
ARE,BGD,26725.0,United Arab Emirates,Bangladesh,107.90561966941256,-26617.09438033059,-26617.09438033059,26617.09438033059,4.426933964071905,2.0370502904853076,-2.3898836735865974,2.3898836735865974
ARE,BHR,796.0,United Arab Emirates,Bahrain,14814.003723369959,14018.003723369959,14018.003723369959,14018.003723369959,2.9014583213961123,4.170701764964826,1.2692434435687139,1.2692434435687139
ARE,BRN,23.0,United Arab Emirates,Brunei,0.16814078965820575,-22.831859210341793,-22.831859210341793,22.831859210341793,1.380211241711606,0.06749518908360023,-1.3127160526280057,1.3127160526280057
ARE,BTN,94.0,United Arab Emirates,Bhutan,0.5391284018391356,-93.46087159816086,-93.46087159816086,93.46087159816086,1.9777236052888478,0.18727485237473573,-1.790448752914112,1.790448752914112
ARE,CYP,120.0,United Arab Emirates,Cyprus,1.073369750039194,-118.92663024996081,-118.92663024996081,118.92663024996081,2.0827853703164503,0.3166767579947146,-1.7661086123217355,1.7661086123217355
ARE,GEO,108.0,United Arab Emirates,Georgia,50.68098807090108,-57.31901192909892,-57.31901192909892,57.31901192909892,2.037426497940624,1.7133308081920975,-0.3240956897485262,0.3240956897485262
ARE,HKG,223.0,United Arab Emirates,Hong Kong S.A.R.,3.4819605609510353,-219.51803943904898,-219.51803943904898,219.51803943904898,2.3502480183341627,0.6514680306379768,-1.698779987696186,1.698779987696186
ARE,IDN,6579.0,United Arab Emirates,Indonesia,116.20951636586487,-6462.790483634135,-6462.790483634135,6462.790483634135,3.8182258936139557,2.0689628739465844,-1.7492630196673713,1.7492630196673713
ARE,IND,124768.0,United Arab Emirates,India,4252.754096921467,-120515.24590307854,-120515.24590307854,120515.24590307854,5.096106694310193,3.628772380386447,-1.467334313923746,1.467334313923746
ARE,IRQ,766.0,United Arab Emirates,Iraq,1343.1611354144743,577.1611354144743,577.1611354144743,577.1611354144743,2.884795363948981,3.1284513342138123,0.2436559702648311,0.2436559702648311
ARE,ISR,58.0,United Arab Emirates,Israel,123.42934556247242,65.42934556247242,65.42934556247242,65.42934556247242,1.7708520116421442,2.094922816953509,0.32407080531136473,0.32407080531136473
ARE,JOR,2250.0,United Arab Emirates,Jordan,169.47944037267544,-2080.5205596273245,-2080.5205596273245,2080.5205596273245,3.35237549500052,2.2316720110640884,-1.1207034839364316,1.1207034839364316
ARE,JPN,370.0,United Arab Emirates,Japan,40.457637797801425,-329.54236220219855,-329.54236220219855,329.54236220219855,2.569373909615046,1.617604552928937,-0.9517693566861088,0.9517693566861088
ARE,KAZ,188.0,United Arab Emirates,Kazakhstan,15.798497090611402,-172.2015029093886,-172.2015029093886,172.2015029093886,2.2764618041732443,1.2252704284847227,-1.0511913756885214,1.0511913756885214
ARE,KGZ,132.0,United Arab Emirates,Kyrgyzstan,5.5394136153409255,-126.46058638465908,-126.46058638465908,126.46058638465908,2.123851640967086,0.8155388071867868,-1.308312833780299,1.308312833780299
ARE,KHM,36.0,United Arab Emirates,Cambodia,8.907566724053067,-27.09243327594693,-27.09243327594693,27.09243327594693,1.568201724066995,0.9959670058399874,-0.5722347182270076,0.5722347182270076
ARE,KOR,660.0,United Arab Emirates,South Korea,19.02347399631731,-640.9765260036827,-640.9765260036827,640.9765260036827,2.82020145948564,1.3015394281154826,-1.5186620313701578,1.5186620313701578
ARE,KWT,869.0,United Arab Emirates,Kuwait,32560.331785342027,31691.331785342027,31691.331785342027,31691.331785342027,2.9395192526186187,4.512702159583156,1.5731829069645373,1.5731829069645373
ARE,LAO,19.0,United Arab Emirates,Laos,3.963203363652893,-15.036796636347107,-15.036796636347107,15.036796636347107,1.3010299956639813,0.695762070462854,-0.6052679252011273,0.6052679252011273
ARE,LBN,1321.0,United Arab Emirates,Lebanon,73.84974548424151,-1247.1502545157584,-1247.1502545157584,1247.1502545157584,3.1212314551496214,1.874190327925866,-1.2470411272237554,1.2470411272237554
ARE,LKA,4927.0,United Arab Emirates,Sri Lanka,15.527023580398014,-4911.472976419602,-4911.472976419602,4911.472976419602,3.692670699156369,1.2181946467353528,-2.474476052421016,2.474476052421016
ARE,MAC,92.0,United Arab Emirates,Macao S.A.R,0.31905409545269636,-91.6809459045473,-91.6809459045473,91.6809459045473,1.968482948553935,0.12026260667210822,-1.8482203418818268,1.8482203418818268
ARE,MMR,334.0,United Arab Emirates,Myanmar,31.09422866333304,-302.90577133666693,-302.90577133666693,302.90577133666693,2.525044807036845,1.5064269425289873,-1.0186178645078579,1.0186178645078579
ARE,MNG,21.0,United Arab Emirates,Mongolia,1.7879781574400098,-19.21202184255999,-19.21202184255999,19.21202184255999,1.3424226808222062,0.44528936693657656,-0.8971333138856297,0.8971333138856297
ARE,MYS,717.0,United Arab Emirates,Malaysia,17.644454741217235,-699.3555452587827,-699.3555452587827,699.3555452587827,2.8561244442423,1.270549686901231,-1.5855747573410695,1.5855747573410695
ARE,NPL,19854.0,United Arab Emirates,Nepal,21.068836055650035,-19832.93116394435,-19832.93116394435,19832.93116394435,4.297869891399902,1.3437794284068532,-2.9540904629930487,2.9540904629930487
ARE,OMN,2452.0,United Arab Emirates,Oman,102739.29010248237,100287.29010248237,100287.29010248237,100287.29010248237,3.3896975482063856,5.011740787685081,1.6220432394786954,1.6220432394786954
ARE,PAK,61419.0,United Arab Emirates,Pakistan,46270.97636428337,-15148.023635716629,-15148.023635716629,15148.023635716629,4.78830981210705,4.665318049440937,-0.1229917626661133,0.1229917626661133
ARE,PHL,44900.0,United Arab Emirates,Philippines,39.09807126430548,-44860.90192873569,-44860.90192873569,44860.90192873569,4.652256013378507,1.603123483357981,-3.0491325300205254,3.0491325300205254
ARE,QAT,2702.0,United Arab Emirates,Qatar,33874.14220912743,31172.14220912743,31172.14220912743,31172.14220912743,3.4318460456987254,4.52988112707094,1.0980350813722144,1.0980350813722144
ARE,SAU,3599.0,United Arab Emirates,Saudi Arabia,77564.33289183704,73965.33289183704,73965.33289183704,73965.33289183704,3.5563025007672873,4.889667660719683,1.3333651599523952,1.3333651599523952
ARE,SGP,591.0,United Arab Emirates,Singapore,2.646126775219696,-588.3538732247803,-588.3538732247803,588.3538732247803,2.77232170672292,0.5618317649281649,-2.210489941794755,2.210489941794755
ARE,SYR,2779.0,United Arab Emirates,Syria,307.7305115513886,-2471.2694884486114,-2471.2694884486114,2471.2694884486114,3.444044795918076,2.489579552525791,-0.9544652433922853,0.9544652433922853
ARE,THA,674.0,United Arab Emirates,Thailand,39.69166658799776,-634.3083334120022,-634.3083334120022,634.3083334120022,2.829303772831025,1.6095054773968802,-1.2197982954341446,1.2197982954341446
ARE,TJK,69.0,United Arab Emirates,Tajikistan,159.73526415863617,90.73526415863617,90.73526415863617,90.73526415863617,1.845098040014257,2.2061111682965007,0.361013128282244,0.361013128282244
ARE,TKM,83.0,United Arab Emirates,Turkmenistan,189.02371548171973,106.02371548171973,106.02371548171973,106.02371548171973,1.9242792860618816,2.278807805479759,0.3545285194178773,0.3545285194178773
ARE,TLS,5.0,United Arab Emirates,East Timor,0.4120971384936338,-4.587902861506366,-4.587902861506366,4.587902861506366,0.7781512503836436,0.14986457296275052,-0.6282866774208931,0.6282866774208931
ARE,TUR,1229.0,United Arab Emirates,Turkey,64.05226213124833,-1164.9477378687516,-1164.9477378687516,1164.9477378687516,3.089905111439398,1.8132624033424434,-1.2766427080969545,1.2766427080969545
ARE,TWN,89.0,United Arab Emirates,Taiwan,8.868714585339363,-80.13128541466064,-80.13128541466064,80.13128541466064,1.954242509439325,0.9942605888551647,-0.9599819205841602,0.9599819205841602
ARE,UZB,403.0,United Arab Emirates,Uzbekistan,403.5838187214734,0.5838187214733921,0.5838187214733921,0.5838187214733921,2.606381365110605,2.60700850922939,0.0006271441187851021,0.0006271441187851021
ARE,VNM,573.0,United Arab Emirates,Vietnam,48.33245199041143,-524.6675480095886,-524.6675480095886,524.6675480095886,2.7589118923979736,1.6931327019093478,-1.0657791904886258,1.0657791904886258
ARE,YEM,1684.0,United Arab Emirates,Yemen,872.8598864890076,-811.1401135109924,-811.1401135109924,811.1401135109924,3.2265999052073573,2.941441804027139,-0.2851581011802184,0.2851581011802184
ARM,AFG,33.0,Armenia,Afghanistan,4.940765642491453,-28.059234357508547,-28.059234357508547,28.059234357508547,1.5314789170422551,0.7738424202137021,-0.757636496828553,0.757636496828553
ARM,ARE,30.0,Armenia,United Arab Emirates,2.031836421654793,-27.968163578345205,-27.968163578345205,27.968163578345205,1.4913616938342726,0.4817057658620246,-1.0096559279722481,1.0096559279722481
ARM,AZE,2706.0,Armenia,Azerbaijan,1126.7232066600432,-1579.2767933399568,-1579.2767933399568,1579.2767933399568,3.4324882557705063,3.0522025175804997,-0.3802857381900068,0.3802857381900068
ARM,BGD,10.0,Armenia,Bangladesh,0.44944533028578204,-9.550554669714218,-9.550554669714218,9.550554669714218,1.0413926851582251,0.1612018394199109,-0.8801908457383142,0.8801908457383142
ARM,BHR,10.0,Armenia,Bahrain,0.4492940767834897,-9.55070592321651,-9.55070592321651,9.55070592321651,1.0413926851582251,0.16115651726275967,-0.8802361678954653,0.8802361678954653
ARM,BRN,26.0,Armenia,Brunei,0.000679358989978424,-25.999320641010023,-25.999320641010023,25.999320641010023,1.4313637641589874,0.00029494168627580464,-1.4310688224727115,1.4310688224727115
ARM,BTN,22.0,Armenia,Bhutan,0.0022473302066716517,-21.99775266979333,-21.99775266979333,21.99775266979333,1.3617278360175928,0.0009749080474735544,-1.3607529279701194,1.3607529279701194
ARM,CYP,48.0,Armenia,Cyprus,2.155409319515539,-45.84459068048446,-45.84459068048446,45.84459068048446,1.6901960800285136,0.49905570388969006,-1.1911403761388235,1.1911403761388235
ARM,GEO,310.0,Armenia,Georgia,2347.0008141171947,2037.0008141171947,2037.0008141171947,2037.0008141171947,2.4927603890268375,3.3706982431575803,0.8779378541307428,0.8779378541307428
ARM,HKG,9.0,Armenia,Hong Kong S.A.R.,0.015880087700837646,-8.984119912299162,-8.984119912299162,8.984119912299162,1.0,0.006842447787210604,-0.9931575522127895,0.9931575522127895
ARM,IDN,42.0,Armenia,Indonesia,0.38037736329103283,-41.61962263670897,-41.61962263670897,41.61962263670897,1.6334684555795864,0.1399978287139136,-1.493470626865673,1.493470626865673
ARM,IND,97.0,Armenia,India,13.534966050464508,-83.4650339495355,-83.4650339495355,83.4650339495355,1.9912260756924949,1.162414021719577,-0.8288120539729177,0.8288120539729177
ARM,IRQ,47.0,Armenia,Iraq,534.6993041024788,487.6993041024788,487.6993041024788,487.6993041024788,1.6812412373755872,2.7289210822051353,1.0476798448295481,1.0476798448295481
ARM,ISR,17.0,Armenia,Israel,8.82315035146007,-8.17684964853993,-8.17684964853993,8.17684964853993,1.255272505103306,0.9922507913347427,-0.2630217137685634,0.2630217137685634
ARM,JOR,23.0,Armenia,Jordan,15.80661620289097,-7.19338379710903,-7.19338379710903,7.19338379710903,1.380211241711606,1.2254802826041706,-0.15473095910743534,0.15473095910743534
ARM,JPN,21.0,Armenia,Japan,0.19915766880388616,-20.800842331196115,-20.800842331196115,20.800842331196115,1.3424226808222062,0.07887628917864102,-1.2635463916435652,1.2635463916435652
ARM,KAZ,122.0,Armenia,Kazakhstan,0.705314595797791,-121.29468540420221,-121.29468540420221,121.29468540420221,2.089905111439398,0.23180450920286638,-1.8581006022365316,1.8581006022365316
ARM,KGZ,13.0,Armenia,Kyrgyzstan,0.7367903403902768,-12.263209659609723,-12.263209659609723,12.263209659609723,1.146128035678238,0.23974739501173317,-0.9063806406665048,0.9063806406665048
ARM,KHM,11.0,Armenia,Cambodia,0.036354735229976995,-10.963645264770022,-10.963645264770022,10.963645264770022,1.0791812460476249,0.015508436088058753,-1.063672809959566,1.063672809959566
ARM,KOR,6.0,Armenia,South Korea,0.10788040983010712,-5.892119590169893,-5.892119590169893,5.892119590169893,0.8450980400142568,0.04449288299713785,-0.800605157017119,0.800605157017119
ARM,KWT,8.0,Armenia,Kuwait,4.768832035632969,-3.231167964367031,-3.231167964367031,3.231167964367031,0.9542425094393249,0.761087894295343,-0.1931546151439819,0.1931546151439819
ARM,LAO,32.0,Armenia,Laos,0.017140186781512346,-31.98285981321849,-31.98285981321849,31.98285981321849,1.5185139398778875,0.007380813443802721,-1.5111331264340848,1.5111331264340848
ARM,LBN,54.0,Armenia,Lebanon,10.273158752877363,-43.726841247122636,-43.726841247122636,43.726841247122636,1.7403626894942439,1.052045622943383,-0.6883170665508608,0.6883170665508608
ARM,LKA,28.0,Armenia,Sri Lanka,0.05411600386378914,-27.94588399613621,-27.94588399613621,27.94588399613621,1.462397997898956,0.022888406954050658,-1.4395095909449054,1.4395095909449054
ARM,MAC,33.0,Armenia,Macao S.A.R,0.001455365464082151,-32.99854463453592,-32.99854463453592,32.99854463453592,1.5314789170422551,0.0006315976988649674,-1.5308473193433902,1.5308473193433902
ARM,MMR,15.0,Armenia,Myanmar,0.12653494069439591,-14.873465059305603,-14.873465059305603,14.873465059305603,1.2041199826559248,0.05174466637981416,-1.1523753162761106,1.1523753162761106
ARM,MNG,9.0,Armenia,Mongolia,0.008335770061104949,-8.991664229938895,-8.991664229938895,8.991664229938895,1.0,0.0036051737790530796,-0.996394826220947,0.996394826220947
ARM,MYS,20.0,Armenia,Malaysia,0.06347938312366512,-19.936520616876336,-19.936520616876336,19.936520616876336,1.3222192947339193,0.026729074979306287,-1.295490219754613,1.295490219754613
ARM,NPL,5.0,Armenia,Nepal,0.08598891034278225,-4.914011089657218,-4.914011089657218,4.914011089657218,0.7781512503836436,0.03582539044479299,-0.7423258599388506,0.7423258599388506
ARM,OMN,26.0,Armenia,Oman,0.6620762593041611,-25.33792374069584,-25.33792374069584,25.33792374069584,1.4313637641589874,0.2206509461840713,-1.210712817974916,1.210712817974916
ARM,PAK,14.0,Armenia,Pakistan,14.921741162536462,0.9217411625364615,0.9217411625364615,0.9217411625364615,1.1760912590556813,1.2019905593773619,0.025899300321680627,0.025899300321680627
ARM,PHL,20.0,Armenia,Philippines,0.19398977080606428,-19.806010229193937,-19.806010229193937,19.806010229193937,1.3222192947339193,0.07700060610531809,-1.2452186886286012,1.2452186886286012
ARM,QAT,21.0,Armenia,Qatar,0.5882832912443571,-20.411716708755645,-20.411716708755645,20.411716708755645,1.3424226808222062,0.20092796714105873,-1.1414947136811475,1.1414947136811475
ARM,SAU,28.0,Armenia,Saudi Arabia,8.058242601602338,-19.941757398397662,-19.941757398397662,19.941757398397662,1.462397997898956,0.9570439479572584,-0.5053540499416976,0.5053540499416976
ARM,SGP,5.0,Armenia,Singapore,0.010126900624856022,-4.989873099375144,-4.989873099375144,4.989873099375144,0.7781512503836436,0.004375936930314661,-0.773775313453329,0.773775313453329
ARM,SYR,56.0,Armenia,Syria,55.71741829129866,-0.28258170870134336,-0.28258170870134336,0.28258170870134336,1.7558748556724915,1.7537164540621606,-0.002158401610330764,0.002158401610330764
ARM,THA,7.0,Armenia,Thailand,0.16052357507602602,-6.839476424923974,-6.839476424923974,6.839476424923974,0.9030899869919435,0.06465396721454254,-0.838436019777401,0.838436019777401
ARM,TJK,20.0,Armenia,Tajikistan,1.4958703680931207,-18.504129631906878,-18.504129631906878,18.504129631906878,1.3222192947339193,0.39722202496718106,-0.9249972697667382,0.9249972697667382
ARM,TKM,5.0,Armenia,Turkmenistan,8.398398013735969,3.398398013735969,3.398398013735969,3.398398013735969,0.7781512503836436,0.9730538330586154,0.1949025826749718,0.1949025826749718
ARM,TLS,23.0,Armenia,East Timor,0.001681905151326258,-22.998318094848674,-22.998318094848674,22.998318094848674,1.380211241711606,0.000729828547009892,-1.379481413164596,1.379481413164596
ARM,TUR,111.0,Armenia,Turkey,43.097786593493346,-67.90221340650666,-67.90221340650666,67.90221340650666,2.0492180226701815,1.6444167914098742,-0.40480123126030754,0.40480123126030754
ARM,TWN,7.0,Armenia,Taiwan,0.042818469579599866,-6.9571815304204,-6.9571815304204,6.9571815304204,0.9030899869919435,0.01820871444630086,-0.8848812725456427,0.8848812725456427
ARM,UZB,31.0,Armenia,Uzbekistan,6.058024342293796,-24.941975657706205,-24.941975657706205,24.941975657706205,1.505149978319906,0.8486831518569968,-0.6564668264629091,0.6564668264629091
ARM,VNM,28.0,Armenia,Vietnam,0.1932481437178149,-27.806751856282187,-27.806751856282187,27.806751856282187,1.462397997898956,0.07673076742651795,-1.385667230472438,1.385667230472438
ARM,YEM,6.0,Armenia,Yemen,1.2012387970970637,-4.798761202902936,-4.798761202902936,4.798761202902936,0.8450980400142568,0.3426671586987599,-0.502430881315497,0.502430881315497
AZE,AFG,41.0,Azerbaijan,Afghanistan,36.7261157511514,-4.273884248848603,-4.273884248848603,4.273884248848603,1.6232492903979006,1.5766420929115812,-0.046607197486319356,0.046607197486319356
AZE,ARE,115.0,Azerbaijan,United Arab Emirates,29.28705738259849,-85.71294261740151,-85.71294261740151,85.71294261740151,2.0644579892269186,1.4812570803787555,-0.5832009088481629,0.5832009088481629
AZE,ARM,2903.0,Azerbaijan,Armenia,1154.1006378052462,-1748.8993621947538,-1748.8993621947538,1748.8993621947538,3.462996612028056,3.062619823656283,-0.40037678837177315,0.40037678837177315
AZE,BGD,42.0,Azerbaijan,Bangladesh,3.244302817618281,-38.75569718238172,-38.75569718238172,38.75569718238172,1.6334684555795864,0.6278063618761096,-1.005662093703477,1.005662093703477
AZE,BHR,39.0,Azerbaijan,Bahrain,10.963006535161679,-28.03699346483832,-28.03699346483832,28.03699346483832,1.6020599913279623,1.0778403399818282,-0.5242196513461344,0.5242196513461344
AZE,BRN,3.0,Azerbaijan,Brunei,0.004903925209234806,-2.9950960747907653,-2.9950960747907653,2.9950960747907653,0.6020599913279624,0.0021245426062759206,-0.5999354487216865,0.5999354487216865
AZE,BTN,51.0,Azerbaijan,Bhutan,0.01622226159739491,-50.98377773840261,-50.98377773840261,50.98377773840261,1.7160033436347992,0.006988704432779587,-1.7090146392020196,1.7090146392020196
AZE,CYP,35.0,Azerbaijan,Cyprus,9.84101344849892,-25.15898655150108,-25.15898655150108,25.15898655150108,1.5563025007672873,1.0350698831726264,-0.521232617594661,0.521232617594661
AZE,GEO,570.0,Azerbaijan,Georgia,2404.02888703379,1834.02888703379,1834.02888703379,1834.02888703379,2.756636108245848,3.381120297094063,0.6244841888482149,0.6244841888482149
AZE,HKG,7.0,Azerbaijan,Hong Kong S.A.R.,0.11462976651485922,-6.8853702334851405,-6.8853702334851405,6.8853702334851405,0.9030899869919435,0.04713063683657461,-0.855959350155369,0.855959350155369
AZE,IDN,47.0,Azerbaijan,Indonesia,2.7457385099509817,-44.25426149004902,-44.25426149004902,44.25426149004902,1.6812412373755872,0.5735374559945816,-1.1077037813810056,1.1077037813810056
AZE,IND,77.0,Azerbaijan,India,105.56645577612036,28.566455776120364,28.566455776120364,28.566455776120364,1.8920946026904804,2.027620522102312,0.1355259194118313,0.1355259194118313
AZE,IRQ,91.0,Azerbaijan,Iraq,2433.7034645808744,2342.7034645808744,2342.7034645808744,2342.7034645808744,1.9637878273455553,3.386446073748386,1.4226582464028306,1.4226582464028306
AZE,ISR,130.0,Azerbaijan,Israel,32.74173227681064,-97.25826772318936,-97.25826772318936,97.25826772318936,2.1172712956557644,1.5281673751988063,-0.589103920456958,0.589103920456958
AZE,JOR,13.0,Azerbaijan,Jordan,92.73330788492366,79.73330788492366,79.73330788492366,79.73330788492366,1.146128035678238,1.9718939437180378,0.8257659080397999,0.8257659080397999
AZE,JPN,40.0,Azerbaijan,Japan,1.4376115236082054,-38.562388476391796,-38.562388476391796,38.562388476391796,1.6127838567197355,0.3869644943109519,-1.2258193624087836,1.2258193624087836
AZE,KAZ,311.0,Azerbaijan,Kazakhstan,14.255266068357145,-296.7447339316428,-296.7447339316428,296.7447339316428,2.494154594018443,1.183419786610457,-1.3107348074079859,1.3107348074079859
AZE,KGZ,55.0,Azerbaijan,Kyrgyzstan,5.318491073880281,-49.68150892611972,-49.68150892611972,49.68150892611972,1.7481880270062005,0.8006133762998182,-0.9475746507063822,0.9475746507063822
AZE,KHM,12.0,Azerbaijan,Cambodia,0.2624251760840068,-11.737574823915994,-11.737574823915994,11.737574823915994,1.1139433523068367,0.10120564692787253,-1.0127377053789641,1.0127377053789641
AZE,KOR,43.0,Azerbaijan,South Korea,0.7196997319169445,-42.28030026808305,-42.28030026808305,42.28030026808305,1.6434526764861874,0.23545262356129348,-1.408000052924894,1.408000052924894
AZE,KWT,44.0,Azerbaijan,Kuwait,85.32340554060198,41.32340554060198,41.32340554060198,41.32340554060198,1.6532125137753437,1.9361285653439555,0.28291605156861194,0.28291605156861194
AZE,LAO,1.0,Azerbaijan,Laos,0.12372574042410346,-0.8762742595758966,-0.8762742595758966,0.8762742595758966,0.3010299956639812,0.050660329067273586,-0.2503696665967076,0.2503696665967076
AZE,LBN,63.0,Azerbaijan,Lebanon,57.33592758899155,-5.664072411008448,-5.664072411008448,5.664072411008448,1.806179973983887,1.7659361078957387,-0.0402438660881484,0.0402438660881484
AZE,LKA,45.0,Azerbaijan,Sri Lanka,0.3906341705717504,-44.60936582942825,-44.60936582942825,44.60936582942825,1.662757831681574,0.14321289663627054,-1.5195449350453034,1.5195449350453034
AZE,MAC,45.0,Azerbaijan,Macao S.A.R,0.010505496347650953,-44.98949450365235,-44.98949450365235,44.98949450365235,1.662757831681574,0.004538680074938473,-1.6582191516066356,1.6582191516066356
AZE,MMR,22.0,Azerbaijan,Myanmar,0.9133873175653224,-21.086612682434676,-21.086612682434676,21.086612682434676,1.3617278360175928,0.2818028910180257,-1.0799249449995671,1.0799249449995671
AZE,MNG,31.0,Azerbaijan,Mongolia,0.06017141679737773,-30.939828583202623,-30.939828583202623,30.939828583202623,1.505149978319906,0.025376091067060628,-1.4797738872528454,1.4797738872528454
AZE,MYS,30.0,Azerbaijan,Malaysia,0.45822334253161584,-29.541776657468382,-29.541776657468382,29.541776657468382,1.4913616938342726,0.16382404593027852,-1.3275376479039942,1.3275376479039942
AZE,NPL,33.0,Azerbaijan,Nepal,0.6207074482932711,-32.379292551706726,-32.379292551706726,32.379292551706726,1.5314789170422551,0.20970462801424614,-1.321774289028009,1.321774289028009
AZE,OMN,37.0,Azerbaijan,Oman,3.7177703987105764,-33.28222960128942,-33.28222960128942,33.28222960128942,1.5797835966168101,0.6737368011109551,-0.906046795505855,0.906046795505855
AZE,PAK,51.0,Azerbaijan,Pakistan,98.54799967167102,47.54799967167102,47.54799967167102,47.54799967167102,1.7160033436347992,1.9980325376905663,0.28202919405576726,0.28202919405576726
AZE,PHL,45.0,Azerbaijan,Philippines,1.40030726232055,-43.59969273767945,-43.59969273767945,43.59969273767945,1.662757831681574,0.3802668391236889,-1.2824909925578851,1.2824909925578851
AZE,QAT,69.0,Azerbaijan,Qatar,8.660469257671348,-60.33953074232865,-60.33953074232865,60.33953074232865,1.845098040014257,0.9849982227992902,-0.8600998172149666,0.8600998172149666
AZE,SAU,73.0,Azerbaijan,Saudi Arabia,76.21949372424645,3.2194937242464476,3.2194937242464476,3.2194937242464476,1.8692317197309762,1.887726949923528,0.018495230192551827,0.018495230192551827
AZE,SGP,26.0,Azerbaijan,Singapore,0.07310061984640018,-25.9268993801536,-25.9268993801536,25.9268993801536,1.4313637641589874,0.030640445726700646,-1.4007233184322867,1.4007233184322867
AZE,SYR,8.0,Azerbaijan,Syria,295.1933918287322,287.1933918287322,287.1933918287322,287.1933918287322,0.9542425094393249,2.471575365041601,1.5173328556022763,1.5173328556022763
AZE,THA,25.0,Azerbaijan,Thailand,1.1587328910107173,-23.841267108989282,-23.841267108989282,23.841267108989282,1.414973347970818,0.33419890859794443,-1.0807744393728735,1.0807744393728735
AZE,TJK,9.0,Azerbaijan,Tajikistan,39.26867377998597,30.268673779985967,30.268673779985967,30.268673779985967,1.0,1.6049673266643385,0.6049673266643385,0.6049673266643385
AZE,TKM,2.0,Azerbaijan,Turkmenistan,1586.6302031776704,1584.6302031776704,1584.6302031776704,1584.6302031776704,0.47712125471966244,3.2007493523594817,2.723628097639819,2.723628097639819
AZE,TLS,20.0,Azerbaijan,East Timor,0.012140763856518138,-19.987859236143482,-19.987859236143482,19.987859236143482,1.3222192947339193,0.0052409163722536645,-1.3169783783616655,1.3169783783616655
AZE,TUR,3419.0,Azerbaijan,Turkey,124.34024575858058,-3294.6597542414193,-3294.6597542414193,3294.6597542414193,3.534026106056135,2.098090541899701,-1.4359355641564338,1.4359355641564338
AZE,TWN,14.0,Azerbaijan,Taiwan,0.3090833793174979,-13.690916620682502,-13.690916620682502,13.690916620682502,1.1760912590556813,0.1169673089069607,-1.0591239501487204,1.0591239501487204
AZE,UZB,56.0,Azerbaijan,Uzbekistan,188.16050668758592,132.16050668758592,132.16050668758592,132.16050668758592,1.7558748556724915,2.276830468651318,0.5209556129788265,0.5209556129788265
AZE,VNM,26.0,Azerbaijan,Vietnam,1.4539844714980532,-24.546015528501947,-24.546015528501947,24.546015528501947,1.4313637641589874,0.38987181023937784,-1.0414919539196095,1.0414919539196095
AZE,YEM,90.0,Azerbaijan,Yemen,0.8062389352581522,-89.19376106474185,-89.19376106474185,89.19376106474185,1.9590413923210936,0.25677519968758694,-1.7022661926335068,1.7022661926335068
BGD,AFG,357.0,Bangladesh,Afghanistan,396.52900132996734,39.52900132996734,39.52900132996734,39.52900132996734,2.5538830266438746,2.5993688176670284,0.0454857910231541,0.0454857910231541
BGD,ARE,28448.0,Bangladesh,United Arab Emirates,74.8934882001319,-28373.10651179987,-28373.10651179987,28373.10651179987,4.454067005278905,1.8802045142344535,-2.5738624910444514,2.5738624910444514
BGD,ARM,4.0,Bangladesh,Armenia,16.684280591049838,12.684280591049838,12.684280591049838,12.684280591049838,0.6989700043360189,1.24758739710569,0.5486173927696713,0.5486173927696713
BGD,AZE,95.0,Bangladesh,Azerbaijan,60.38655555939677,-34.61344444060323,-34.61344444060323,34.61344444060323,1.9822712330395684,1.788073265510702,-0.19419796752886642,0.19419796752886642
BGD,BHR,2066.0,Bangladesh,Bahrain,8.984175521492116,-2057.015824478508,-2057.015824478508,2057.015824478508,3.3153404766272883,0.999312207288813,-2.3160282693384753,2.3160282693384753
BGD,BRN,2088.0,Bangladesh,Brunei,3.8850590876536004,-2084.1149409123464,-2084.1149409123464,2084.1149409123464,3.3199384399803087,0.6888698211329314,-2.6310686188473773,2.6310686188473773
BGD,BTN,19.0,Bangladesh,Bhutan,1261.4615747757111,1242.4615747757111,1242.4615747757111,1242.4615747757111,1.3010299956639813,3.1012181684803353,1.8001881728163542,1.8001881728163542
BGD,CYP,1003.0,Bangladesh,Cyprus,6.364612669839804,-996.6353873301601,-996.6353873301601,996.6353873301601,3.0017337128090005,0.8671499107476001,-2.1345838020614005,2.1345838020614005
BGD,GEO,26.0,Bangladesh,Georgia,20.869221925145823,-5.130778074854177,-5.130778074854177,5.130778074854177,1.4313637641589874,1.3398333317515447,-0.09153043240744264,0.09153043240744264
BGD,HKG,114.0,Bangladesh,Hong Kong S.A.R.,73.2692687054777,-40.7307312945223,-40.7307312945223,40.7307312945223,2.060697840353612,1.870809147643357,-0.18988869271025455,0.18988869271025455
BGD,IDN,3746.0,Bangladesh,Indonesia,1919.336034215924,-1826.663965784076,-1826.663965784076,1826.663965784076,3.573683693093798,3.2833772313266425,-0.29030646176715563,0.29030646176715563
BGD,IND,19159.0,Bangladesh,India,150209.16215799892,131050.16215799892,131050.16215799892,131050.16215799892,4.282395504742525,5.176699314957438,0.8943038102149123,0.8943038102149123
BGD,IRQ,6486.0,Bangladesh,Iraq,243.76986107750878,-6242.230138922491,-6242.230138922491,6242.230138922491,3.8120438979302267,2.3887579413593856,-1.423285956570841,1.423285956570841
BGD,ISR,236.0,Bangladesh,Israel,45.35897554832832,-190.64102445167168,-190.64102445167168,190.64102445167168,2.374748346010104,1.6661338302548057,-0.7086145157552982,0.7086145157552982
BGD,JOR,1352.0,Bangladesh,Jordan,54.040865495879586,-1297.9591345041204,-1297.9591345041204,1297.9591345041204,3.131297796597623,1.7406852543904148,-1.3906125422072082,1.3906125422072082
BGD,JPN,1362.0,Bangladesh,Japan,676.4623304275536,-685.5376695724464,-685.5376695724464,685.5376695724464,3.1344958558346736,2.8308851517349716,-0.3036107040997021,0.3036107040997021
BGD,KAZ,49.0,Bangladesh,Kazakhstan,190.87058916050785,141.87058916050785,141.87058916050785,141.87058916050785,1.6989700043360187,2.2830084091064977,0.5840384047704787,0.5840384047704787
BGD,KGZ,0.0,Bangladesh,Kyrgyzstan,65.22576887978641,65.22576887978641,65.22576887978641,65.22576887978641,0.0,1.8210270091483562,1.8210270091483562,1.8210270091483562
BGD,KHM,366.0,Bangladesh,Cambodia,253.0745290062685,-112.9254709937315,-112.9254709937315,112.9254709937315,2.5646660642520893,2.4049611291728152,-0.15970493507927402,0.15970493507927402
BGD,KOR,1681.0,Bangladesh,South Korea,317.5210439526645,-1363.4789560473355,-1363.4789560473355,1363.4789560473355,3.2258259914618934,2.5031381304566365,-0.722687861005257,0.722687861005257
BGD,KWT,6672.0,Bangladesh,Kuwait,26.45829149137978,-6645.54170850862,-6645.54170850862,6645.54170850862,3.8243211248507714,1.438673511089018,-2.385647613761753,2.385647613761753
BGD,LAO,71.0,Bangladesh,Laos,5255.259893340542,5184.259893340542,5184.259893340542,5184.259893340542,1.8573324964312685,3.7206768305725055,1.863344334141237,1.863344334141237
BGD,LBN,2176.0,Bangladesh,Lebanon,28.134695740740646,-2147.8653042592596,-2147.8653042592596,2147.8653042592596,3.3378584290410944,1.4644104870286272,-1.873447942012467,1.873447942012467
BGD,LKA,522.0,Bangladesh,Sri Lanka,323.4926117886565,-198.50738821134348,-198.50738821134348,198.50738821134348,2.718501688867274,2.5112048130132893,-0.20729687585398487,0.20729687585398487
BGD,MAC,25.0,Bangladesh,Macao S.A.R,6.970516464793954,-18.029483535206047,-18.029483535206047,18.029483535206047,1.414973347970818,0.9014864632459307,-0.5134868847248871,0.5134868847248871
BGD,MMR,686.0,Bangladesh,Myanmar,49410.47096617976,48724.47096617976,48724.47096617976,48724.47096617976,2.8369567370595505,4.693827782911597,1.856871045852046,1.856871045852046
BGD,MNG,23.0,Bangladesh,Mongolia,29.76518739327288,6.765187393272878,6.765187393272878,6.765187393272878,1.380211241711606,1.4880595647553168,0.10784832304371078,0.10784832304371078
BGD,MYS,18884.0,Bangladesh,Malaysia,321.5207180380354,-18562.479281961965,-18562.479281961965,18562.479281961965,4.276116989163544,2.508557618011879,-1.7675593711516648,1.7675593711516648
BGD,NPL,629.0,Bangladesh,Nepal,40346.07613319988,39717.07613319988,39717.07613319988,39717.07613319988,2.7993405494535817,4.605812067800926,1.806471518347344,1.806471518347344
BGD,OMN,22003.0,Bangladesh,Oman,39.74312003964081,-21963.256879960358,-21963.256879960358,21963.256879960358,4.342501636277729,1.6100542834789606,-2.7324473527987676,2.7324473527987676
BGD,PAK,4995.0,Bangladesh,Pakistan,2743.4672221646865,-2251.5327778353135,-2251.5327778353135,2251.5327778353135,3.6986224297020978,3.4384580482646507,-0.26016438143744736,0.26016438143744736
BGD,PHL,2475.0,Bangladesh,Philippines,927.1681688081642,-1547.8318311918358,-1547.8318311918358,1547.8318311918358,3.39375064034808,2.9676266703661285,-0.4261239699819518,0.4261239699819518
BGD,QAT,27102.0,Bangladesh,Qatar,15.928248578498113,-27086.071751421503,-27086.071751421503,27086.071751421503,4.433017365093436,1.22861202768717,-3.204405337406266,3.204405337406266
BGD,SAU,86824.0,Bangladesh,Saudi Arabia,182.89557409354964,-86641.10442590645,-86641.10442590645,86641.10442590645,4.9386447919828,2.264571276982073,-2.674073515000727,2.674073515000727
BGD,SGP,10279.0,Bangladesh,Singapore,50.08609449233129,-10228.913905507668,-10228.913905507668,10228.913905507668,4.011993114659257,1.70830270234438,-2.303690412314877,2.303690412314877
BGD,SYR,68.0,Bangladesh,Syria,106.46740427838849,38.467404278388486,38.467404278388486,38.467404278388486,1.8388490907372552,2.0312767592409453,0.19242766850369014,0.19242766850369014
BGD,THA,497.0,Bangladesh,Thailand,1133.7111669925641,636.7111669925641,636.7111669925641,636.7111669925641,2.6972293427597176,3.054885328890608,0.3576559861308908,0.3576559861308908
BGD,TJK,2.0,Bangladesh,Tajikistan,91.17020854798892,89.17020854798892,89.17020854798892,89.17020854798892,0.47712125471966244,1.9645905701430262,1.4874693154233638,1.4874693154233638
BGD,TKM,26.0,Bangladesh,Turkmenistan,54.997010543987976,28.997010543987976,28.997010543987976,28.997010543987976,1.4313637641589874,1.7481648423828982,0.3168010782239108,0.3168010782239108
BGD,TLS,76.0,Bangladesh,East Timor,6.708102254600501,-69.2918977453995,-69.2918977453995,69.2918977453995,1.8864907251724818,0.886947467311151,-0.9995432578613309,0.9995432578613309
BGD,TUR,480.0,Bangladesh,Turkey,396.20771329675995,-83.79228670324005,-83.79228670324005,83.79228670324005,2.682145076373832,2.599017673382495,-0.08312740299133672,0.08312740299133672
BGD,TWN,118.0,Bangladesh,Taiwan,206.16811614550915,88.16811614550915,88.16811614550915,88.16811614550915,2.0755469613925306,2.316322916866822,0.24077595547429126,0.24077595547429126
BGD,UZB,72.0,Bangladesh,Uzbekistan,307.7844771609256,235.78447716092558,235.78447716092558,235.78447716092558,1.863322860120456,2.489655459886495,0.6263325997660389,0.6263325997660389
BGD,VNM,5857.0,Bangladesh,Vietnam,1353.907031497219,-4503.092968502781,-4503.092968502781,4503.092968502781,3.76774936734558,3.1319094966178564,-0.6358398707277234,0.6358398707277234
BGD,YEM,230.0,Bangladesh,Yemen,186.2919333389507,-43.70806666104929,-43.70806666104929,43.70806666104929,2.3636119798921444,2.272519072720546,-0.09109290717159828,0.09109290717159828
BHR,AFG,19.0,Bahrain,Afghanistan,14.53805063020545,-4.461949369794549,-4.461949369794549,4.461949369794549,1.3010299956639813,1.191396532248096,-0.10963346341588533,0.10963346341588533
BHR,ARE,1164.0,Bahrain,United Arab Emirates,387.0225207935839,-776.9774792064161,-776.9774792064161,776.9774792064161,3.0663259253620376,2.5888569327399336,-0.47746899262210407,0.47746899262210407
BHR,ARM,1.0,Bahrain,Armenia,6.894379829284396,5.894379829284396,5.894379829284396,5.894379829284396,0.3010299956639812,0.8973180181570181,0.5962880224930369,0.5962880224930369
BHR,AZE,33.0,Bahrain,Azerbaijan,32.6647718182051,-0.33522818179490343,-0.33522818179490343,0.33522818179490343,1.5314789170422551,1.5271756751405083,-0.004303241901746822,0.004303241901746822
BHR,BGD,11333.0,Bahrain,Bangladesh,2.778026364195273,-11330.221973635806,-11330.221973635806,11330.221973635806,4.054383208305477,0.5772649842328705,-3.4771182240726066,3.4771182240726066
BHR,BRN,22.0,Bahrain,Brunei,0.004176312409279699,-21.995823687590722,-21.995823687590722,21.995823687590722,1.3617278360175928,0.0018099725538893027,-1.3599178634637037,1.3599178634637037
BHR,BTN,12.0,Bahrain,Bhutan,0.013879841648508058,-11.986120158351492,-11.986120158351492,11.986120158351492,1.1139433523068367,0.005986488329522664,-1.107956863977314,1.107956863977314
BHR,CYP,60.0,Bahrain,Cyprus,0.5279806624920399,-59.47201933750796,-59.47201933750796,59.47201933750796,1.7853298350107671,0.1841178580183736,-1.6012119769923934,1.6012119769923934
BHR,GEO,21.0,Bahrain,Georgia,1.5155726160735619,-19.484427383926437,-19.484427383926437,19.484427383926437,1.3424226808222062,0.4006368584555897,-0.9417858223666165,0.9417858223666165
BHR,HKG,40.0,Bahrain,Hong Kong S.A.R.,0.08964295156308794,-39.910357048436914,-39.910357048436914,39.910357048436914,1.6127838567197355,0.03728421393287007,-1.5754996427868655,1.5754996427868655
BHR,IDN,834.0,Bahrain,Indonesia,2.940264535214125,-831.0597354647858,-831.0597354647858,831.0597354647858,2.921686475483602,0.5955253797766286,-2.3261610957069734,2.3261610957069734
BHR,IND,21443.0,Bahrain,India,90.24015859572663,-21352.759841404273,-21352.759841404273,21352.759841404273,4.331305798553269,1.9601860315058501,-2.371119767047419,2.371119767047419
BHR,IRQ,168.0,Bahrain,Iraq,645.2443322929967,477.24433229299666,477.24433229299666,477.24433229299666,2.2278867046136734,2.810396747259182,0.5825100426455087,0.5825100426455087
BHR,ISR,26.0,Bahrain,Israel,4.013634375048075,-21.986365624951926,-21.986365624951926,21.986365624951926,1.4313637641589874,0.7001526593611573,-0.73121110479783,0.73121110479783
BHR,JOR,448.0,Bahrain,Jordan,40.791960682005865,-407.2080393179941,-407.2080393179941,407.2080393179941,2.6522463410033232,1.6210927466736833,-1.0311535943296397,1.0311535943296397
BHR,JPN,99.0,Bahrain,Japan,1.0415804550280976,-97.9584195449719,-97.9584195449719,97.9584195449719,2.0,0.3099664993637186,-1.6900335006362814,1.6900335006362814
BHR,KAZ,10.0,Bahrain,Kazakhstan,0.37392208946142885,-9.626077910538571,-9.626077910538571,9.626077910538571,1.0413926851582251,0.1379621060304224,-0.9034305791278027,0.9034305791278027
BHR,KGZ,17.0,Bahrain,Kyrgyzstan,0.131034667761039,-16.86896533223896,-16.86896533223896,16.86896533223896,1.255272505103306,0.05347591684992307,-1.201796588253383,1.201796588253383
BHR,KHM,29.0,Bahrain,Cambodia,0.22932499045054291,-28.770675009549457,-28.770675009549457,28.770675009549457,1.4771212547196624,0.08966671030814372,-1.3874545444115187,1.3874545444115187
BHR,KOR,49.0,Bahrain,South Korea,0.489911131880081,-48.51008886811992,-48.51008886811992,48.51008886811992,1.6989700043360187,0.17316036499945314,-1.5258096393365657,1.5258096393365657
BHR,KWT,217.0,Bahrain,Kuwait,250.2133046701964,33.21330467019641,33.21330467019641,33.21330467019641,2.3384564936046046,2.40004263662502,0.06158614302041475,0.06158614302041475
BHR,LAO,31.0,Bahrain,Laos,0.10203253050791795,-30.89796746949208,-30.89796746949208,30.89796746949208,1.505149978319906,0.04219441448996149,-1.4629555638299445,1.4629555638299445
BHR,LBN,83.0,Bahrain,Lebanon,2.3922441204480003,-80.607755879552,-80.607755879552,80.607755879552,1.9242792860618816,0.5304870984044173,-1.3937921876574644,1.3937921876574644
BHR,LKA,590.0,Bahrain,Sri Lanka,0.39974267323590085,-589.6002573267641,-589.6002573267641,589.6002573267641,2.7715874808812555,0.1460482029171223,-2.625539277964133,2.625539277964133
BHR,MAC,9.0,Bahrain,Macao S.A.R,0.008214036409665438,-8.991785963590335,-8.991785963590335,8.991785963590335,1.0,0.00355273941519393,-0.996447260584806,0.996447260584806
BHR,MMR,43.0,Bahrain,Myanmar,0.8005198178343015,-42.1994801821657,-42.1994801821657,42.1994801821657,1.6434526764861874,0.2553979058954263,-1.388054770590761,1.388054770590761
BHR,MNG,4.0,Bahrain,Mongolia,0.04603143446273742,-3.9539685655372625,-3.9539685655372625,3.9539685655372625,0.6989700043360189,0.019544735782287923,-0.6794252685537309,0.6794252685537309
BHR,MYS,102.0,Bahrain,Malaysia,0.45425586362529646,-101.54574413637471,-101.54574413637471,101.54574413637471,2.012837224705172,0.16264082356889353,-1.8501964011362786,1.8501964011362786
BHR,NPL,2052.0,Bahrain,Nepal,0.5424164395220546,-2051.457583560478,-2051.457583560478,2051.457583560478,3.312388949370592,0.1882016454200531,-3.1241873039505386,3.1241873039505386
BHR,OMN,292.0,Bahrain,Oman,135.84353436451536,-156.15646563548464,-156.15646563548464,156.15646563548464,2.4668676203541096,2.1362242825196285,-0.33064333783448085,0.33064333783448085
BHR,PAK,4645.0,Bahrain,Pakistan,238.38715713990857,-4406.612842860091,-4406.612842860091,4406.612842860091,3.6670792054642165,2.379100847269713,-1.2879783581945037,1.2879783581945037
BHR,PHL,5921.0,Bahrain,Philippines,1.0065784626805208,-5919.99342153732,-5919.99342153732,5919.99342153732,3.7724684030532805,0.3024561464984379,-3.4700122565548424,3.4700122565548424
BHR,QAT,387.0,Bahrain,Qatar,33687.40042043161,33300.40042043161,33300.40042043161,33300.40042043161,2.5888317255942073,4.527480390468442,1.938648664874235,1.938648664874235
BHR,SAU,1130.0,Bahrain,Saudi Arabia,16794.413140703797,15664.413140703797,15664.413140703797,15664.413140703797,3.053462604925455,4.2251906912691455,1.17172808634369,1.17172808634369
BHR,SGP,10.0,Bahrain,Singapore,0.06812444029406829,-9.931875559705931,-9.931875559705931,9.931875559705931,1.0413926851582251,0.02862185249101566,-1.0127708326672094,1.0127708326672094
BHR,SYR,127.0,Bahrain,Syria,57.21940955424666,-69.78059044575335,-69.78059044575335,69.78059044575335,2.1072099696478683,1.7650677966261028,-0.3421421730217656,0.3421421730217656
BHR,THA,630.0,Bahrain,Thailand,1.0218605533068688,-628.9781394466931,-628.9781394466931,628.9781394466931,2.8000293592441343,0.30575119921852,-2.494278160025614,2.494278160025614
BHR,TJK,18.0,Bahrain,Tajikistan,3.275292543969705,-14.724707456030295,-14.724707456030295,14.724707456030295,1.2787536009528289,0.6309658373998281,-0.6477877635530008,0.6477877635530008
BHR,TKM,4.0,Bahrain,Turkmenistan,29.637516544627758,25.637516544627758,25.637516544627758,25.637516544627758,0.6989700043360189,1.486253558784446,0.7872835544484272,0.7872835544484272
BHR,TLS,12.0,Bahrain,East Timor,0.010609426263915527,-11.989390573736085,-11.989390573736085,11.989390573736085,1.1139433523068367,0.00458334471886664,-1.1093600075879702,1.1093600075879702
BHR,TUR,206.0,Bahrain,Turkey,20.59381517518232,-185.40618482481767,-185.40618482481767,185.40618482481767,2.315970345456918,1.3343293798585447,-0.981640965598373,0.981640965598373
BHR,TWN,14.0,Bahrain,Taiwan,0.27987009942202,-13.72012990057798,-13.72012990057798,13.72012990057798,1.1760912590556813,0.10716589311111448,-1.0689253659445668,1.0689253659445668
BHR,UZB,21.0,Bahrain,Uzbekistan,10.336817848301548,-10.663182151698452,-10.663182151698452,10.663182151698452,1.3424226808222062,1.0544911687666034,-0.2879315120556029,0.2879315120556029
BHR,VNM,35.0,Bahrain,Vietnam,1.2443172680618577,-33.755682731938144,-33.755682731938144,33.755682731938144,1.5563025007672873,0.3510842509927251,-1.205218249774562,1.205218249774562
BHR,YEM,281.0,Bahrain,Yemen,224.75764822234478,-56.242351777655216,-56.242351777655216,56.242351777655216,2.450249108319361,2.3536424722723464,-0.09660663604701468,0.09660663604701468
BRN,AFG,12.0,Brunei,Afghanistan,0.024862588820689698,-11.975137411179311,-11.975137411179311,11.975137411179311,1.1139433523068367,0.010665640106487028,-1.1032777122003496,1.1032777122003496
BRN,ARE,75.0,Brunei,United Arab Emirates,0.005744269808951283,-74.99425573019104,-74.99425573019104,74.99425573019104,1.8808135922807914,0.0024875668734834168,-1.878326025407308,1.878326025407308
BRN,ARM,20.0,Brunei,Armenia,0.0016058450976247658,-19.998394154902375,-19.998394154902375,19.998394154902375,1.3222192947339193,0.0006968502975022898,-1.321522444436417,1.321522444436417
BRN,AZE,8.0,Brunei,Azerbaijan,0.005922280920947615,-7.994077719079052,-7.994077719079052,7.994077719079052,0.9542425094393249,0.002564427766588348,-0.9516780816727365,0.9516780816727365
BRN,BGD,1444.0,Brunei,Bangladesh,1.3254271673411022,-1442.674572832659,-1442.674572832659,1442.674572832659,3.1598678470925665,0.36650274190507254,-2.793365105187494,2.793365105187494
BRN,BHR,15.0,Brunei,Bahrain,0.0008836513851381218,-14.999116348614862,-14.999116348614862,14.999116348614862,1.2041199826559248,0.00038359546310997883,-1.2037363871928148,1.2037363871928148
BRN,BTN,18.0,Brunei,Bhutan,0.004957381433176176,-17.995042618566824,-17.995042618566824,17.995042618566824,1.2787536009528289,0.002147644442218402,-1.2766059565106105,1.2766059565106105
BRN,CYP,7.0,Brunei,Cyprus,0.0006850404885360679,-6.999314959511464,-6.999314959511464,6.999314959511464,0.9030899869919435,0.00029740744760658967,-0.902792579544337,0.902792579544337
BRN,GEO,21.0,Brunei,Georgia,0.0020128475858438295,-20.997987152414158,-20.997987152414158,20.997987152414158,1.3424226808222062,0.0008732899941682192,-1.341549390828038,1.341549390828038
BRN,HKG,24.0,Brunei,Hong Kong S.A.R.,0.09498776506535213,-23.90501223493465,-23.90501223493465,23.90501223493465,1.3979400086720377,0.039409266578612316,-1.3585307420934254,1.3585307420934254
BRN,IDN,4688.0,Brunei,Indonesia,9.32417897740557,-4678.675821022594,-4678.675821022594,4678.675821022594,3.6710802327388494,1.013855524758491,-2.657224707980358,2.657224707980358
BRN,IND,599.0,Brunei,India,2.4959087380404537,-596.5040912619595,-596.5040912619595,596.5040912619595,2.7781512503836434,0.5435600866961264,-2.2345911636875173,2.2345911636875173
BRN,IRQ,11.0,Brunei,Iraq,0.023441924399856692,-10.976558075600144,-10.976558075600144,10.976558075600144,1.0791812460476249,0.010063203492637398,-1.0691180425549873,1.0691180425549873
BRN,ISR,3.0,Brunei,Israel,0.004882109309867002,-2.995117890690133,-2.995117890690133,2.995117890690133,0.6020599913279624,0.00211511421484432,-0.5999448771131181,0.5999448771131181
BRN,JOR,7.0,Brunei,Jordan,0.005816564623898954,-6.994183435376101,-6.994183435376101,6.994183435376101,0.9030899869919435,0.0025187836666104775,-0.9005712033253331,0.9005712033253331
BRN,JPN,33.0,Brunei,Japan,0.5727807009483559,-32.42721929905164,-32.42721929905164,32.42721929905164,1.5314789170422551,0.19666817144237253,-1.3348107455998826,1.3348107455998826
BRN,KAZ,24.0,Brunei,Kazakhstan,0.01265207259124025,-23.98734792740876,-23.98734792740876,23.98734792740876,1.3979400086720377,0.005460255914316096,-1.3924797527577215,1.3924797527577215
BRN,KGZ,11.0,Brunei,Kyrgyzstan,0.004214509340663567,-10.995785490659337,-10.995785490659337,10.995785490659337,1.0791812460476249,0.0018264919647011774,-1.0773547540829236,1.0773547540829236
BRN,KHM,5.0,Brunei,Cambodia,1.6350385912934258,-3.3649614087065745,-3.3649614087065745,3.3649614087065745,0.7781512503836436,0.42078698002790316,-0.3573642703557405,0.3573642703557405
BRN,KOR,24.0,Brunei,South Korea,0.31325137637090494,-23.686748623629096,-23.686748623629096,23.686748623629096,1.3979400086720377,0.11834786464360289,-1.2795921440284348,1.2795921440284348
BRN,KWT,25.0,Brunei,Kuwait,0.0026216439586422557,-24.99737835604136,-24.99737835604136,24.99737835604136,1.414973347970818,0.001137075651406699,-1.4138362723194113,1.4138362723194113
BRN,LAO,7.0,Brunei,Laos,0.09228545591282945,-6.90771454408717,-6.90771454408717,6.90771454408717,0.9030899869919435,0.03833615093928347,-0.8647538360526601,0.8647538360526601
BRN,LBN,18.0,Brunei,Lebanon,0.0030282134538024775,-17.996971786546197,-17.996971786546197,17.996971786546197,1.2787536009528289,0.001313149147011418,-1.2774404518058176,1.2774404518058176
BRN,LKA,18.0,Brunei,Sri Lanka,0.12288998508253546,-17.877110014917463,-17.877110014917463,17.877110014917463,1.2787536009528289,0.05033720843236775,-1.2284163925204612,1.2284163925204612
BRN,MAC,18.0,Brunei,Macao S.A.R,0.008790403225431714,-17.991209596774567,-17.991209596774567,17.991209596774567,1.2787536009528289,0.003800942076064501,-1.2749526588767646,1.2749526588767646
BRN,MMR,24.0,Brunei,Myanmar,0.5638612826301204,-23.43613871736988,-23.43613871736988,23.43613871736988,1.3979400086720377,0.19419822771354214,-1.2037417809584954,1.2037417809584954
BRN,MNG,14.0,Brunei,Mongolia,0.002611394681577315,-13.997388605318422,-13.997388605318422,13.997388605318422,1.1760912590556813,0.0011326360632022158,-1.174958622992479,1.174958622992479
BRN,MYS,950.0,Brunei,Malaysia,2.678920556288881,-947.3210794437111,-947.3210794437111,947.3210794437111,2.978180516937414,0.5657204096474138,-2.4124601072900003,2.4124601072900003
BRN,NPL,113.0,Brunei,Nepal,0.1541844698700306,-112.84581553012997,-112.84581553012997,112.84581553012997,2.0569048513364727,0.06227522636224271,-1.99462962497423,1.99462962497423
BRN,OMN,13.0,Brunei,Oman,0.0027508161604990738,-12.9972491838395,-12.9972491838395,12.9972491838395,1.146128035678238,0.0011930241354663259,-1.1449350115427717,1.1449350115427717
BRN,PAK,27.0,Brunei,Pakistan,0.1686251254266589,-26.831374874573342,-26.831374874573342,26.831374874573342,1.4471580313422192,0.06767521940095625,-1.379482811941263,1.379482811941263
BRN,PHL,2036.0,Brunei,Philippines,26.499930277308064,-2009.500069722692,-2009.500069722692,2009.500069722692,3.3089910290001643,1.4393315927313988,-1.8696594362687653,1.8696594362687653
BRN,QAT,32.0,Brunei,Qatar,0.001566541853366453,-31.998433458146632,-31.998433458146632,31.998433458146632,1.5185139398778875,0.0006798081475448113,-1.5178341317303428,1.5178341317303428
BRN,SAU,36.0,Brunei,Saudi Arabia,0.018006447970504207,-35.98199355202949,-35.98199355202949,35.98199355202949,1.568201724066995,0.007750528795573873,-1.560451195271421,1.560451195271421
BRN,SGP,154.0,Brunei,Singapore,0.6034415487602278,-153.39655845123977,-153.39655845123977,153.39655845123977,2.1903316981702914,0.2050531329494756,-1.9852785652208158,1.9852785652208158
BRN,SYR,34.0,Brunei,Syria,0.011459374894194472,-33.988540625105806,-33.988540625105806,33.988540625105806,1.5440680443502757,0.004948444087947867,-1.5391196002623277,1.5391196002623277
BRN,THA,114.0,Brunei,Thailand,1.0552042933689085,-112.9447957066311,-112.9447957066311,112.9447957066311,2.060697840353612,0.3128549985103714,-1.7478428418432403,1.7478428418432403
BRN,TJK,3.0,Brunei,Tajikistan,0.0060860070238319686,-2.993913992976168,-2.993913992976168,2.993913992976168,0.6020599913279624,0.0026351087310845724,-0.5994248825968779,0.5994248825968779
BRN,TKM,30.0,Brunei,Turkmenistan,0.00416516578328067,-29.99583483421672,-29.99583483421672,29.99583483421672,1.4913616938342726,0.0018051517420743157,-1.4895565420921983,1.4895565420921983
BRN,TLS,34.0,Brunei,East Timor,0.017352886673589942,-33.98264711332641,-33.98264711332641,33.98264711332641,1.5440680443502757,0.007471621705548586,-1.536596422644727,1.536596422644727
BRN,TUR,8.0,Brunei,Turkey,0.04264490858410748,-7.957355091415892,-7.957355091415892,7.957355091415892,0.9542425094393249,0.018136426835231503,-0.9361060826040933,0.9361060826040933
BRN,TWN,54.0,Brunei,Taiwan,0.27929196525539374,-53.720708034744604,-53.720708034744604,53.720708034744604,1.7403626894942439,0.10696967225734187,-1.633393017236902,1.633393017236902
BRN,UZB,21.0,Brunei,Uzbekistan,0.020630904922917383,-20.979369095077082,-20.979369095077082,20.979369095077082,1.3424226808222062,0.008868714725466586,-1.3335539660967397,1.3335539660967397
BRN,VNM,121.0,Brunei,Vietnam,10914.759688247683,10793.759688247683,10793.759688247683,10793.759688247683,2.0863598306747484,4.03805396605825,1.9516941353835013,1.9516941353835013
BRN,YEM,10.0,Brunei,Yemen,0.020707680953919547,-9.979292319046081,-9.979292319046081,9.979292319046081,1.0413926851582251,0.00890138290393835,-1.0324913022542868,1.0324913022542868
BTN,AFG,28.0,Bhutan,Afghanistan,0.07026931459033513,-27.929730685409666,-27.929730685409666,27.929730685409666,1.462397997898956,0.029493074062351077,-1.432904923836605,1.432904923836605
BTN,ARE,209.0,Bhutan,United Arab Emirates,0.010135116413681889,-208.9898648835863,-208.9898648835863,208.9898648835863,2.322219294733919,0.004379469216445285,-2.317839825517474,2.317839825517474
BTN,ARM,17.0,Bhutan,Armenia,0.002109607259153923,-16.997890392740846,-16.997890392740846,16.997890392740846,1.255272505103306,0.0009152257472659536,-1.2543572793560402,1.2543572793560402
BTN,AZE,23.0,Bhutan,Azerbaijan,0.00916408702965631,-22.990835912970343,-22.990835912970343,22.990835912970343,1.380211241711606,0.003961786948225968,-1.3762494547633801,1.3762494547633801
BTN,BGD,44.0,Bhutan,Bangladesh,7252.238617445916,7208.238617445916,7208.238617445916,7208.238617445916,1.6532125137753437,3.8605319651406944,2.207319451365351,2.207319451365351
BTN,BHR,48.0,Bhutan,Bahrain,0.0013640451995079975,-47.99863595480049,-47.99863595480049,47.99863595480049,1.6901960800285136,0.0005919936418973029,-1.6896040863866164,1.6896040863866164
BTN,BRN,0.0,Bhutan,Brunei,0.00041079041982537077,0.00041079041982537077,0.00041079041982537077,0.00041079041982537077,0.0,0.00017836737925134246,0.00017836737925134246,0.00017836737925134246
BTN,CYP,22.0,Bhutan,Cyprus,0.0007836362558158627,-21.999216363744186,-21.999216363744186,21.999216363744186,1.3617278360175928,0.00034019562430977305,-1.3613876403932832,1.3613876403932832
BTN,GEO,14.0,Bhutan,Georgia,0.002651241286450644,-13.99734875871355,-13.99734875871355,13.99734875871355,1.1760912590556813,0.0011498958079467652,-1.1749413632477346,1.1749413632477346
BTN,HKG,21.0,Bhutan,Hong Kong S.A.R.,0.009254545051742108,-20.990745454948257,-20.990745454948257,20.990745454948257,1.3424226808222062,0.004000713877692041,-1.338421966944514,1.338421966944514
BTN,IDN,17.0,Bhutan,Indonesia,0.223634716991846,-16.776365283008154,-16.776365283008154,16.776365283008154,1.255272505103306,0.08765179030029785,-1.1676207148030082,1.1676207148030082
BTN,IND,5557.0,Bhutan,India,25.07537123827658,-5531.924628761723,-5531.924628761723,5531.924628761723,3.744918542441353,1.4162305002466906,-2.3286880421946625,2.3286880421946625
BTN,IRQ,21.0,Bhutan,Iraq,0.02984662719470532,-20.970153372805296,-20.970153372805296,20.970153372805296,1.3424226808222062,0.012772550993783013,-1.3296501298284231,1.3296501298284231
BTN,ISR,14.0,Bhutan,Israel,0.005584784703113362,-13.994415215296886,-13.994415215296886,13.994415215296886,1.1760912590556813,0.002418693506988793,-1.1736725655486924,1.1736725655486924
BTN,JOR,17.0,Bhutan,Jordan,0.00665376516846702,-16.993346234831535,-16.993346234831535,16.993346234831535,1.255272505103306,0.002880122258632711,-1.2523923828446735,1.2523923828446735
BTN,JPN,70.0,Bhutan,Japan,0.08321617298489084,-69.91678382701511,-69.91678382701511,69.91678382701511,1.8512583487190752,0.034715135633590265,-1.816543213085485,1.816543213085485
BTN,KAZ,6.0,Bhutan,Kazakhstan,0.03619767504963669,-5.963802324950363,-5.963802324950363,5.963802324950363,0.8450980400142568,0.015442613511567324,-0.8296554265026895,0.8296554265026895
BTN,KGZ,16.0,Bhutan,Kyrgyzstan,0.011799673111297386,-15.988200326888702,-15.988200326888702,15.988200326888702,1.2304489213782739,0.00509453476222771,-1.2253543866160461,1.2253543866160461
BTN,KHM,12.0,Bhutan,Cambodia,0.022386996413298936,-11.9776130035867,-11.9776130035867,11.9776130035867,1.1139433523068367,0.009615317123144219,-1.1043280351836926,1.1043280351836926
BTN,KOR,15.0,Bhutan,South Korea,0.04834200782421348,-14.951657992175786,-14.951657992175786,14.951657992175786,1.2041199826559248,0.020502988639942925,-1.1836169940159817,1.1836169940159817
BTN,KWT,450.0,Bhutan,Kuwait,0.004012900652923532,-449.9959870993471,-449.9959870993471,449.9959870993471,2.6541765418779604,0.0017392931340829746,-2.6524372487438774,2.6524372487438774
BTN,LAO,2.0,Bhutan,Laos,0.015087525544753596,-1.9849124744552464,-1.9849124744552464,1.9849124744552464,0.47712125471966244,0.006503490744094428,-0.47061776397556804,0.47061776397556804
BTN,LBN,19.0,Bhutan,Lebanon,0.003464067560546745,-18.996535932439453,-18.996535932439453,18.996535932439453,1.3010299956639813,0.0015018257128195831,-1.2995281699511616,1.2995281699511616
BTN,LKA,17.0,Bhutan,Sri Lanka,0.02777884085791187,-16.972221159142087,-16.972221159142087,16.972221159142087,1.255272505103306,0.011899672511207772,-1.2433728325920983,1.2433728325920983
BTN,MAC,4.0,Bhutan,Macao S.A.R,0.0008664200704029328,-3.9991335799295973,-3.9991335799295973,3.9991335799295973,0.6989700043360189,0.00037611854077858526,-0.6985938857952403,0.6985938857952403
BTN,MMR,21.0,Bhutan,Myanmar,0.1125773414282095,-20.88742265857179,-20.88742265857179,20.88742265857179,1.3424226808222062,0.046330210923072046,-1.2960924698991343,1.2960924698991343
BTN,MNG,4.0,Bhutan,Mongolia,0.0037930804506278613,-3.996206919549372,-3.996206919549372,3.996206919549372,0.6989700043360189,0.0016441975898443787,-0.6973258067461744,0.6973258067461744
BTN,MYS,39.0,Bhutan,Malaysia,0.03791201751748723,-38.962087982482515,-38.962087982482515,38.962087982482515,1.6020599913279623,0.01616054048148214,-1.5858994508464803,1.5858994508464803
BTN,NPL,139.0,Bhutan,Nepal,4.963241705772273,-134.03675829422772,-134.03675829422772,134.03675829422772,2.146128035678238,0.7754824127929519,-1.3706456228852861,1.3706456228852861
BTN,OMN,21.0,Bhutan,Oman,0.004984476829181146,-20.995015523170817,-20.995015523170817,20.995015523170817,1.3424226808222062,0.0021593536177074734,-1.3402633272044988,1.3402633272044988
BTN,PAK,23.0,Bhutan,Pakistan,0.3631922769732033,-22.636807723026795,-22.636807723026795,22.636807723026795,1.380211241711606,0.13455711697850628,-1.2456541247330997,1.2456541247330997
BTN,PHL,2.0,Bhutan,Philippines,0.11250512911636672,-1.8874948708836332,-1.8874948708836332,1.8874948708836332,0.47712125471966244,0.04630202193773339,-0.430819232781929,0.430819232781929
BTN,QAT,144.0,Bhutan,Qatar,0.002418749934136673,-143.99758125006585,-143.99758125006585,143.99758125006585,2.161368002234975,0.0010491814066592399,-2.1603188208283157,2.1603188208283157
BTN,SAU,0.0,Bhutan,Saudi Arabia,0.022499212516859775,0.022499212516859775,0.022499212516859775,0.022499212516859775,0.0,0.00966298220533138,0.00966298220533138,0.00966298220533138
BTN,SGP,15.0,Bhutan,Singapore,0.0059575087022818,-14.994042491297717,-14.994042491297717,14.994042491297717,1.2041199826559248,0.0025796366584154152,-1.2015403459975094,1.2015403459975094
BTN,SYR,6.0,Bhutan,Syria,0.013108828322236846,-5.9868911716777635,-5.9868911716777635,5.9868911716777635,0.8450980400142568,0.005656099853076725,-0.8394419401611801,0.8394419401611801
BTN,THA,54.0,Bhutan,Thailand,0.1394654223062602,-53.86053457769374,-53.86053457769374,53.86053457769374,1.7403626894942439,0.05670115081570648,-1.6836615386785374,1.6836615386785374
BTN,TJK,10.0,Bhutan,Tajikistan,0.01327099836396824,-9.986729001636032,-9.986729001636032,9.986729001636032,1.0413926851582251,0.005725612541149113,-1.035667072617076,1.035667072617076
BTN,TKM,10.0,Bhutan,Turkmenistan,0.007667800590967892,-9.992332199409033,-9.992332199409033,9.992332199409033,1.0413926851582251,0.003317381168167711,-1.0380753039900572,1.0380753039900572
BTN,TLS,24.0,Bhutan,East Timor,0.0007992302641874258,-23.99920076973581,-23.99920076973581,23.99920076973581,1.3979400086720377,0.0003469626604390281,-1.3975930460115986,1.3975930460115986
BTN,TUR,4.0,Bhutan,Turkey,0.0487401709224698,-3.95125982907753,-3.95125982907753,3.95125982907753,0.6989700043360189,0.020667903530070347,-0.6783021008059484,0.6783021008059484
BTN,TWN,21.0,Bhutan,Taiwan,0.02522972704278398,-20.974770272957215,-20.974770272957215,20.974770272957215,1.3424226808222062,0.010821190277981297,-1.331601490544225,1.331601490544225
BTN,UZB,17.0,Bhutan,Uzbekistan,0.04400556819787421,-16.955994431802125,-16.955994431802125,16.955994431802125,1.255272505103306,0.018702814979616966,-1.2365696901236891,1.2365696901236891
BTN,VNM,41.0,Bhutan,Vietnam,0.1167104914511851,-40.88328950854881,-40.88328950854881,40.88328950854881,1.6232492903979006,0.047940596336837296,-1.5753086940610632,1.5753086940610632
BTN,YEM,26.0,Bhutan,Yemen,0.022917021470546067,-25.977082978529452,-25.977082978529452,25.977082978529452,1.4313637641589874,0.009840405384618174,-1.4215233587743692,1.4215233587743692
CYP,AFG,13.0,Cyprus,Afghanistan,2.1004223559030395,-10.899577644096961,-10.899577644096961,10.899577644096961,1.146128035678238,0.49142085975163907,-0.654707175926599,0.654707175926599
CYP,ARE,122.0,Cyprus,United Arab Emirates,1.076386453928135,-120.92361354607186,-120.92361354607186,120.92361354607186,2.089905111439398,0.31730818693602936,-1.7725969245033686,1.7725969245033686
CYP,ARM,7.0,Cyprus,Armenia,0.6299086902569734,-6.370091309743026,-6.370091309743026,6.370091309743026,0.9030899869919435,0.21216327530684573,-0.6909267116850979,0.6909267116850979
CYP,AZE,40.0,Cyprus,Azerbaijan,1.8303385423472998,-38.1696614576527,-38.1696614576527,38.1696614576527,1.6127838567197355,0.4518383854465072,-1.1609454712732283,1.1609454712732283
CYP,BGD,222.0,Cyprus,Bangladesh,0.2380983331851433,-221.76190166681485,-221.76190166681485,221.76190166681485,2.3483048630481607,0.09275513891976489,-2.2555497241283957,2.2555497241283957
CYP,BHR,19.0,Cyprus,Bahrain,0.1903504926297785,-18.80964950737022,-18.80964950737022,18.80964950737022,1.3010299956639813,0.07567485601698372,-1.2253551396469975,1.2253551396469975
CYP,BRN,19.0,Cyprus,Brunei,0.00032514171407519143,-18.999674858285925,-18.999674858285925,18.999674858285925,1.3010299956639813,0.00014118430105023138,-1.3008888113629309,1.3008888113629309
CYP,BTN,14.0,Cyprus,Bhutan,0.0011905465253914354,-13.998809453474609,-13.998809453474609,13.998809453474609,1.1760912590556813,0.0005167402457738859,-1.1755745188099074,1.1755745188099074
CYP,GEO,136.0,Cyprus,Georgia,0.7607307368709765,-135.23926926312902,-135.23926926312902,135.23926926312902,2.1367205671564067,0.24569294572749423,-1.8910276214289126,1.8910276214289126
CYP,HKG,23.0,Cyprus,Hong Kong S.A.R.,0.008412641444064303,-22.991587358555936,-22.991587358555936,22.991587358555936,1.380211241711606,0.0036382813469195622,-1.3765729603646866,1.3765729603646866
CYP,IDN,60.0,Cyprus,Indonesia,0.21957487187875563,-59.780425128121244,-59.780425128121244,59.780425128121244,1.7853298350107671,0.08620846758181303,-1.699121367428954,1.699121367428954
CYP,IND,516.0,Cyprus,India,7.1702888853778095,-508.82971111462217,-508.82971111462217,508.82971111462217,2.7134905430939424,0.9122374126043159,-1.8012531304896267,1.8012531304896267
CYP,IRQ,121.0,Cyprus,Iraq,12.172516346825613,-108.82748365317438,-108.82748365317438,108.82748365317438,2.0863598306747484,1.1196687461958037,-0.9666910844789445,0.9666910844789445
CYP,ISR,151.0,Cyprus,Israel,57.456626300683304,-93.5433736993167,-93.5433736993167,93.5433736993167,2.1818435879447726,1.7668337473663396,-0.41500984057843304,0.41500984057843304
CYP,JOR,122.0,Cyprus,Jordan,39.549252304564256,-82.45074769543575,-82.45074769543575,82.45074769543575,2.089905111439398,1.6079828505818072,-0.4819222608575907,0.4819222608575907
CYP,JPN,34.0,Cyprus,Japan,0.08747458816241444,-33.912525411837585,-33.912525411837585,33.912525411837585,1.5440680443502757,0.036419117259058116,-1.5076489270912175,1.5076489270912175
CYP,KAZ,31.0,Cyprus,Kazakhstan,0.3311954103642033,-30.668804589635798,-30.668804589635798,30.668804589635798,1.505149978319906,0.12424181160820474,-1.3809081667117011,1.3809081667117011
CYP,KGZ,21.0,Cyprus,Kyrgyzstan,0.119522372471517,-20.88047762752848,-20.88047762752848,20.88047762752848,1.3424226808222062,0.04903277691803376,-1.2933899039041725,1.2933899039041725
CYP,KHM,23.0,Cyprus,Cambodia,0.019259298691880433,-22.980740701308118,-22.980740701308118,22.980740701308118,1.380211241711606,0.008284682206266027,-1.37192655950534,1.37192655950534
CYP,KOR,13.0,Cyprus,South Korea,0.05143345289015109,-12.948566547109849,-12.948566547109849,12.948566547109849,1.146128035678238,0.021781790615136708,-1.1243462450631012,1.1243462450631012
CYP,KWT,43.0,Cyprus,Kuwait,0.8707120846282993,-42.1292879153717,-42.1292879153717,42.1292879153717,1.6434526764861874,0.27200695175498013,-1.3714457247312073,1.3714457247312073
CYP,LAO,3.0,Cyprus,Laos,0.00908019202372213,-2.9909198079762778,-2.9909198079762778,2.9909198079762778,0.6020599913279624,0.003925681171997048,-0.5981343101559653,0.5981343101559653
CYP,LBN,69.0,Cyprus,Lebanon,4119.378339479992,4050.378339479992,4050.378339479992,4050.378339479992,1.845098040014257,3.614937095451723,1.769839055437466,1.769839055437466
CYP,LKA,345.0,Cyprus,Sri Lanka,0.028753948770723157,-344.9712460512293,-344.9712460512293,344.9712460512293,2.5390760987927767,0.012311515220126067,-2.5267645835726507,2.5267645835726507
CYP,MAC,16.0,Cyprus,Macao S.A.R,0.000770994974968026,-15.999229005025033,-15.999229005025033,15.999229005025033,1.2304489213782739,0.00033470984997142846,-1.2301142115283026,1.2301142115283026
CYP,MMR,28.0,Cyprus,Myanmar,0.0670331994546695,-27.93296680054533,-27.93296680054533,27.93296680054533,1.462397997898956,0.02817793218516175,-1.4342200657137942,1.4342200657137942
CYP,MNG,29.0,Cyprus,Mongolia,0.004330527302301631,-28.9956694726977,-28.9956694726977,28.9956694726977,1.4771212547196624,0.0018766635662115724,-1.4752445911534509,1.4752445911534509
CYP,MYS,4.0,Cyprus,Malaysia,0.03501394009778681,-3.964986059902213,-3.964986059902213,3.964986059902213,0.6989700043360189,0.014946199132816708,-0.6840238052032022,0.6840238052032022
CYP,NPL,574.0,Cyprus,Nepal,0.045553518627070404,-573.9544464813729,-573.9544464813729,573.9544464813729,2.7596678446896306,0.019346267904088704,-2.740321576785542,2.740321576785542
CYP,OMN,16.0,Cyprus,Oman,0.36839592056559356,-15.631604079434407,-15.631604079434407,15.631604079434407,1.2304489213782739,0.13621177080497696,-1.0942371505732968,1.0942371505732968
CYP,PAK,532.0,Cyprus,Pakistan,6.915287377047289,-525.0847126229527,-525.0847126229527,525.0847126229527,2.7267272090265724,0.8984666872337748,-1.8282605217927976,1.8282605217927976
CYP,PHL,755.0,Cyprus,Philippines,0.10276809652137804,-754.8972319034787,-754.8972319034787,754.8972319034787,2.8785217955012063,0.042484193319536324,-2.83603760218167,2.83603760218167
CYP,QAT,16.0,Cyprus,Qatar,0.33093903849079986,-15.6690609615092,-15.6690609615092,15.6690609615092,1.2304489213782739,0.12415816377416962,-1.1062907576041043,1.1062907576041043
CYP,SAU,86.0,Cyprus,Saudi Arabia,4.6208772526129,-81.3791227473871,-81.3791227473871,81.3791227473871,1.9395192526186185,0.7498041013763836,-1.1897151512422348,1.1897151512422348
CYP,SGP,12.0,Cyprus,Singapore,0.0054618446137465505,-11.994538155386254,-11.994538155386254,11.994538155386254,1.1139433523068367,0.0023655945865512077,-1.1115777577202857,1.1115777577202857
CYP,SYR,132.0,Cyprus,Syria,706.6561465284738,574.6561465284738,574.6561465284738,574.6561465284738,2.123851640967086,2.8498222831977356,0.7259706422306499,0.7259706422306499
CYP,THA,28.0,Cyprus,Thailand,0.08503903163977562,-27.914960968360223,-27.914960968360223,27.914960968360223,1.462397997898956,0.035445361153102185,-1.4269526367458538,1.4269526367458538
CYP,TJK,11.0,Cyprus,Tajikistan,0.7536031964499869,-10.246396803550013,-10.246396803550013,10.246396803550013,1.0791812460476249,0.2439313284325403,-0.8352499176150845,0.8352499176150845
CYP,TKM,14.0,Cyprus,Turkmenistan,0.8414316076352305,-13.158568392364769,-13.158568392364769,13.158568392364769,1.1760912590556813,0.26515559341726697,-0.9109356656384143,0.9109356656384143
CYP,TLS,16.0,Cyprus,East Timor,0.000891006727896482,-15.999108993272104,-15.999108993272104,15.999108993272104,1.2304489213782739,0.00038678701592493366,-1.230062134362349,1.230062134362349
CYP,TUR,0.0,Cyprus,Turkey,86.0495470000301,86.0495470000301,86.0495470000301,86.0495470000301,0.0,1.9397665154200459,1.9397665154200459,1.9397665154200459
CYP,TWN,19.0,Cyprus,Taiwan,0.022586515322567797,-18.97741348467743,-18.97741348467743,18.97741348467743,1.3010299956639813,0.009700061459546066,-1.291329934204435,1.291329934204435
CYP,UZB,34.0,Cyprus,Uzbekistan,2.253414609878554,-31.746585390121446,-31.746585390121446,31.746585390121446,1.5440680443502757,0.512339412592784,-1.0317286317574916,1.0317286317574916
CYP,VNM,548.0,Cyprus,Vietnam,0.10735243900004995,-547.892647561,-547.892647561,547.892647561,2.739572344450092,0.0442858665450638,-2.6952864779050283,2.6952864779050283
CYP,YEM,20.0,Cyprus,Yemen,3.433362882404635,-16.566637117595366,-16.566637117595366,16.566637117595366,1.3222192947339193,0.6467332808991176,-0.6754860138348016,0.6754860138348016
GEO,AFG,151.0,Georgia,Afghanistan,10.146618574224796,-140.8533814257752,-140.8533814257752,140.8533814257752,2.1818435879447726,1.0471431402739446,-1.134700447670828,1.134700447670828
GEO,ARE,130.0,Georgia,United Arab Emirates,3.1209449462279624,-126.87905505377203,-126.87905505377203,126.87905505377203,2.1172712956557644,0.6149968126053664,-1.5022744830503978,1.5022744830503978
GEO,ARM,281.0,Georgia,Armenia,2977.6461505254074,2696.6461505254074,2696.6461505254074,2696.6461505254074,2.450249108319361,3.474018914090568,1.0237698057712068,1.0237698057712068
GEO,AZE,475.0,Georgia,Azerbaijan,2247.0259446283762,1772.0259446283762,1772.0259446283762,1772.0259446283762,2.677606952720493,3.351801319149656,0.6741943664291631,0.6741943664291631
GEO,BGD,16.0,Georgia,Bangladesh,0.896329561576995,-15.103670438423006,-15.103670438423006,15.103670438423006,1.2304489213782739,0.27791381524712794,-0.952535106131146,0.952535106131146
GEO,BHR,36.0,Georgia,Bahrain,0.8960279164685442,-35.10397208353145,-35.10397208353145,35.10397208353145,1.568201724066995,0.2778447274529905,-1.2903569966140045,1.2903569966140045
GEO,BRN,17.0,Georgia,Brunei,0.0013548467513358298,-16.998645153248663,-16.998645153248663,16.998645153248663,1.255272505103306,0.0005880042300039298,-1.254684500873302,1.254684500873302
GEO,BTN,26.0,Georgia,Bhutan,0.004481854328275934,-25.995518145671724,-25.995518145671724,25.995518145671724,1.4313637641589874,0.0019420957519833922,-1.429421668407004,1.429421668407004
GEO,CYP,621.0,Georgia,Cyprus,3.6816545933402534,-617.3183454066598,-617.3183454066598,617.3183454066598,2.7937903846908188,0.6703993688352075,-2.1233910158556113,2.1233910158556113
GEO,HKG,16.0,Georgia,Hong Kong S.A.R.,0.031669685026308785,-15.968330314973691,-15.968330314973691,15.968330314973691,1.2304489213782739,0.013540669255233012,-1.216908252123041,1.216908252123041
GEO,IDN,12.0,Georgia,Indonesia,0.7585872013748015,-11.241412798625198,-11.241412798625198,11.241412798625198,1.1139433523068367,0.245163908130321,-0.8687794441765159,0.8687794441765159
GEO,IND,370.0,Georgia,India,26.992805060981063,-343.0071949390189,-343.0071949390189,343.0071949390189,2.569373909615046,1.4470464197761492,-1.1223274898388966,1.1223274898388966
GEO,IRQ,347.0,Georgia,Iraq,1066.3517018119978,719.3517018119978,719.3517018119978,719.3517018119978,2.5415792439465807,3.0283075468738767,0.48672830292729563,0.48672830292729563
GEO,ISR,626.0,Georgia,Israel,6.151381041747388,-619.8486189582526,-619.8486189582526,619.8486189582526,2.7972675408307164,0.8543899188490779,-1.9428776219816386,1.9428776219816386
GEO,JOR,64.0,Georgia,Jordan,8.075941322348532,-55.924058677651466,-55.924058677651466,55.924058677651466,1.8129133566428555,0.9578916794272416,-0.855021677215614,0.855021677215614
GEO,JPN,14.0,Georgia,Japan,0.397180466532329,-13.60281953346767,-13.60281953346767,13.60281953346767,1.1760912590556813,0.14525250529618283,-1.0308387537594983,1.0308387537594983
GEO,KAZ,185.0,Georgia,Kazakhstan,3.9384166964396297,-181.06158330356038,-181.06158330356038,181.06158330356038,2.2695129442179165,0.6935877322806433,-1.575925211937273,1.575925211937273
GEO,KGZ,41.0,Georgia,Kyrgyzstan,1.4693821879432107,-39.53061781205679,-39.53061781205679,39.53061781205679,1.6232492903979006,0.39258831118326554,-1.230660979214635,1.230660979214635
GEO,KHM,12.0,Georgia,Cambodia,0.07246140432365639,-11.927538595676344,-11.927538595676344,11.927538595676344,1.1139433523068367,0.030381671774364988,-1.0835616805324717,1.0835616805324717
GEO,KOR,34.0,Georgia,South Korea,0.21514607879957628,-33.78485392120042,-33.78485392120042,33.78485392120042,1.5440680443502757,0.08462848978876138,-1.4594395545615142,1.4594395545615142
GEO,KWT,13.0,Georgia,Kuwait,2.743461760100527,-10.256538239899474,-10.256538239899474,10.256538239899474,1.146128035678238,0.5732734011178169,-0.5728546345604211,0.5728546345604211
GEO,LAO,7.0,Georgia,Laos,0.03418270269590288,-6.965817297304097,-6.965817297304097,6.965817297304097,0.9030899869919435,0.014597269670296651,-0.8884927173216469,0.8884927173216469
GEO,LBN,7.0,Georgia,Lebanon,20.48777740136357,13.48777740136357,13.48777740136357,13.48777740136357,0.9030899869919435,1.3321914963549726,0.4291015093630291,0.4291015093630291
GEO,LKA,75.0,Georgia,Sri Lanka,0.10792363553246054,-74.89207636446754,-74.89207636446754,74.89207636446754,1.8808135922807914,0.044509827351084746,-1.8363037649297067,1.8363037649297067
GEO,MAC,27.0,Georgia,Macao S.A.R,0.002943341692369058,-26.99705665830763,-26.99705665830763,26.99705665830763,1.4471580313422192,0.0012763995354953483,-1.4458816318067238,1.4458816318067238
GEO,MMR,20.0,Georgia,Myanmar,0.2523488403910264,-19.747651159608974,-19.747651159608974,19.747651159608974,1.3222192947339193,0.09772531797578854,-1.2244939767581307,1.2244939767581307
GEO,MNG,10.0,Georgia,Mongolia,0.0166240399461398,-9.983375960053861,-9.983375960053861,9.983375960053861,1.0413926851582251,0.007160375180290248,-1.0342323099779347,1.0342323099779347
GEO,MYS,37.0,Georgia,Malaysia,0.12659703819424198,-36.87340296180576,-36.87340296180576,36.87340296180576,1.5797835966168101,0.05176860514752303,-1.528014991469287,1.528014991469287
GEO,NPL,27.0,Georgia,Nepal,0.1714878253580283,-26.828512174641972,-26.828512174641972,26.828512174641972,1.4471580313422192,0.06873777956780718,-1.378420251774412,1.378420251774412
GEO,OMN,52.0,Georgia,Oman,1.027138247830557,-50.97286175216944,-50.97286175216944,50.97286175216944,1.724275869600789,0.30688336794440024,-1.4173925016563889,1.4173925016563889
GEO,PAK,40.0,Georgia,Pakistan,27.226646310668663,-12.773353689331337,-12.773353689331337,12.773353689331337,1.6127838567197355,1.4506592814309431,-0.1621245752887924,0.1621245752887924
GEO,PHL,56.0,Georgia,Philippines,0.38687411905350005,-55.6131258809465,-55.6131258809465,55.6131258809465,1.7558748556724915,0.14203704371104506,-1.6138378119614463,1.6138378119614463
GEO,QAT,37.0,Georgia,Qatar,1.1732143355207243,-35.826785664479274,-35.826785664479274,35.826785664479274,1.5797835966168101,0.33710256117716797,-1.242681035439642,1.242681035439642
GEO,SAU,35.0,Georgia,Saudi Arabia,16.0705664770899,-18.9294335229101,-18.9294335229101,18.9294335229101,1.5563025007672873,1.232247933170518,-0.32405456759676915,0.32405456759676915
GEO,SGP,13.0,Georgia,Singapore,0.02019609457603956,-12.97980390542396,-12.97980390542396,12.97980390542396,1.146128035678238,0.008683656670837633,-1.1374443790074005,1.1374443790074005
GEO,SYR,28.0,Georgia,Syria,111.11733895974939,83.11733895974939,83.11733895974939,83.11733895974939,1.462397997898956,2.04967278148201,0.5872747835830536,0.5872747835830536
GEO,THA,21.0,Georgia,Thailand,0.32013242985343326,-20.679867570146566,-20.679867570146566,20.679867570146566,1.3424226808222062,0.12061749989504385,-1.2218051809271624,1.2218051809271624
GEO,TJK,17.0,Georgia,Tajikistan,2.9832167359629143,-14.016783264037086,-14.016783264037086,14.016783264037086,1.255272505103306,0.6002339380115971,-0.6550385670917089,0.6550385670917089
GEO,TKM,12.0,Georgia,Turkmenistan,21.635541781675194,9.635541781675194,9.635541781675194,9.635541781675194,1.1139433523068367,1.3547908937937647,0.24084754148692794,0.24084754148692794
GEO,TLS,5.0,Georgia,East Timor,0.003354226210212878,-4.996645773789787,-4.996645773789787,4.996645773789787,0.7781512503836436,0.001454284296109798,-0.7766969660875338,0.7766969660875338
GEO,TUR,2572.0,Georgia,Turkey,123.33915506379714,-2448.660844936203,-2448.660844936203,2448.660844936203,3.4104397862103464,2.0946079118307757,-1.3158318743795707,1.3158318743795707
GEO,TWN,13.0,Georgia,Taiwan,0.08539294432378879,-12.91460705567621,-12.91460705567621,12.91460705567621,1.146128035678238,0.03558699408959315,-1.110541041588645,1.110541041588645
GEO,UZB,50.0,Georgia,Uzbekistan,13.012677684044492,-36.98732231595551,-36.98732231595551,36.98732231595551,1.7075701760979363,1.1465211325939872,-0.5610490435039491,0.5610490435039491
GEO,VNM,22.0,Georgia,Vietnam,0.38539509093134444,-21.614604909068657,-21.614604909068657,21.614604909068657,1.3617278360175928,0.1415736444057675,-1.2201541916118255,1.2201541916118255
GEO,YEM,33.0,Georgia,Yemen,2.3956325092234443,-30.604367490776557,-30.604367490776557,30.604367490776557,1.5314789170422551,0.5309206827932422,-1.000558234249013,1.000558234249013
HKG,AFG,26.0,Hong Kong S.A.R.,Afghanistan,2.12013377466652,-23.87986622533348,-23.87986622533348,23.87986622533348,1.4313637641589874,0.49417321464472896,-0.9371905495142583,0.9371905495142583
HKG,ARE,281.0,Hong Kong S.A.R.,United Arab Emirates,0.4103322766664935,-280.5896677233335,-280.5896677233335,280.5896677233335,2.450249108319361,0.14932144522419455,-2.3009276630951665,2.3009276630951665
HKG,ARM,16.0,Hong Kong S.A.R.,Armenia,0.12388375093917087,-15.876116249060829,-15.876116249060829,15.876116249060829,1.2304489213782739,0.05072139225031601,-1.1797275291279579,1.1797275291279579
HKG,AZE,10.0,Hong Kong S.A.R.,Azerbaijan,0.4276499288067598,-9.57235007119324,-9.57235007119324,9.57235007119324,1.0413926851582251,0.1546217280102188,-0.8867709571480062,0.8867709571480062
HKG,BGD,163.0,Hong Kong S.A.R.,Bangladesh,217.84729838424866,54.84729838424866,54.84729838424866,54.84729838424866,2.214843848047698,2.3401411897242985,0.12529734167660048,0.12529734167660048
HKG,BHR,34.0,Hong Kong S.A.R.,Bahrain,0.06298967614770158,-33.9370103238523,-33.9370103238523,33.9370103238523,1.5440680443502757,0.026529046636318724,-1.5175389977139568,1.5175389977139568
HKG,BRN,22.0,Hong Kong S.A.R.,Brunei,1.3849974895738575,-20.61500251042614,-20.61500251042614,20.61500251042614,1.3617278360175928,0.37748792624204686,-0.984239909775546,0.984239909775546
HKG,BTN,24.0,Hong Kong S.A.R.,Bhutan,0.6560481208753177,-23.34395187912468,-23.34395187912468,23.34395187912468,1.3979400086720377,0.21907295221153,-1.1788670564605077,1.1788670564605077
HKG,CYP,5.0,Hong Kong S.A.R.,Cyprus,0.04917412010977165,-4.950825879890228,-4.950825879890228,4.950825879890228,0.7781512503836436,0.020847569344794144,-0.7573036810388495,0.7573036810388495
HKG,GEO,23.0,Hong Kong S.A.R.,Georgia,0.155678220998461,-22.84432177900154,-22.84432177900154,22.84432177900154,1.380211241711606,0.06283692898241268,-1.3173743127291933,1.3173743127291933
HKG,IDN,16173.0,Hong Kong S.A.R.,Indonesia,110.90810212289216,-16062.091897877108,-16062.091897877108,16062.091897877108,4.208817438774598,2.0488615304951407,-2.1599559082794566,2.1599559082794566
HKG,IND,904.0,Hong Kong S.A.R.,India,183.60271268438353,-720.3972873156165,-720.3972873156165,720.3972873156165,2.9566485792052033,2.2662380785707326,-0.6904105006344708,0.6904105006344708
HKG,IRQ,23.0,Hong Kong S.A.R.,Iraq,1.716948969228485,-21.283051030771514,-21.283051030771514,21.283051030771514,1.380211241711606,0.4340814814099386,-0.9461297603016674,0.9461297603016674
HKG,ISR,38.0,Hong Kong S.A.R.,Israel,0.3504514457320201,-37.64954855426798,-37.64954855426798,37.64954855426798,1.591064607026499,0.13047897413640464,-1.4605856328900946,1.4605856328900946
HKG,JOR,77.0,Hong Kong S.A.R.,Jordan,0.41596082664753425,-76.58403917335247,-76.58403917335247,76.58403917335247,1.8920946026904804,0.15105123851890187,-1.7410433641715786,1.7410433641715786
HKG,JPN,2076.0,Hong Kong S.A.R.,Japan,87.9394417734136,-1988.0605582265864,-1988.0605582265864,1988.0605582265864,3.317436496535099,1.949094399281041,-1.368342097254058,1.368342097254058
HKG,KAZ,18.0,Hong Kong S.A.R.,Kazakhstan,1.0867742977678576,-16.913225702232143,-16.913225702232143,16.913225702232143,1.2787536009528289,0.31947547899612344,-0.9592781219567056,0.9592781219567056
HKG,KGZ,15.0,Hong Kong S.A.R.,Kyrgyzstan,0.37201951035918757,-14.627980489640812,-14.627980489640812,14.627980489640812,1.2041199826559248,0.1373602871586989,-1.0667596954972258,1.0667596954972258
HKG,KHM,98.0,Hong Kong S.A.R.,Cambodia,89.31625488797066,-8.683745112029342,-8.683745112029342,8.683745112029342,1.99563519459755,1.955765920555415,-0.03986927404213481,0.03986927404213481
HKG,KOR,783.0,Hong Kong S.A.R.,South Korea,105.16054701418905,-677.8394529858109,-677.8394529858109,677.8394529858109,2.8943160626844384,2.0259631476543425,-0.8683529150300962,0.8683529150300962
HKG,KWT,44.0,Hong Kong S.A.R.,Kuwait,0.1868810361876825,-43.813118963812315,-43.813118963812315,43.813118963812315,1.6532125137753437,0.07440719080259764,-1.5788053229727461,1.5788053229727461
HKG,LAO,14.0,Hong Kong S.A.R.,Laos,119.84562218611673,105.84562218611673,105.84562218611673,105.84562218611673,1.1760912590556813,2.0822309220597646,0.9061396630040831,0.9061396630040831
HKG,LBN,28.0,Hong Kong S.A.R.,Lebanon,0.21894205400791447,-27.781057945992085,-27.781057945992085,27.781057945992085,1.462397997898956,0.0859830606448277,-1.3764149372541283,1.3764149372541283
HKG,LKA,121.0,Hong Kong S.A.R.,Sri Lanka,1.2399319849923316,-119.76006801500768,-119.76006801500768,119.76006801500768,2.0863598306747484,0.3502348312846191,-1.736124999390129,1.736124999390129
HKG,MAC,1549.0,Hong Kong S.A.R.,Macao S.A.R,3979.6509482967117,2430.6509482967117,2430.6509482967117,2430.6509482967117,3.1903316981702914,3.599954097233749,0.4096223990634574,0.4096223990634574
HKG,MMR,64.0,Hong Kong S.A.R.,Myanmar,141.5580820005739,77.5580820005739,77.5580820005739,77.5580820005739,1.8129133566428555,2.153991843664106,0.3410784870212506,0.3410784870212506
HKG,MNG,33.0,Hong Kong S.A.R.,Mongolia,1.9538632324513603,-31.04613676754864,-31.04613676754864,31.04613676754864,1.5314789170422551,0.47039038306572656,-1.0610885339765286,1.0610885339765286
HKG,MYS,889.0,Hong Kong S.A.R.,Malaysia,30.579080055205395,-858.4209199447946,-858.4209199447946,858.4209199447946,2.949390006644913,1.4993994742230259,-1.449990532421887,1.449990532421887
HKG,NPL,742.0,Hong Kong S.A.R.,Nepal,16.300226876904944,-725.699773123095,-725.699773123095,725.699773123095,2.8709888137605755,1.238051798547397,-1.6329370152131781,1.6329370152131781
HKG,OMN,51.0,Hong Kong S.A.R.,Oman,0.1964975648072484,-50.803502435192755,-50.803502435192755,50.803502435192755,1.7160033436347992,0.0779118190448589,-1.6380915245899403,1.6380915245899403
HKG,PAK,432.0,Hong Kong S.A.R.,Pakistan,11.15554931609457,-420.84445068390545,-420.84445068390545,420.84445068390545,2.6364878963533656,1.0847745896341607,-1.5517133067192046,1.5517133067192046
HKG,PHL,16557.0,Hong Kong S.A.R.,Philippines,8730.913157506717,-7826.086842493283,-7826.086842493283,7826.086842493283,4.21900787825689,3.941109407820064,-0.2778984704368256,0.2778984704368256
HKG,QAT,72.0,Hong Kong S.A.R.,Qatar,0.11166787236530057,-71.8883321276347,-71.8883321276347,71.8883321276347,1.863322860120456,0.04597505456257214,-1.8173478055578838,1.8173478055578838
HKG,SAU,150.0,Hong Kong S.A.R.,Saudi Arabia,1.2866575132985758,-148.71334248670144,-148.71334248670144,148.71334248670144,2.1789769472931693,0.35920112253291625,-1.8197758247602531,1.8197758247602531
HKG,SGP,1458.0,Hong Kong S.A.R.,Singapore,4.724143658536984,-1453.275856341463,-1453.275856341463,1453.275856341463,3.1640552918934515,0.7577105246906358,-2.4063447672028158,2.4063447672028158
HKG,SYR,39.0,Hong Kong S.A.R.,Syria,0.8225859447143492,-38.17741405528565,-38.17741405528565,38.17741405528565,1.6020599913279623,0.2606880167898104,-1.341371974538152,1.341371974538152
HKG,THA,854.0,Hong Kong S.A.R.,Thailand,280.5837749314851,-573.4162250685149,-573.4162250685149,573.4162250685149,2.931966114728173,2.449607626816908,-0.4823584879112647,0.4823584879112647
HKG,TJK,11.0,Hong Kong S.A.R.,Tajikistan,0.5206581241492587,-10.479341875850741,-10.479341875850741,10.479341875850741,1.0791812460476249,0.18203158651562376,-0.8971496595320011,0.8971496595320011
HKG,TKM,4.0,Hong Kong S.A.R.,Turkmenistan,0.30195839911499606,-3.698041600885004,-3.698041600885004,3.698041600885004,0.6989700043360189,0.11459710763966909,-0.5843728966963497,0.5843728966963497
HKG,TLS,24.0,Hong Kong S.A.R.,East Timor,0.40059302952630826,-23.59940697047369,-23.59940697047369,23.59940697047369,1.3979400086720377,0.14631196061985965,-1.251628048052178,1.251628048052178
HKG,TUR,76.0,Hong Kong S.A.R.,Turkey,3.0611706780521533,-72.93882932194785,-72.93882932194785,72.93882932194785,1.8864907251724818,0.6086512418856542,-1.2778394832868276,1.2778394832868276
HKG,TWN,2799.0,Hong Kong S.A.R.,Taiwan,32384.640770914524,29585.640770914524,29585.640770914524,29585.640770914524,3.4471580313422194,4.5103524942730155,1.0631944629307966,1.0631944629307966
HKG,UZB,10.0,Hong Kong S.A.R.,Uzbekistan,1.7624986176680546,-8.237501382331946,-8.237501382331946,8.237501382331946,1.0413926851582251,0.44130206937577837,-0.6000906157824466,0.6000906157824466
HKG,VNM,596.0,Hong Kong S.A.R.,Vietnam,919.4392959452396,323.43929594523956,323.43929594523956,323.43929594523956,2.775974331129369,2.963995151552318,0.1880208204229487,0.1880208204229487
HKG,YEM,11.0,Hong Kong S.A.R.,Yemen,1.4380429849427168,-9.561957015057283,-9.561957015057283,9.561957015057283,1.0791812460476249,0.3870413583614681,-0.6921398876861568,0.6921398876861568
IDN,AFG,159.0,Indonesia,Afghanistan,412.38269357871894,253.38269357871894,253.38269357871894,253.38269357871894,2.2041199826559246,2.616352290770724,0.4122323081147992,0.4122323081147992
IDN,ARE,5799.0,Indonesia,United Arab Emirates,93.94353682968648,-5705.056463170314,-5705.056463170314,5705.056463170314,3.7634279935629373,1.9774654059899457,-1.7859625875729916,1.7859625875729916
IDN,ARM,19.0,Indonesia,Armenia,26.262479495026632,7.262479495026632,7.262479495026632,7.262479495026632,1.3010299956639813,1.4355653519402594,0.1345353562762781,0.1345353562762781
IDN,AZE,60.0,Indonesia,Azerbaijan,92.47790957528944,32.477909575289445,32.477909575289445,32.477909575289445,1.7853298350107671,1.9707089918024776,0.1853791567917106,0.1853791567917106
IDN,BGD,1855.0,Indonesia,Bangladesh,21758.84567716971,19903.84567716971,19903.84567716971,19903.84567716971,3.268577971882843,4.3376558109805865,1.0690778390977436,1.0690778390977436
IDN,BHR,531.0,Indonesia,Bahrain,14.4515037080896,-516.5484962919104,-516.5484962919104,516.5484962919104,2.7259116322950483,1.188970750450034,-1.536940881845014,1.536940881845014
IDN,BRN,3589.0,Indonesia,Brunei,363.31800476153694,-3225.681995238463,-3225.681995238463,3225.681995238463,3.5550944485783194,2.561480634803162,-0.9936138137751572,0.9936138137751572
IDN,BTN,3.0,Indonesia,Bhutan,77.14960012647414,74.14960012647414,74.14960012647414,74.14960012647414,0.6020599913279624,1.8929267601759345,1.2908667688479722,1.2908667688479722
IDN,CYP,28.0,Indonesia,Cyprus,11.203360654182722,-16.796639345817276,-16.796639345817276,16.796639345817276,1.462397997898956,1.0864794464602172,-0.37591855143873876,0.37591855143873876
IDN,GEO,53.0,Indonesia,Georgia,32.854112032126466,-20.145887967873534,-20.145887967873534,20.145887967873534,1.7323937598229686,1.5296114270655048,-0.20278233275746366,0.20278233275746366
IDN,HKG,15743.0,Indonesia,Hong Kong S.A.R.,1289.524351068639,-14453.47564893136,-14453.47564893136,14453.47564893136,4.197115081087266,3.1107662037151935,-1.0863488773720729,1.0863488773720729
IDN,IND,3218.0,Indonesia,India,52335.497492135364,49117.497492135364,49117.497492135364,49117.497492135364,3.5077209766856137,4.718804655049446,1.2110836783638326,1.2110836783638326
IDN,IRQ,721.0,Indonesia,Iraq,383.3763666158147,-337.6236333841853,-337.6236333841853,337.6236333841853,2.858537197569639,2.584756677217449,-0.27378052035219047,0.27378052035219047
IDN,ISR,25.0,Indonesia,Israel,79.84350161326756,54.84350161326756,54.84350161326756,54.84350161326756,1.414973347970818,1.9076451160553558,0.49267176808453783,0.49267176808453783
IDN,JOR,205.0,Indonesia,Jordan,96.47440273577693,-108.52559726422307,-108.52559726422307,108.52559726422307,2.3138672203691533,1.9888905827740937,-0.3249766375950598,0.3249766375950598
IDN,JPN,16405.0,Indonesia,Japan,1405.25711209349,-14999.74288790651,-14999.74288790651,14999.74288790651,4.2150027072149525,3.14806473188932,-1.0669379753256325,1.0669379753256325
IDN,KAZ,71.0,Indonesia,Kazakhstan,200.48694152763375,129.48694152763375,129.48694152763375,129.48694152763375,1.8573324964312685,2.3042469045403333,0.44691440810906474,0.44691440810906474
IDN,KGZ,11.0,Indonesia,Kyrgyzstan,68.22382652507926,57.22382652507926,57.22382652507926,57.22382652507926,1.0791812460476249,1.8402556023662964,0.7610743563186716,0.7610743563186716
IDN,KHM,3331.0,Indonesia,Cambodia,7596.761087333431,4265.761087333431,4265.761087333431,4265.761087333431,3.52270499273475,3.880685632982313,0.357980640247563,0.357980640247563
IDN,KOR,6721.0,Indonesia,South Korea,747.8325079037702,-5973.16749209623,-5973.16749209623,5973.16749209623,3.8274985081334587,2.874384689491774,-0.9531138186416848,0.9531138186416848
IDN,KWT,442.0,Indonesia,Kuwait,40.93292815763353,-401.0670718423665,-401.0670718423665,401.0670718423665,2.6464037262230695,1.6225551900520498,-1.0238485361710197,1.0238485361710197
IDN,LAO,113.0,Indonesia,Laos,2311.220297551946,2198.220297551946,2198.220297551946,2198.220297551946,2.0569048513364727,3.364029209269839,1.3071243579333665,1.3071243579333665
IDN,LBN,133.0,Indonesia,Lebanon,49.524324515909555,-83.47567548409044,-83.47567548409044,83.47567548409044,2.1271047983648077,1.7035005159335244,-0.4236042824312832,0.4236042824312832
IDN,LKA,308.0,Indonesia,Sri Lanka,3658.26677600223,3350.26677600223,3350.26677600223,3350.26677600223,2.4899584794248346,3.5633940725427027,1.073435593117868,1.073435593117868
IDN,MAC,424.0,Indonesia,Macao S.A.R,119.19706777275277,-304.8029322272472,-304.8029322272472,304.8029322272472,2.6283889300503116,2.0798938731105974,-0.5484950569397142,0.5484950569397142
IDN,MMR,576.0,Indonesia,Myanmar,10141.03751352275,9565.03751352275,9565.03751352275,9565.03751352275,2.7611758131557314,4.0061252125898665,1.2449493994341347,1.2449493994341347
IDN,MNG,56.0,Indonesia,Mongolia,35.66217993550905,-20.33782006449095,-20.33782006449095,20.33782006449095,1.7558748556724915,1.5642182845709742,-0.19165657110151726,0.19165657110151726
IDN,MYS,104430.0,Indonesia,Malaysia,30937.792455010756,-73492.20754498924,-73492.20754498924,73492.20754498924,5.018829436697837,4.490503359125481,-0.5283260775723564,0.5283260775723564
IDN,NPL,129.0,Indonesia,Nepal,2815.571695681865,2686.571695681865,2686.571695681865,2686.571695681865,2.113943352306837,3.4497208106548816,1.3357774583480446,1.3357774583480446
IDN,OMN,330.0,Indonesia,Oman,47.27517346214219,-282.7248265378578,-282.7248265378578,282.7248265378578,2.519827993775719,1.6837238429592694,-0.8361041508164494,0.8361041508164494
IDN,PAK,1759.0,Indonesia,Pakistan,3050.2625441492028,1291.2625441492028,1291.2625441492028,1291.2625441492028,3.24551266781415,3.4844795778717277,0.23896691005757792,0.23896691005757792
IDN,PHL,4427.0,Indonesia,Philippines,28387.168717953915,23960.168717953915,23960.168717953915,23960.168717953915,3.6462076122066853,4.453137377684743,0.8069297654780576,0.8069297654780576
IDN,QAT,652.0,Indonesia,Qatar,25.74477310868743,-626.2552268913125,-626.2552268913125,626.2552268913125,2.814913181275074,1.4272389178764644,-1.3876742633986097,1.3876742633986097
IDN,SAU,14021.0,Indonesia,Saudi Arabia,290.0729341857525,-13730.927065814247,-13730.927065814247,13730.927065814247,4.146809962775871,2.4640018238508183,-1.6828081389250524,1.6828081389250524
IDN,SGP,13156.0,Indonesia,Singapore,5836.8648228920065,-7319.1351771079935,-7319.1351771079935,7319.1351771079935,4.1191568746903044,3.766254034579409,-0.3529028401108957,0.3529028401108957
IDN,SYR,340.0,Indonesia,Syria,186.06157039285048,-153.93842960714952,-153.93842960714952,153.93842960714952,2.5327543789924976,2.2719845759523465,-0.26076980304015107,0.26076980304015107
IDN,THA,1780.0,Indonesia,Thailand,26474.207852226165,24694.207852226165,24694.207852226165,24694.207852226165,3.2506639194632436,4.422839378362923,1.1721754588996796,1.1721754588996796
IDN,TJK,37.0,Indonesia,Tajikistan,99.68761423648496,62.68761423648496,62.68761423648496,62.68761423648496,1.5797835966168101,2.00297605049821,0.4231924538813996,0.4231924538813996
IDN,TKM,32.0,Indonesia,Turkmenistan,67.99331813160879,35.99331813160879,35.99331813160879,35.99331813160879,1.5185139398778875,1.8388070321997454,0.32029309232185793,0.32029309232185793
IDN,TLS,12231.0,Indonesia,East Timor,577.4197299322582,-11653.580270067741,-11653.580270067741,11653.580270067741,4.087497472404264,2.76224309835039,-1.325254374053874,1.325254374053874
IDN,TUR,1375.0,Indonesia,Turkey,697.4278147462433,-677.5721852537567,-677.5721852537567,677.5721852537567,3.1386184338994925,2.844121526731689,-0.2944969071678037,0.2944969071678037
IDN,TWN,35078.0,Indonesia,Taiwan,2411.16577003431,-32666.83422996569,-32666.83422996569,32666.83422996569,4.545047204401184,3.382407150291223,-1.1626400541099613,1.1626400541099613
IDN,UZB,60.0,Indonesia,Uzbekistan,336.3195047085773,276.3195047085773,276.3195047085773,276.3195047085773,1.7853298350107671,2.5280414539742586,0.7427116189634917,0.7427116189634917
IDN,VNM,15912.0,Indonesia,Vietnam,60615.567330355894,44703.567330355894,44703.567330355894,44703.567330355894,4.201752062778252,4.782591338965042,0.5808392761867902,0.5808392761867902
IDN,YEM,300.0,Indonesia,Yemen,349.38882384945117,49.38882384945117,49.38882384945117,49.38882384945117,2.4785664955938436,2.544550245275952,0.06598374968210859,0.06598374968210859
IND,AFG,4256.0,India,Afghanistan,36364.06869164975,32108.06869164975,32108.06869164975,32108.06869164975,3.6291036501771363,4.560684412267037,0.9315807620899004,0.9315807620899004
IND,ARE,209113.0,India,United Arab Emirates,4868.2856004324885,-204244.7143995675,-204244.7143995675,204244.7143995675,5.320383109427967,3.6874652481655814,-1.6329178612623854,1.6329178612623854
IND,ARM,495.0,India,Armenia,1177.108067696831,682.1080676968311,682.1080676968311,682.1080676968311,2.6954816764901977,3.0711851300535886,0.37570345356339097,0.37570345356339097
IND,AZE,167.0,India,Azerbaijan,4675.051655808679,4508.051655808679,4508.051655808679,4508.051655808679,2.225309281725863,3.669879300117851,1.4445700183919883,1.4445700183919883
IND,BGD,48809.0,India,Bangladesh,100370.69969422909,51561.699694229086,51561.699694229086,51561.699694229086,4.688508807656521,5.001611278554247,0.3131024708977253,0.3131024708977253
IND,BHR,19794.0,India,Bahrain,696.5502930980042,-19097.449706901996,-19097.449706901996,19097.449706901996,4.2965555060882235,2.8435755255334803,-1.4529799805547434,1.4529799805547434
IND,BRN,1093.0,India,Brunei,116.41169173914724,-976.5883082608527,-976.5883082608527,976.5883082608527,3.039017321997412,2.0697113456762724,-0.9693059763211395,0.9693059763211395
IND,BTN,3556.0,India,Bhutan,515.3826805866175,-3040.6173194133826,-3040.6173194133826,3040.6173194133826,3.55108386518578,2.7129716676536404,-0.8381121975321398,0.8381121975321398
IND,CYP,3391.0,India,Cyprus,417.9730782593996,-2973.0269217406003,-2973.0269217406003,2973.0269217406003,3.5304558435846762,2.622186117622572,-0.9082697259621045,0.9082697259621045
IND,GEO,412.0,India,Georgia,1471.3865130088327,1059.3865130088327,1059.3865130088327,1059.3865130088327,2.615950051656401,3.1680218306758325,0.5520717790194317,0.5520717790194317
IND,HKG,1591.0,India,Hong Kong S.A.R.,2559.441915695916,968.4419156959161,968.4419156959161,968.4419156959161,3.20194306340165,3.4083149281966314,0.20637186479498118,0.20637186479498118
IND,IDN,18479.0,India,Indonesia,64919.10774129974,46440.10774129974,46440.10774129974,46440.10774129974,4.266701966884088,4.812379231909172,0.5456772650250836,0.5456772650250836
IND,IRQ,5598.0,India,Iraq,17277.994602135284,11679.994602135284,11679.994602135284,11679.994602135284,3.7481104674949837,4.237518468961874,0.4894080014668909,0.4894080014668909
IND,ISR,2181.0,India,Israel,2994.856083892365,813.856083892365,813.856083892365,813.856083892365,3.338854746252323,3.476520946720144,0.13766620046782077,0.13766620046782077
IND,JOR,3117.0,India,Jordan,3577.0957918752156,460.0957918752156,460.0957918752156,460.0957918752156,3.4938761108528227,3.553651963208977,0.05977585235615424,0.05977585235615424
IND,JPN,5156.0,India,Japan,25870.64541463606,20714.64541463606,20714.64541463606,20714.64541463606,3.712397131406715,4.412824050354448,0.7004269189477335,0.7004269189477335
IND,KAZ,757.0,India,Kazakhstan,10193.277097090024,9436.277097090024,9436.277097090024,9436.277097090024,2.8796692056320534,4.008356434245979,1.1286872286139251,1.1286872286139251
IND,KGZ,320.0,India,Kyrgyzstan,3574.27809282067,3254.27809282067,3254.27809282067,3254.27809282067,2.506505032404872,3.5533098278099144,1.0468047954050426,1.0468047954050426
IND,KHM,1827.0,India,Cambodia,6589.291813850392,4762.291813850392,4762.291813850392,4762.291813850392,3.2619761913978125,3.8189046452979696,0.5569284539001572,0.5569284539001572
IND,KOR,1851.0,India,South Korea,14874.050125881091,13023.050125881091,13023.050125881091,13023.050125881091,3.2676409823459154,4.172458437886764,0.9048174555408484,0.9048174555408484
IND,KWT,53815.0,India,Kuwait,2044.6639183949576,-51770.33608160504,-51770.33608160504,51770.33608160504,4.730911414674746,3.3108342851065347,-1.4200771295682113,1.4200771295682113
IND,LAO,181.0,India,Laos,3381.5920685020983,3200.5920685020983,3200.5920685020983,3200.5920685020983,2.2600713879850747,3.529249626200408,1.2691782382153332,1.2691782382153332
IND,LBN,795.0,India,Lebanon,1859.824438060385,1064.824438060385,1064.824438060385,1064.824438060385,2.900913067737669,3.269705400976958,0.3687923332392887,0.3687923332392887
IND,LKA,4480.0,India,Sri Lanka,10394.262739219972,5914.262739219972,5914.262739219972,5914.262739219972,3.6513749439130434,4.016835470555549,0.36546052664250533,0.36546052664250533
IND,MAC,157.0,India,Macao S.A.R,234.57687933296313,77.57687933296313,77.57687933296313,77.57687933296313,2.1986570869544226,2.3721326644221903,0.17347557746776754,0.17347557746776754
IND,MMR,3310.0,India,Myanmar,26076.157456763187,22766.157456763187,22766.157456763187,22766.157456763187,3.5199591807520685,4.416260249325092,0.8963010685730243,0.8963010685730243
IND,MNG,228.0,India,Mongolia,1323.4807932448975,1095.4807932448975,1095.4807932448975,1095.4807932448975,2.359835482339888,3.122045664824087,0.7622101824841986,0.7622101824841986
IND,MYS,23090.0,India,Malaysia,11526.687111552721,-11563.312888447279,-11563.312888447279,11563.312888447279,4.363442741279142,4.061742180195748,-0.30170056108339455,0.30170056108339455
IND,NPL,68306.0,India,Nepal,28223.42260414795,-40082.57739585205,-40082.57739585205,40082.57739585205,4.834465211816196,4.45062506618966,-0.38384014562653646,0.38384014562653646
IND,OMN,35024.0,India,Oman,2353.461569183661,-32670.538430816337,-32670.538430816337,32670.538430816337,4.544378143957812,3.371891606043263,-1.1724865379145495,1.1724865379145495
IND,PAK,0.0,India,Pakistan,183728.90990420844,183728.90990420844,183728.90990420844,183728.90990420844,0.0,5.26417986207053,5.26417986207053,5.26417986207053
IND,PHL,24959.0,India,Philippines,30393.70679979983,5434.706799799831,5434.706799799831,5434.706799799831,4.397244581010386,4.482797958352367,0.08555337734198044,0.08555337734198044
IND,QAT,44778.0,India,Qatar,1235.5718844011558,-43542.42811559884,-43542.42811559884,43542.42811559884,4.65107439073182,3.092219367839514,-1.5588550228923055,1.5588550228923055
IND,SAU,134934.0,India,Saudi Arabia,13061.889141947402,-121872.11085805259,-121872.11085805259,121872.11085805259,5.130124613388263,4.116039241229914,-1.014085372158349,1.014085372158349
IND,SGP,29084.0,India,Singapore,1798.9867245832309,-27285.013275416768,-27285.013275416768,27285.013275416768,4.4636690681343865,3.255269302069135,-1.2083997660652521,1.2083997660652521
IND,SYR,676.0,India,Syria,7065.716606578392,6389.716606578392,6389.716606578392,6389.716606578392,2.8305886686851442,3.8492176753437284,1.0186290066585841,1.0186290066585841
IND,THA,4014.0,India,Thailand,31542.530736871155,27528.530736871155,27528.530736871155,27528.530736871155,3.6036855496146996,4.498910303251594,0.8952247536368945,0.8952247536368945
IND,TJK,166.0,India,Tajikistan,6533.233156053097,6367.233156053097,6367.233156053097,6367.233156053097,2.2227164711475833,3.815194627014334,1.592478155866751,1.592478155866751
IND,TKM,42.0,India,Turkmenistan,3580.681472064281,3538.681472064281,3538.681472064281,3538.681472064281,1.6334684555795864,3.5540869603304697,1.9206185047508832,1.9206185047508832
IND,TLS,316.0,India,East Timor,263.5156061171304,-52.4843938828696,-52.4843938828696,52.4843938828696,2.5010592622177517,2.4224513000030115,-0.07860796221473997,0.07860796221473997
IND,TUR,1371.0,India,Turkey,25377.344069399453,24006.344069399453,24006.344069399453,24006.344069399453,3.137354111370733,4.404463281076878,1.2671091697061456,1.2671091697061456
IND,TWN,858.0,India,Taiwan,7427.034465570352,6569.034465570352,6569.034465570352,6569.034465570352,2.9339931638312424,3.870873910169021,0.9368807463377786,0.9368807463377786
IND,UZB,422.0,India,Uzbekistan,18258.511949810945,17836.511949810945,17836.511949810945,17836.511949810945,2.6263403673750423,4.261489165293755,1.6351487979187125,1.6351487979187125
IND,VNM,6234.0,India,Vietnam,36621.93888642245,30387.938886422453,30387.938886422453,30387.938886422453,3.7948364578145615,4.563753192257962,0.7689167344434,0.7689167344434
IND,YEM,1066.0,India,Yemen,12858.34237208423,11792.34237208423,11792.34237208423,11792.34237208423,3.0281644194244697,4.109218759297554,1.0810543398730839,1.0810543398730839
IRQ,AFG,239.0,Iraq,Afghanistan,488.2259918517287,249.22599185172868,249.22599185172868,249.22599185172868,2.380211241711606,2.6895095223992325,0.3092982806876263,0.3092982806876263
IRQ,ARE,583.0,Iraq,United Arab Emirates,475.109066332273,-107.89093366772698,-107.89093366772698,107.89093366772698,2.7664128471123997,2.6777064516290734,-0.08870639548332593,0.08870639548332593
IRQ,ARM,42.0,Iraq,Armenia,762.5238740087304,720.5238740087304,720.5238740087304,720.5238740087304,1.6334684555795864,2.8828226212066523,1.2493541656270657,1.2493541656270657
IRQ,AZE,82.0,Iraq,Azerbaijan,1212.4320844461163,1130.4320844461163,1130.4320844461163,1130.4320844461163,1.919078092376074,3.084015473971871,1.164937381595797,1.164937381595797
IRQ,BGD,3720.0,Iraq,Bangladesh,45.182133400984036,-3674.817866599016,-3674.817866599016,3674.817866599016,3.5706596700215343,1.6644739914411435,-1.9061856785803906,1.9061856785803906
IRQ,BHR,78.0,Iraq,Bahrain,91.84034002934298,13.840340029342983,13.840340029342983,13.840340029342983,1.8976270912904414,1.9677367223978064,0.0701096311073649,0.0701096311073649
IRQ,BRN,37.0,Iraq,Brunei,0.061699702400464164,-36.93830029759953,-36.93830029759953,36.93830029759953,1.5797835966168101,0.026001695622361144,-1.553781900994449,1.553781900994449
IRQ,BTN,5.0,Iraq,Bhutan,0.2259210772739265,-4.774078922726074,-4.774078922726074,4.774078922726074,0.7781512503836436,0.0884625119379323,-0.6896887384457113,0.6896887384457113
IRQ,CYP,33.0,Iraq,Cyprus,78.8178008823393,45.8178008823393,45.8178008823393,45.8178008823393,1.5314789170422551,1.9020997580530932,0.3706208410108381,0.3706208410108381
IRQ,GEO,96.0,Iraq,Georgia,390.6976584200354,294.6976584200354,294.6976584200354,294.6976584200354,1.9867717342662448,2.592950975330615,0.60617924106437,0.60617924106437
IRQ,HKG,32.0,Iraq,Hong Kong S.A.R.,1.4349142204846332,-30.565085779515368,-30.565085779515368,30.565085779515368,1.5185139398778875,0.3864836660737008,-1.1320302738041865,1.1320302738041865
IRQ,IDN,703.0,Iraq,Indonesia,45.12216999707952,-657.8778300029205,-657.8778300029205,657.8778300029205,2.847572659142112,1.6639097321783243,-1.1836629269637877,1.1836629269637877
IRQ,IND,1692.0,Iraq,India,1360.6518979316738,-331.34810206832617,-331.34810206832617,331.34810206832617,3.2286569581089353,3.1340660957339157,-0.09459086237501936,0.09459086237501936
IRQ,ISR,88.0,Iraq,Israel,1362.239632257451,1274.239632257451,1274.239632257451,1274.239632257451,1.9493900066449128,3.1345722034646717,1.185182196819759,1.185182196819759
IRQ,JOR,1868.0,Iraq,Jordan,2343.909326591463,475.909326591463,475.909326591463,475.909326591463,3.271609301378832,3.3701260539925393,0.0985167526137072,0.0985167526137072
IRQ,JPN,57.0,Iraq,Japan,16.599395966695326,-40.400604033304674,-40.400604033304674,40.400604033304674,1.7634279935629373,1.2454977625395605,-0.5179302310233768,0.5179302310233768
IRQ,KAZ,34.0,Iraq,Kazakhstan,62.84846690309717,28.84846690309717,28.84846690309717,28.84846690309717,1.5440680443502757,1.805150473666487,0.2610824293162114,0.2610824293162114
IRQ,KGZ,11.0,Iraq,Kyrgyzstan,22.68086342801472,11.680863428014721,11.680863428014721,11.680863428014721,1.0791812460476249,1.3743975331516474,0.2952162871040226,0.2952162871040226
IRQ,KHM,33.0,Iraq,Cambodia,3.6546925426365626,-29.345307457363436,-29.345307457363436,29.345307457363436,1.5314789170422551,0.6678909997220427,-0.8635879173202125,0.8635879173202125
IRQ,KOR,99.0,Iraq,South Korea,9.717787977680354,-89.28221202231964,-89.28221202231964,89.28221202231964,2.0,1.0301051614560317,-0.9698948385439683,0.9698948385439683
IRQ,KWT,268.0,Iraq,Kuwait,2788.3577008444795,2520.3577008444795,2520.3577008444795,2520.3577008444795,2.429752280002408,3.445504210767233,1.015751930764825,1.015751930764825
IRQ,LAO,14.0,Iraq,Laos,1.7230798797879348,-12.276920120212065,-12.276920120212065,12.276920120212065,1.1760912590556813,0.4350603812747007,-0.7410308777809805,0.7410308777809805
IRQ,LBN,979.0,Iraq,Lebanon,994.3416439493049,15.341643949304853,15.341643949304853,15.341643949304853,2.9912260756924947,2.997972174831022,0.0067460991385269705,0.0067460991385269705
IRQ,LKA,104.0,Iraq,Sri Lanka,5.4564210164111255,-98.54357898358887,-98.54357898358887,98.54357898358887,2.0211892990699383,0.8099918425229429,-1.2111974565469952,1.2111974565469952
IRQ,MAC,12.0,Iraq,Macao S.A.R,0.1350710694185851,-11.864928930581415,-11.864928930581415,11.864928930581415,1.1139433523068367,0.055023054560011296,-1.0589202977468255,1.0589202977468255
IRQ,MMR,28.0,Iraq,Myanmar,12.720387075118882,-15.279612924881118,-15.279612924881118,15.279612924881118,1.462397997898956,1.137366363718906,-0.32503163418005016,0.32503163418005016
IRQ,MNG,11.0,Iraq,Mongolia,0.8217716590105243,-10.178228340989476,-10.178228340989476,10.178228340989476,1.0791812460476249,0.26049394154681704,-0.8186873045008078,0.8186873045008078
IRQ,MYS,349.0,Iraq,Malaysia,6.683427364754288,-342.31657263524573,-342.31657263524573,342.31657263524573,2.5440680443502757,0.8855549900269187,-1.6585130543233568,1.6585130543233568
IRQ,NPL,1073.0,Iraq,Nepal,8.644349281908086,-1064.355650718092,-1064.355650718092,1064.355650718092,3.0310042813635367,0.984272930496212,-2.046731350867325,2.046731350867325
IRQ,OMN,140.0,Iraq,Oman,91.86116036570488,-48.138839634295124,-48.138839634295124,48.138839634295124,2.1492191126553797,1.967834106179973,-0.18138500647540712,0.18138500647540712
IRQ,PAK,1816.0,Iraq,Pakistan,1312.2621758672076,-503.7378241327924,-503.7378241327924,503.7378241327924,3.2593549273080344,3.1183514360408626,-0.14100349126717163,0.14100349126717163
IRQ,PHL,386.0,Iraq,Philippines,16.046435445441837,-369.95356455455817,-369.95356455455817,369.95356455455817,2.5877109650189114,1.2316335781542824,-1.356077386864629,1.356077386864629
IRQ,QAT,154.0,Iraq,Qatar,155.16982380509066,1.1698238050906582,1.1698238050906582,1.1698238050906582,2.1903316981702914,2.1935971203158955,0.003265422145604022,0.003265422145604022
IRQ,SAU,1125.0,Iraq,Saudi Arabia,2472.6457396480037,1347.6457396480037,1347.6457396480037,1347.6457396480037,3.0515383905153275,3.3933375027577473,0.34179911224242,0.34179911224242
IRQ,SGP,31.0,Iraq,Singapore,1.0788055445046987,-29.9211944554953,-29.9211944554953,29.9211944554953,1.505149978319906,0.317813866484757,-1.1873361118351489,1.1873361118351489
IRQ,SYR,3022.0,Iraq,Syria,8342.505672415544,5320.505672415544,5320.505672415544,5320.505672415544,3.480438147177817,3.9213485655405096,0.4409104183626925,0.4409104183626925
IRQ,THA,73.0,Iraq,Thailand,16.137218687923973,-56.862781312076024,-56.862781312076024,56.862781312076024,1.8692317197309762,1.2339403387947945,-0.6352913809361818,0.6352913809361818
IRQ,TJK,10.0,Iraq,Tajikistan,143.00562166025222,133.00562166025222,133.00562166025222,133.00562166025222,1.0413926851582251,2.158379446320052,1.116986761161827,1.116986761161827
IRQ,TKM,40.0,Iraq,Turkmenistan,385.514261977552,345.514261977552,345.514261977552,345.514261977552,1.6127838567197355,2.587165523568383,0.9743816668486476,0.9743816668486476
IRQ,TLS,12.0,Iraq,East Timor,0.16907965840184677,-11.830920341598153,-11.830920341598153,11.830920341598153,1.1139433523068367,0.06784410399820766,-1.046099248308629,1.046099248308629
IRQ,TUR,9413.0,Iraq,Turkey,2579.536623227477,-6833.463376772523,-6833.463376772523,6833.463376772523,3.97377419397058,3.4117100269993585,-0.5620641669712216,0.5620641669712216
IRQ,TWN,40.0,Iraq,Taiwan,4.286073466856613,-35.713926533143386,-35.713926533143386,35.713926533143386,1.6127838567197355,0.7231331947451257,-0.8896506619746097,0.8896506619746097
IRQ,UZB,47.0,Iraq,Uzbekistan,337.968967023162,290.968967023162,290.968967023162,290.968967023162,1.6812412373755872,2.5301599398918238,0.8489187025162367,0.8489187025162367
IRQ,VNM,59.0,Iraq,Vietnam,20.38270136636332,-38.61729863363668,-38.61729863363668,38.61729863363668,1.7781512503836436,1.330062570582542,-0.4480886798011017,0.4480886798011017
IRQ,YEM,363.0,Iraq,Yemen,629.5700697328192,266.5700697328192,266.5700697328192,266.5700697328192,2.561101383649056,2.7997333529352533,0.23863196928619748,0.23863196928619748
ISR,AFG,55.0,Israel,Afghanistan,51.83787270847748,-3.1621272915225234,-3.1621272915225234,3.1621272915225234,1.7481880270062005,1.7229453242799755,-0.02524270272622487,0.02524270272622487
ISR,ARE,212.0,Israel,United Arab Emirates,17.234063759680513,-194.7659362403195,-194.7659362403195,194.7659362403195,2.3283796034387376,1.260883469078756,-1.0674961343599816,1.0674961343599816
ISR,ARM,32.0,Israel,Armenia,12.691537953648227,-19.30846204635177,-19.30846204635177,19.30846204635177,1.5185139398778875,1.1364522346400425,-0.38206170523784505,0.38206170523784505
ISR,AZE,68.0,Israel,Azerbaijan,27.267561463145338,-40.73243853685466,-40.73243853685466,40.73243853685466,1.8388490907372552,1.451288345143979,-0.3875607455932762,0.3875607455932762
ISR,BGD,125.0,Israel,Bangladesh,4.700695293870423,-120.29930470612958,-120.29930470612958,120.29930470612958,2.100370545117563,0.755927828282287,-1.344442716835276,1.344442716835276
ISR,BHR,20.0,Israel,Bahrain,3.8352233253377093,-16.164776674662292,-16.164776674662292,16.164776674662292,1.3222192947339193,0.6844165377203604,-0.6378027570135588,0.6378027570135588
ISR,BRN,16.0,Israel,Brunei,0.007066733541861298,-15.992933266458138,-15.992933266458138,15.992933266458138,1.2304489213782739,0.003058250145193752,-1.2273906712330802,1.2273906712330802
ISR,BTN,13.0,Israel,Bhutan,0.023987391579603872,-12.976012608420396,-12.976012608420396,12.976012608420396,1.146128035678238,0.010294609177785423,-1.1358334265004526,1.1358334265004526
ISR,CYP,169.0,Israel,Cyprus,75.76417751624092,-93.23582248375908,-93.23582248375908,93.23582248375908,2.230448921378274,1.8851586010671355,-0.34529032031113843,0.34529032031113843
ISR,GEO,1013.0,Israel,Georgia,14.596507566055603,-998.4034924339444,-998.4034924339444,998.4034924339444,3.0060379549973173,1.193027360239356,-1.8130105947579611,1.8130105947579611
ISR,HKG,45.0,Israel,Hong Kong S.A.R.,0.15235342228902926,-44.84764657771097,-44.84764657771097,44.84764657771097,1.662757831681574,0.06158569593633269,-1.6011721357452413,1.6011721357452413
ISR,IDN,276.0,Israel,Indonesia,4.790890578699958,-271.2091094213,-271.2091094213,271.2091094213,2.4424797690644486,0.7627453588349845,-1.679734410229464,1.679734410229464
ISR,IND,1174.0,Israel,India,144.46854748149283,-1029.5314525185072,-1029.5314525185072,1029.5314525185072,3.070037866607755,2.1627691023814717,-0.9072687642262832,0.9072687642262832
ISR,IRQ,339.0,Israel,Iraq,1279.4851260519647,940.4851260519647,940.4851260519647,940.4851260519647,2.531478917042255,3.1073745381257503,0.5758956210834951,0.5758956210834951
ISR,JOR,1099.0,Israel,Jordan,7765.939205067601,6666.939205067601,6666.939205067601,6666.939205067601,3.041392685158225,3.890249905771632,0.8488572206134072,0.8488572206134072
ISR,JPN,70.0,Israel,Japan,1.7624571192852192,-68.23754288071478,-68.23754288071478,68.23754288071478,1.8512583487190752,0.44129554533485155,-1.4099628033842238,1.4099628033842238
ISR,KAZ,50.0,Israel,Kazakhstan,6.672997508570016,-43.32700249142999,-43.32700249142999,43.32700249142999,1.7075701760979363,0.8849650571849019,-0.8226051189130344,0.8226051189130344
ISR,KGZ,1.0,Israel,Kyrgyzstan,2.408162881374924,1.408162881374924,1.408162881374924,1.408162881374924,0.3010299956639812,0.5325203421955887,0.23149034653160758,0.23149034653160758
ISR,KHM,43.0,Israel,Cambodia,0.38804055903552,-42.61195944096448,-42.61195944096448,42.61195944096448,1.6434526764861874,0.14240215654244076,-1.5010505199437467,1.5010505199437467
ISR,KOR,79.0,Israel,South Korea,1.0317956532473032,-77.9682043467527,-77.9682043467527,77.9682043467527,1.9030899869919435,0.30788002687479227,-1.5952099601171512,1.5952099601171512
ISR,KWT,41.0,Israel,Kuwait,18.274158942479342,-22.725841057520658,-22.725841057520658,22.725841057520658,1.6232492903979006,1.284975436029892,-0.33827385436800855,0.33827385436800855
ISR,LAO,59.0,Israel,Laos,0.18294969330947014,-58.81705030669053,-58.81705030669053,58.81705030669053,1.7781512503836436,0.07296627600354243,-1.7051849743801013,1.7051849743801013
ISR,LBN,287.0,Israel,Lebanon,1453.8050397122365,1166.8050397122365,1166.8050397122365,1166.8050397122365,2.459392487759231,3.1628047968612445,0.7034123091020135,0.7034123091020135
ISR,LKA,289.0,Israel,Sri Lanka,0.6759028017660632,-288.3240971982339,-288.3240971982339,288.3240971982339,2.462397997898956,0.22424882701457935,-2.238149170884377,2.238149170884377
ISR,MAC,6.0,Israel,Macao S.A.R,0.013960331298054438,-5.986039668701945,-5.986039668701945,5.986039668701945,0.8450980400142568,0.006020964627145228,-0.8390770753871116,0.8390770753871116
ISR,MMR,59.0,Israel,Myanmar,1.3505995522721574,-57.64940044772784,-57.64940044772784,57.64940044772784,1.7781512503836436,0.37117864909453496,-1.4069726012891086,1.4069726012891086
ISR,MNG,5.0,Israel,Mongolia,0.0872524104946853,-4.912747589505314,-4.912747589505314,4.912747589505314,0.7781512503836436,0.03633037919171248,-0.7418208711919312,0.7418208711919312
ISR,MYS,58.0,Israel,Malaysia,0.7686458371589376,-57.231354162841065,-57.231354162841065,57.231354162841065,1.7708520116421442,0.24764087622996345,-1.5232111354121807,1.5232111354121807
ISR,NPL,980.0,Israel,Nepal,0.9178222487164444,-979.0821777512836,-979.0821777512836,979.0821777512836,2.9916690073799486,0.28280835258494647,-2.708860654795002,2.708860654795002
ISR,OMN,31.0,Israel,Oman,7.422521518031475,-23.577478481968527,-23.577478481968527,23.577478481968527,1.505149978319906,0.9254421291990639,-0.5797078491208422,0.5797078491208422
ISR,PAK,158.0,Israel,Pakistan,139.3307213627675,-18.66927863723251,-18.66927863723251,18.66927863723251,2.2013971243204513,2.1471527576839833,-0.054244366636468304,0.054244366636468304
ISR,PHL,2440.0,Israel,Philippines,1.703230287306609,-2438.2967697126933,-2438.2967697126933,2438.2967697126933,3.387567779417189,0.43188304467999633,-2.955684734737192,2.955684734737192
ISR,QAT,54.0,Israel,Qatar,6.667832072036319,-47.33216792796368,-47.33216792796368,47.33216792796368,1.7403626894942439,0.884672593122747,-0.8556900963714967,0.8556900963714967
ISR,SAU,247.0,Israel,Saudi Arabia,102.7129442439767,-144.2870557560233,-144.2870557560233,144.2870557560233,2.3944516808262164,2.015832963360156,-0.37861871746606,0.37861871746606
ISR,SGP,43.0,Israel,Singapore,0.11454323494972339,-42.88545676505028,-42.88545676505028,42.88545676505028,1.6434526764861874,0.04709692013424314,-1.5963557563519442,1.5963557563519442
ISR,SYR,0.0,Israel,Syria,2315.4565633435027,2315.4565633435027,2315.4565633435027,2315.4565633435027,0.0,3.3648241610135563,3.3648241610135563,3.3648241610135563
ISR,THA,3501.0,Israel,Thailand,1.7133849941924284,-3499.2866150058076,-3499.2866150058076,3499.2866150058076,3.5443161417474274,0.4335114188964864,-3.110804722850941,3.110804722850941
ISR,TJK,25.0,Israel,Tajikistan,15.183761897035911,-9.816238102964089,-9.816238102964089,9.816238102964089,1.414973347970818,1.2090794802691676,-0.20589386770165033,0.20589386770165033
ISR,TKM,2.0,Israel,Turkmenistan,11.834631746227911,9.834631746227911,9.834631746227911,9.834631746227911,0.47712125471966244,1.1083834123237446,0.6312621576040821,0.6312621576040821
ISR,TLS,27.0,Israel,East Timor,0.017952198277246947,-26.982047801722754,-26.982047801722754,26.982047801722754,1.4471580313422192,0.007727384570640292,-1.439430646771579,1.439430646771579
ISR,TUR,645.0,Israel,Turkey,699.5144720385289,54.51447203852888,54.51447203852888,54.51447203852888,2.8102325179950842,2.8454171118724028,0.03518459387731866,0.03518459387731866
ISR,TWN,74.0,Israel,Taiwan,0.4550780468516532,-73.54492195314835,-73.54492195314835,73.54492195314835,1.8750612633917,0.16288628844766861,-1.7121749749440314,1.7121749749440314
ISR,UZB,130.0,Israel,Uzbekistan,35.88418598017389,-94.1158140198261,-94.1158140198261,94.1158140198261,2.1172712956557644,1.5668402031876563,-0.5504310924681081,0.5504310924681081
ISR,VNM,86.0,Israel,Vietnam,2.1055078531461078,-83.89449214685389,-83.89449214685389,83.89449214685389,1.9395192526186185,0.49213263181815237,-1.4473866208004662,1.4473866208004662
ISR,YEM,164.0,Israel,Yemen,78.74806761812941,-85.25193238187059,-85.25193238187059,85.25193238187059,2.2174839442139063,1.901720168432029,-0.31576377578187725,0.31576377578187725
JOR,AFG,52.0,Jordan,Afghanistan,218.02562743558713,166.02562743558713,166.02562743558713,166.02562743558713,1.724275869600789,2.3404949331172986,0.6162190635165095,0.6162190635165095
JOR,ARE,4931.0,Jordan,United Arab Emirates,72.48498767687214,-4858.515012323128,-4858.515012323128,4858.515012323128,3.693023067923694,1.8661986256826333,-1.8268244422410607,1.8268244422410607
JOR,ARM,42.0,Jordan,Armenia,50.78790341909196,8.787903419091961,8.787903419091961,8.787903419091961,1.6334684555795864,1.7142283294007867,0.08075987382120013,0.08075987382120013
JOR,AZE,24.0,Jordan,Azerbaijan,113.15648656188698,89.15648656188698,89.15648656188698,89.15648656188698,1.3979400086720377,2.0575005938638973,0.6595605851918598,0.6595605851918598
JOR,BGD,2721.0,Jordan,Bangladesh,19.770719500648116,-2701.2292804993517,-2701.2292804993517,2701.2292804993517,3.434888120867316,1.3174515408176726,-2.1174365800496435,2.1174365800496435
JOR,BHR,369.0,Jordan,Bahrain,17.659147147442756,-351.34085285255725,-351.34085285255725,351.34085285255725,2.568201724066995,1.270891789591401,-1.297309934475594,1.297309934475594
JOR,BRN,44.0,Jordan,Brunei,0.029722072567465722,-43.970277927432534,-43.970277927432534,43.970277927432534,1.6532125137753437,0.012720022144050628,-1.640492491631293,1.640492491631293
JOR,BTN,25.0,Jordan,Bhutan,0.10088890277380093,-24.8991110972262,-24.8991110972262,24.8991110972262,1.414973347970818,0.041743493951994254,-1.3732298540188237,1.3732298540188237
JOR,CYP,166.0,Jordan,Cyprus,318.65760450887905,152.65760450887905,152.65760450887905,152.65760450887905,2.2227164711475833,2.504685040560779,0.28196856941319565,0.28196856941319565
JOR,GEO,40.0,Jordan,Georgia,44.92712530188386,4.927125301883862,4.927125301883862,4.927125301883862,1.6127838567197355,1.6620692626484805,0.04928540592874511,0.04928540592874511
JOR,HKG,80.0,Jordan,Hong Kong S.A.R.,0.6407853708297009,-79.3592146291703,-79.3592146291703,79.3592146291703,1.9084850188786497,0.21505177522704633,-1.6934332436516033,1.6934332436516033
JOR,IDN,489.0,Jordan,Indonesia,20.15007309945957,-468.8499269005404,-468.8499269005404,468.8499269005404,2.690196080028514,1.32531187273409,-1.3648842072944236,1.3648842072944236
JOR,IND,2566.0,Jordan,India,607.6222665713146,-1958.3777334286854,-1958.3777334286854,1958.3777334286854,3.4094258686714434,2.7843478370661128,-0.6250780316053308,0.6250780316053308
JOR,IRQ,3589.0,Jordan,Iraq,5381.4042287341035,1792.4042287341035,1792.4042287341035,1792.4042287341035,3.5550944485783194,3.730976310989284,0.1758818624109648,0.1758818624109648
JOR,ISR,769.0,Jordan,Israel,23494.24398447909,22725.24398447909,22725.24398447909,22725.24398447909,2.886490725172482,4.370979959278646,1.4844892341061637,1.4844892341061637
JOR,JPN,92.0,Jordan,Japan,7.412742830352217,-84.58725716964778,-84.58725716964778,84.58725716964778,1.968482948553935,0.9249376131440646,-1.0435453354098705,1.0435453354098705
JOR,KAZ,55.0,Jordan,Kazakhstan,28.06605272681566,-26.93394727318434,-26.93394727318434,26.93394727318434,1.7481880270062005,1.463386057041847,-0.28480196996435336,0.28480196996435336
JOR,KGZ,37.0,Jordan,Kyrgyzstan,10.128525646327203,-26.871474353672795,-26.871474353672795,26.871474353672795,1.5797835966168101,1.0464376309943981,-0.533345965622412,0.533345965622412
JOR,KHM,66.0,Jordan,Cambodia,1.6320651665233055,-64.3679348334767,-64.3679348334767,64.3679348334767,1.8260748027008264,0.42029663764371106,-1.4057781650571155,1.4057781650571155
JOR,KOR,73.0,Jordan,South Korea,4.339643641429088,-68.66035635857091,-68.66035635857091,68.66035635857091,1.8692317197309762,0.7275122739339552,-1.141719445797021,1.141719445797021
JOR,KWT,1671.0,Jordan,Kuwait,79.45115042337652,-1591.5488495766235,-1591.5488495766235,1591.5488495766235,3.2232362731029975,1.9055322587389891,-1.3177040143640084,1.3177040143640084
JOR,LAO,11.0,Jordan,Laos,0.7694706512603918,-10.230529348739609,-10.230529348739609,10.230529348739609,1.0791812460476249,0.24784336375151297,-0.8313378822961118,0.8313378822961118
JOR,LBN,740.0,Jordan,Lebanon,1633.3622750260502,893.3622750260502,893.3622750260502,893.3622750260502,2.869818207979328,3.2133483291890617,0.3435301212097333,0.3435301212097333
JOR,LKA,1198.0,Jordan,Sri Lanka,2.8427889637611905,-1195.1572110362388,-1195.1572110362388,1195.1572110362388,3.0788191830988487,0.5846465347660414,-2.4941726483328073,2.4941726483328073
JOR,MAC,6.0,Jordan,Macao S.A.R,0.05871595093386653,-5.941284049066134,-5.941284049066134,5.941284049066134,0.8450980400142568,0.024779456340587567,-0.8203185836736693,0.8203185836736693
JOR,MMR,390.0,Jordan,Myanmar,5.680505379808994,-384.319494620191,-384.319494620191,384.319494620191,2.5921767573958667,0.824809318068381,-1.7673674393274859,1.7673674393274859
JOR,MNG,17.0,Jordan,Mongolia,0.3669761228504297,-16.63302387714957,-16.63302387714957,16.63302387714957,1.255272505103306,0.1357609287559232,-1.1195115763473829,1.1195115763473829
JOR,MYS,571.0,Jordan,Malaysia,3.2328581819856006,-567.7671418180144,-567.7671418180144,567.7671418180144,2.7573960287930244,0.6266337180811806,-2.1307623107118436,2.1307623107118436
JOR,NPL,820.0,Jordan,Nepal,3.8602813193377594,-816.1397186806622,-816.1397186806622,816.1397186806622,2.9143431571194407,0.6866614075133505,-2.22768174960609,2.22768174960609
JOR,OMN,447.0,Jordan,Oman,31.218486148608967,-415.781513851391,-415.781513851391,415.781513851391,2.651278013998144,1.508105130349143,-1.143172883649001,1.143172883649001
JOR,PAK,509.0,Jordan,Pakistan,586.0130124746115,77.01301247461151,77.01301247461151,77.01301247461151,2.7075701760979363,2.7686477284763757,0.06107755237843938,0.06107755237843938
JOR,PHL,5071.0,Jordan,Philippines,7.163639876691721,-5063.836360123309,-5063.836360123309,5063.836360123309,3.7051792448736762,0.9118838383988623,-2.793295406474814,2.793295406474814
JOR,QAT,2174.0,Jordan,Qatar,28.04432734569187,-2145.9556726543083,-2145.9556726543083,2145.9556726543083,3.337459261290656,1.4630613228526321,-1.874397938438024,1.874397938438024
JOR,SAU,4878.0,Jordan,Saudi Arabia,448.4663242874224,-4429.533675712578,-4429.533675712578,4429.533675712578,3.688330818112266,2.6526971583072463,-1.03563365980502,1.03563365980502
JOR,SGP,66.0,Jordan,Singapore,0.4817589797493988,-65.5182410202506,-65.5182410202506,65.5182410202506,1.8260748027008264,0.1707775678285829,-1.6552972348722435,1.6552972348722435
JOR,SYR,11540.0,Jordan,Syria,14219.827353272476,2679.827353272476,2679.827353272476,2679.827353272476,4.062243441026478,4.152924863940044,0.09068142291356553,0.09068142291356553
JOR,THA,75.0,Jordan,Thailand,7.206349699154076,-67.79365030084593,-67.79365030084593,67.79365030084593,1.8808135922807914,0.9141500197204634,-0.966663572560328,0.966663572560328
JOR,TJK,18.0,Jordan,Tajikistan,63.861594650129796,45.861594650129796,45.861594650129796,45.861594650129796,1.2787536009528289,1.8119876217843573,0.5332340208315283,0.5332340208315283
JOR,TKM,17.0,Jordan,Turkmenistan,49.775441720981114,32.775441720981114,32.775441720981114,32.775441720981114,1.255272505103306,1.7056537102383449,0.4503812051350389,0.4503812051350389
JOR,TLS,2.0,Jordan,East Timor,0.0755053995995622,-1.9244946004004377,-1.9244946004004377,1.9244946004004377,0.47712125471966244,0.03161259511437654,-0.4455086596052859,0.4455086596052859
JOR,TUR,3625.0,Jordan,Turkey,2942.097615080801,-682.902384919199,-682.902384919199,682.902384919199,3.5594277997594896,3.4688046667845884,-0.09062313297490132,0.09062313297490132
JOR,TWN,109.0,Jordan,Taiwan,1.9140190658473362,-107.08598093415266,-107.08598093415266,107.08598093415266,2.041392685158225,0.4644923889457088,-1.5769002962125163,1.5769002962125163
JOR,UZB,30.0,Jordan,Uzbekistan,150.92579526441946,120.92579526441946,120.92579526441946,120.92579526441946,1.4913616938342726,2.181631518365051,0.6902698245307787,0.6902698245307787
JOR,VNM,41.0,Jordan,Vietnam,8.85558466749472,-32.14441533250528,-32.14441533250528,32.14441533250528,1.6232492903979006,0.9936823932359502,-0.6295668971619502,0.6295668971619502
JOR,YEM,762.0,Jordan,Yemen,331.20758925307706,-430.79241074692294,-430.79241074692294,430.79241074692294,2.8825245379548803,2.5214095496478404,-0.3611149883070401,0.3611149883070401
JPN,AFG,147.0,Japan,Afghanistan,110.64934221952447,-36.35065778047553,-36.35065778047553,36.35065778047553,2.1702617153949575,2.0478561687753714,-0.12240554661958605,0.12240554661958605
JPN,ARE,521.0,Japan,United Arab Emirates,21.57317397305494,-499.42682602694504,-499.42682602694504,499.42682602694504,2.717670503002262,1.353592628730798,-1.364077874271464,1.364077874271464
JPN,ARM,28.0,Japan,Armenia,6.614839813272327,-21.385160186727674,-21.385160186727674,21.385160186727674,1.462397997898956,0.8816607718948296,-0.5807372260041265,0.5807372260041265
JPN,AZE,59.0,Japan,Azerbaijan,22.924779882244895,-36.07522011775511,-36.07522011775511,36.07522011775511,1.7781512503836436,1.3788479507804936,-0.3993032996031499,0.3993032996031499
JPN,BGD,794.0,Japan,Bangladesh,7373.611190315364,6579.611190315364,6579.611190315364,6579.611190315364,2.9003671286564705,3.8677391280601268,0.9673719994036565,0.9673719994036565
JPN,BHR,96.0,Japan,Bahrain,3.3281648020319534,-92.67183519796805,-92.67183519796805,92.67183519796805,1.9867717342662448,0.636303788893902,-1.350467945372343,1.350467945372343
JPN,BRN,30.0,Japan,Brunei,76.16008398788168,46.16008398788168,46.16008398788168,46.16008398788168,1.4913616938342726,1.8873926916967525,0.3960309978624797,0.3960309978624797
JPN,BTN,320.0,Japan,Bhutan,44.096419158825775,-275.90358084117423,-275.90358084117423,275.90358084117423,2.506505032404872,1.6541420584787778,-0.8523629739260943,0.8523629739260943
JPN,CYP,27.0,Japan,Cyprus,2.565091696544026,-24.434908303455973,-24.434908303455973,24.434908303455973,1.4471580313422192,0.5520707046762251,-0.8950873266659941,0.8950873266659941
JPN,GEO,18.0,Japan,Georgia,8.36809207759206,-9.63190792240794,-9.63190792240794,9.63190792240794,1.2787536009528289,0.9716511507015415,-0.3071024502512874,0.3071024502512874
JPN,HKG,2140.0,Japan,Hong Kong S.A.R.,3325.9567552991502,1185.9567552991502,1185.9567552991502,1185.9567552991502,3.3306166672944384,3.5220471558261384,0.1914304885317001,0.1914304885317001
JPN,IDN,12588.0,Japan,Indonesia,5550.254976512191,-7037.745023487809,-7037.745023487809,7037.745023487809,4.099991233544684,3.7443911755122103,-0.35560005803247424,0.35560005803247424
JPN,IND,2796.0,Japan,India,9414.948207115858,6618.948207115858,6618.948207115858,6618.948207115858,3.4466924663715273,3.9738640609838862,0.5271715946123592,0.5271715946123592
JPN,IRQ,94.0,Japan,Iraq,93.08339029734285,-0.9166097026571549,-0.9166097026571549,0.9166097026571549,1.9777236052888478,1.9735129588266522,-0.004210646462195542,0.004210646462195542
JPN,ISR,100.0,Japan,Israel,18.02760714846253,-81.97239285153748,-81.97239285153748,81.97239285153748,2.0043213737826426,1.2793841762239944,-0.7249371975586482,0.7249371975586482
JPN,JOR,15.0,Japan,Jordan,21.395270828605916,6.395270828605916,6.395270828605916,6.395270828605916,1.2041199826559248,1.350156318785971,0.14603633613004624,0.14603633613004624
JPN,KAZ,36.0,Japan,Kazakhstan,546.4039644854022,510.4039644854022,510.4039644854022,510.4039644854022,1.568201724066995,2.7383079383936133,1.1701062143266183,1.1701062143266183
JPN,KGZ,51.0,Japan,Kyrgyzstan,183.04666857453873,132.04666857453873,132.04666857453873,132.04666857453873,1.7160033436347992,2.2649279606971704,0.5489246170623712,0.5489246170623712
JPN,KHM,2756.0,Japan,Cambodia,1634.7596248291418,-1121.2403751708582,-1121.2403751708582,1121.2403751708582,3.4404367661057735,3.2137194843718295,-0.22671728173394412,0.22671728173394412
JPN,KOR,7733.0,Japan,South Korea,43422.26587057617,35689.26587057617,35689.26587057617,35689.26587057617,3.8884041677370464,4.637722483702265,0.7493183159652183,0.7493183159652183
JPN,KWT,55.0,Japan,Kuwait,9.874218345069478,-45.12578165493052,-45.12578165493052,45.12578165493052,1.7481880270062005,1.0363980490176146,-0.7117899779885859,0.7117899779885859
JPN,LAO,326.0,Japan,Laos,1284.4999138800474,958.4999138800474,958.4999138800474,958.4999138800474,2.514547752660286,3.109072051884036,0.5945242992237497,0.5945242992237497
JPN,LBN,25.0,Japan,Lebanon,11.270031579194047,-13.729968420805953,-13.729968420805953,13.729968420805953,1.414973347970818,1.088845680465559,-0.3261276675052588,0.3261276675052588
JPN,LKA,1498.0,Japan,Sri Lanka,60.416794645134054,-1437.5832053548659,-1437.5832053548659,1437.5832053548659,3.1758016328482794,1.788287146782134,-1.3875144860661455,1.3875144860661455
JPN,MAC,92.0,Japan,Macao S.A.R,292.01332507245195,200.01332507245195,200.01332507245195,200.01332507245195,1.968482948553935,2.4668873707768055,0.49840442222287035,0.49840442222287035
JPN,MMR,3961.0,Japan,Myanmar,3350.760156216202,-610.2398437837978,-610.2398437837978,610.2398437837978,3.5979144712025284,3.52527293401595,-0.07264153718657827,0.07264153718657827
JPN,MNG,1548.0,Japan,Mongolia,601.5548399348429,-946.4451600651571,-946.4451600651571,946.4451600651571,3.190051417759206,2.7799965792091488,-0.4100548385500573,0.4100548385500573
JPN,MYS,2772.0,Japan,Malaysia,1014.7267737341328,-1757.2732262658672,-1757.2732262658672,1757.2732262658672,3.4429498695778618,3.006776900253257,-0.4361729693246045,0.4361729693246045
JPN,NPL,5980.0,Japan,Nepal,955.1800277911534,-5024.819972208847,-5024.819972208847,5024.819972208847,3.776773802412107,2.9805396681291914,-0.7962341342829159,0.7962341342829159
JPN,OMN,54.0,Japan,Oman,10.357242435212905,-43.6427575647871,-43.6427575647871,43.6427575647871,1.7403626894942439,1.055272896467588,-0.685089793026656,0.685089793026656
JPN,PAK,541.0,Japan,Pakistan,592.1421954599546,51.142195459954564,51.142195459954564,51.142195459954564,2.733999286538387,2.773158820346916,0.03915953380852945,0.03915953380852945
JPN,PHL,22934.0,Japan,Philippines,31349.887033734696,8415.887033734696,8415.887033734696,8415.887033734696,4.360498744468002,4.496249833154178,0.13575108868617686,0.13575108868617686
JPN,QAT,133.0,Japan,Qatar,5.900139224673119,-127.09986077532687,-127.09986077532687,127.09986077532687,2.1271047983648077,0.8388578536209187,-1.288246944743889,1.288246944743889
JPN,SAU,210.0,Japan,Saudi Arabia,66.3495597497983,-143.6504402502017,-143.6504402502017,143.6504402502017,2.3242824552976926,1.828334761174696,-0.4959476941229966,0.4959476941229966
JPN,SGP,3696.0,Japan,Singapore,175.96012978925367,-3520.0398702107464,-3520.0398702107464,3520.0398702107464,3.5678494505731067,2.2478754281527236,-1.319974022420383,1.319974022420383
JPN,SYR,23.0,Japan,Syria,42.336785289670345,19.336785289670345,19.336785289670345,19.336785289670345,1.380211241711606,1.63685669233825,0.2566454506266439,0.2566454506266439
JPN,THA,10310.0,Japan,Thailand,5770.18155394418,-4539.81844605582,-4539.81844605582,4539.81844605582,4.013300786856888,3.7612647368690313,-0.2520360499878566,0.2520360499878566
JPN,TJK,70.0,Japan,Tajikistan,28.23282184628558,-41.76717815371442,-41.76717815371442,41.76717815371442,1.8512583487190752,1.4658707398568998,-0.38538760886217555,0.38538760886217555
JPN,TKM,35.0,Japan,Turkmenistan,16.028104427951522,-18.971895572048478,-18.971895572048478,18.971895572048478,1.5563025007672873,1.2311663049032686,-0.3251361958640186,0.3251361958640186
JPN,TLS,24.0,Japan,East Timor,45.610476590849366,21.610476590849366,21.610476590849366,21.610476590849366,1.3979400086720377,1.6684835436044976,0.2705435349324599,0.2705435349324599
JPN,TUR,641.0,Japan,Turkey,171.78519107135557,-469.2148089286444,-469.2148089286444,469.2148089286444,2.807535028068853,2.2375065175896607,-0.5700285104791927,0.5700285104791927
JPN,TWN,7099.0,Japan,Taiwan,12339.406430811772,5240.406430811772,5240.406430811772,5240.406430811772,3.8512583487190755,4.09132946340485,0.24007111468577402,0.24007111468577402
JPN,UZB,307.0,Japan,Uzbekistan,98.88070113033957,-208.11929886966044,-208.11929886966044,208.11929886966044,2.4885507165004443,1.9994815822973402,-0.48906913420310416,0.48906913420310416
JPN,VNM,50393.0,Japan,Vietnam,12864.594911855082,-37528.40508814492,-37528.40508814492,37528.40508814492,4.702378831643761,4.109429873015256,-0.5929489586285054,0.5929489586285054
JPN,YEM,32.0,Japan,Yemen,70.0171278475053,38.01712784750529,38.01712784750529,38.01712784750529,1.5185139398778875,1.8513631041074885,0.33284916422960104,0.33284916422960104
KAZ,AFG,184.0,Kazakhstan,Afghanistan,1028.3250364987823,844.3250364987823,844.3250364987823,844.3250364987823,2.2671717284030137,3.01255253634431,0.7453808079412962,0.7453808079412962
KAZ,ARE,263.0,Kazakhstan,United Arab Emirates,0.4890497544744562,-262.5109502455255,-262.5109502455255,262.5109502455255,2.4216039268698313,0.17290920932551432,-2.248694717544317,2.248694717544317
KAZ,ARM,196.0,Kazakhstan,Armenia,0.1522687042462057,-195.8477312957538,-195.8477312957538,195.8477312957538,2.294466226161593,0.06155376655571199,-2.232912459605881,2.232912459605881
KAZ,AZE,267.0,Kazakhstan,Azerbaijan,0.6284460324377359,-266.37155396756225,-266.37155396756225,266.37155396756225,2.428134794028789,0.21177337039069263,-2.216361423638096,2.216361423638096
KAZ,BGD,26.0,Kazakhstan,Bangladesh,9.42675729886869,-16.57324270113131,-16.57324270113131,16.57324270113131,1.4313637641589874,1.0181492646899657,-0.41321449946902167,0.41321449946902167
KAZ,BHR,7.0,Kazakhstan,Bahrain,0.07216049417604735,-6.927839505823953,-6.927839505823953,6.927839505823953,0.9030899869919435,0.030259800765210145,-0.8728301862267335,0.8728301862267335
KAZ,BRN,30.0,Kazakhstan,Brunei,0.010912428367900469,-29.9890875716321,-29.9890875716321,29.9890875716321,1.4913616938342726,0.00471353588395317,-1.4866481579503195,1.4866481579503195
KAZ,BTN,28.0,Kazakhstan,Bhutan,0.06428155935532329,-27.935718440644678,-27.935718440644678,27.935718440644678,1.462397997898956,0.027056537261814968,-1.435341460637141,1.435341460637141
KAZ,CYP,71.0,Kazakhstan,Cyprus,0.05561328286987604,-70.94438671713013,-70.94438671713013,70.94438671713013,1.8573324964312685,0.023504846346038798,-1.8338276500852297,1.8338276500852297
KAZ,GEO,185.0,Kazakhstan,Georgia,0.1915555392044519,-184.80844446079556,-184.80844446079556,184.80844446079556,2.2695129442179165,0.07611428991191738,-2.193398654305999,2.193398654305999
KAZ,HKG,24.0,Kazakhstan,Hong Kong S.A.R.,0.26674262120072756,-23.733257378799273,-23.733257378799273,23.733257378799273,1.3979400086720377,0.10268838319666142,-1.2952516254753763,1.2952516254753763
KAZ,IDN,77.0,Kazakhstan,Indonesia,6.109937147981331,-70.89006285201867,-70.89006285201867,70.89006285201867,1.8920946026904804,0.8518657615728698,-1.0402288411176106,1.0402288411176106
KAZ,IND,294.0,Kazakhstan,India,1700.7739869052534,1406.7739869052534,1406.7739869052534,1406.7739869052534,2.469822015978163,3.2309018808028127,0.7610798648246498,0.7610798648246498
KAZ,IRQ,40.0,Kazakhstan,Iraq,2.100479926734552,-37.89952007326545,-37.89952007326545,37.89952007326545,1.6127838567197355,0.49142892396336363,-1.1213549327563719,1.1213549327563719
KAZ,ISR,132.0,Kazakhstan,Israel,0.39305369824220204,-131.6069463017578,-131.6069463017578,131.6069463017578,2.123851640967086,0.14396785755877636,-1.9798837834083094,1.9798837834083094
KAZ,JOR,35.0,Kazakhstan,Jordan,0.4683493911577299,-34.53165060884227,-34.53165060884227,34.53165060884227,1.5563025007672873,0.16682940748565325,-1.3894730932816342,1.3894730932816342
KAZ,JPN,46.0,Kazakhstan,Japan,3.211865314974684,-42.78813468502531,-42.78813468502531,42.78813468502531,1.6720978579357175,0.6244744750731569,-1.0476233828625605,1.0476233828625605
KAZ,KGZ,838.0,Kazakhstan,Kyrgyzstan,2631.41220628247,1793.41220628247,1793.41220628247,1793.41220628247,2.9237619608287004,3.4203538959210107,0.49659193509231025,0.49659193509231025
KAZ,KHM,22.0,Kazakhstan,Cambodia,0.5559568713450092,-21.44404312865499,-21.44404312865499,21.44404312865499,1.3617278360175928,0.19199755486674056,-1.1697302811508523,1.1697302811508523
KAZ,KOR,2751.0,Kazakhstan,South Korea,1.811119097006263,-2749.188880902994,-2749.188880902994,2749.188880902994,3.4396484295634737,0.4488792454925184,-2.990769184070955,2.990769184070955
KAZ,KWT,22.0,Kazakhstan,Kuwait,0.22444375238408662,-21.775556247615913,-21.775556247615913,21.775556247615913,1.3617278360175928,0.08793883961158513,-1.2737889964060078,1.2737889964060078
KAZ,LAO,40.0,Kazakhstan,Laos,0.32043388235727327,-39.67956611764273,-39.67956611764273,39.67956611764273,1.6127838567197355,0.12071665980550465,-1.492067196914231,1.492067196914231
KAZ,LBN,99.0,Kazakhstan,Lebanon,0.24706900556226577,-98.75293099443773,-98.75293099443773,98.75293099443773,2.0,0.09589048547994551,-1.9041095145200546,1.9041095145200546
KAZ,LKA,31.0,Kazakhstan,Sri Lanka,0.7999967490200123,-30.20000325097999,-30.20000325097999,30.20000325097999,1.505149978319906,0.255271720723337,-1.249878257596569,1.249878257596569
KAZ,MAC,29.0,Kazakhstan,Macao S.A.R,0.024448066667355297,-28.975551933332646,-28.975551933332646,28.975551933332646,1.4771212547196624,0.010489947186730878,-1.4666313075329316,1.4666313075329316
KAZ,MMR,59.0,Kazakhstan,Myanmar,2.4190068608588984,-56.5809931391411,-56.5809931391411,56.5809931391411,1.7781512503836436,0.5338999722883089,-1.2442512780953348,1.2442512780953348
KAZ,MNG,238.0,Kazakhstan,Mongolia,0.20709825552242997,-237.79290174447758,-237.79290174447758,237.79290174447758,2.3783979009481375,0.08174262228828326,-2.296655278659854,2.296655278659854
KAZ,MYS,86.0,Kazakhstan,Malaysia,1.0014096738829998,-84.998590326117,-84.998590326117,84.998590326117,1.9395192526186185,0.30133599463129185,-1.6381832579873268,1.6381832579873268
KAZ,NPL,26.0,Kazakhstan,Nepal,2.471680407562594,-23.528319592437406,-23.528319592437406,23.528319592437406,1.4313637641589874,0.5405397385031712,-0.8908240256558161,0.8908240256558161
KAZ,OMN,4.0,Kazakhstan,Oman,0.2347132634492758,-3.765286736550724,-3.765286736550724,3.765286736550724,0.6989700043360189,0.09156611341742146,-0.6074038909185974,0.6074038909185974
KAZ,PAK,16.0,Kazakhstan,Pakistan,17.112394072458084,1.112394072458084,1.112394072458084,1.112394072458084,1.2304489213782739,1.2579758585823941,0.027526937204120187,0.027526937204120187
KAZ,PHL,89.0,Kazakhstan,Philippines,3.129075312995753,-85.87092468700425,-85.87092468700425,85.87092468700425,1.954242509439325,0.6158528043375691,-1.3383897051017557,1.3383897051017557
KAZ,QAT,99.0,Kazakhstan,Qatar,0.12748393106534137,-98.87251606893466,-98.87251606893466,98.87251606893466,2.0,0.05211036101617813,-1.9478896389838218,1.9478896389838218
KAZ,SAU,33.0,Kazakhstan,Saudi Arabia,1.4745406014986797,-31.52545939850132,-31.52545939850132,31.52545939850132,1.5314789170422551,0.3934945839754936,-1.1379843330667616,1.1379843330667616
KAZ,SGP,34.0,Kazakhstan,Singapore,0.13678678175208797,-33.863213218247914,-33.863213218247914,33.863213218247914,1.5440680443502757,0.055679015090504456,-1.4883890292597712,1.4883890292597712
KAZ,SYR,37.0,Kazakhstan,Syria,0.9381381468569165,-36.061861853143085,-36.061861853143085,36.061861853143085,1.5797835966168101,0.28738472951525434,-1.2923988671015558,1.2923988671015558
KAZ,THA,178.0,Kazakhstan,Thailand,2.7114661104820508,-175.28853388951794,-175.28853388951794,175.28853388951794,2.2528530309798933,0.5695454993497477,-1.6833075316301456,1.6833075316301456
KAZ,TJK,106.0,Kazakhstan,Tajikistan,467.4731699401021,361.4731699401021,361.4731699401021,361.4731699401021,2.0293837776852097,2.6706847233334594,0.6413009456482499,0.6413009456482499
KAZ,TKM,50.0,Kazakhstan,Turkmenistan,0.6094901127726445,-49.39050988722735,-49.39050988722735,49.39050988722735,1.7075701760979363,0.2066883131238561,-1.5008818629740803,1.5008818629740803
KAZ,TLS,16.0,Kazakhstan,East Timor,0.027016157519360255,-15.97298384248064,-15.97298384248064,15.97298384248064,1.2304489213782739,0.011577276183744292,-1.2188716451945296,1.2188716451945296
KAZ,TUR,1381.0,Kazakhstan,Turkey,3.395474155321374,-1377.6045258446786,-1377.6045258446786,1377.6045258446786,3.1405080430381798,0.6430057308164836,-2.497502312221696,2.497502312221696
KAZ,TWN,88.0,Kazakhstan,Taiwan,0.7630462667479005,-87.2369537332521,-87.2369537332521,87.2369537332521,1.9493900066449128,0.246263709423347,-1.7031262972215657,1.7031262972215657
KAZ,UZB,1834.0,Kazakhstan,Uzbekistan,4278.348386060072,2444.348386060072,2444.348386060072,2444.348386060072,3.263636068588108,3.631377644274179,0.36774157568607097,0.36774157568607097
KAZ,VNM,41.0,Kazakhstan,Vietnam,3.0471006547123354,-37.95289934528766,-37.95289934528766,37.95289934528766,1.6232492903979006,0.6071440057858196,-1.0161052846120808,1.0161052846120808
KAZ,YEM,23.0,Kazakhstan,Yemen,1.236352929227076,-21.763647070772922,-21.763647070772922,21.763647070772922,1.380211241711606,0.34954034264938066,-1.0306708990622253,1.0306708990622253
KGZ,AFG,19.0,Kyrgyzstan,Afghanistan,143.4771034432677,124.47710344326771,124.47710344326771,124.47710344326771,1.3010299956639813,2.1597990260811732,0.8587690304171922,0.8587690304171922
KGZ,ARE,168.0,Kyrgyzstan,United Arab Emirates,0.06823469206831796,-167.93176530793167,-167.93176530793167,167.93176530793167,2.2278867046136734,0.028666678041639408,-2.1992200265720343,2.1992200265720343
KGZ,ARM,27.0,Kyrgyzstan,Armenia,0.025441844148196273,-26.974558155851803,-26.974558155851803,26.974558155851803,1.4471580313422192,0.010911035273172724,-1.4362469960690465,1.4362469960690465
KGZ,AZE,50.0,Kyrgyzstan,Azerbaijan,0.11651007611075603,-49.88348992388924,-49.88348992388924,49.88348992388924,1.7075701760979363,0.04786264678009842,-1.659707529317838,1.659707529317838
KGZ,BGD,30.0,Kyrgyzstan,Bangladesh,1.3059956173947431,-28.694004382605257,-28.694004382605257,28.694004382605257,1.4913616938342726,0.3628584775713914,-1.1285032162628814,1.1285032162628814
KGZ,BHR,14.0,Kyrgyzstan,Bahrain,0.010068196649830692,-13.989931803350169,-13.989931803350169,13.989931803350169,1.1760912590556813,0.004350696979518889,-1.1717405620761623,1.1717405620761623
KGZ,BRN,28.0,Kyrgyzstan,Brunei,0.0015225571275491927,-27.99847744287245,-27.99847744287245,27.99847744287245,1.462397997898956,0.0006607352828148362,-1.4617372626161413,1.4617372626161413
KGZ,BTN,9.0,Kyrgyzstan,Bhutan,0.006674860795667569,-8.993325139204332,-8.993325139204332,8.993325139204332,1.0,0.002889223320791783,-0.9971107766792082,0.9971107766792082
KGZ,CYP,41.0,Kyrgyzstan,Cyprus,0.007812518615928209,-40.99218748138407,-40.99218748138407,40.99218748138407,1.6232492903979006,0.003379748673502558,-1.619869541724398,1.619869541724398
KGZ,GEO,50.0,Kyrgyzstan,Georgia,0.032016311961001326,-49.967983688039,-49.967983688039,49.967983688039,1.7075701760979363,0.01368656176664362,-1.6938836143312928,1.6938836143312928
KGZ,HKG,19.0,Kyrgyzstan,Hong Kong S.A.R.,0.036090651570637795,-18.96390934842936,-18.96390934842936,18.96390934842936,1.3010299956639813,0.015397755172302916,-1.2856322404916782,1.2856322404916782
KGZ,IDN,11.0,Kyrgyzstan,Indonesia,0.8524892938496684,-10.147510706150332,-10.147510706150332,10.147510706150332,1.0791812460476249,0.2677557067266979,-0.8114255393209269,0.8114255393209269
KGZ,IND,517.0,Kyrgyzstan,India,221.98747772237834,-295.01252227762166,-295.01252227762166,295.01252227762166,2.714329759745233,2.3482804751164585,-0.36604928462877456,0.36604928462877456
KGZ,IRQ,32.0,Kyrgyzstan,Iraq,0.29306956947649654,-31.706930430523503,-31.706930430523503,31.706930430523503,1.5185139398778875,0.11162189133589492,-1.4068920485419927,1.4068920485419927
KGZ,ISR,31.0,Kyrgyzstan,Israel,0.055215017908056586,-30.944784982091942,-30.944784982091942,30.944784982091942,1.505149978319906,0.023340963497545317,-1.4818090148223606,1.4818090148223606
KGZ,JOR,13.0,Kyrgyzstan,Jordan,0.06579469894050258,-12.934205301059498,-12.934205301059498,12.934205301059498,1.146128035678238,0.027673555812367755,-1.1184544798658702,1.1184544798658702
KGZ,JPN,54.0,Kyrgyzstan,Japan,0.44634564731831794,-53.55365435268168,-53.55365435268168,53.55365435268168,1.7403626894942439,0.16027209294789707,-1.5800905965463468,1.5800905965463468
KGZ,KAZ,598.0,Kyrgyzstan,Kazakhstan,3068.4805262957702,2470.4805262957702,2470.4805262957702,2470.4805262957702,2.7774268223893115,3.4870648824307264,0.7096380600414153,0.7096380600414153
KGZ,KHM,12.0,Kyrgyzstan,Cambodia,0.07756991098024073,-11.922430089019759,-11.922430089019759,11.922430089019759,1.1139433523068367,0.03244545606525617,-1.0814978962415807,1.0814978962415807
KGZ,KOR,345.0,Kyrgyzstan,South Korea,0.24513848800632426,-344.7548615119937,-344.7548615119937,344.7548615119937,2.5390760987927767,0.09521765764227968,-2.443858441150497,2.443858441150497
KGZ,KWT,58.0,Kyrgyzstan,Kuwait,0.0313155260593958,-57.968684473940606,-57.968684473940606,57.968684473940606,1.7708520116421442,0.01339155593563059,-1.7574604557065137,1.7574604557065137
KGZ,LAO,7.0,Kyrgyzstan,Laos,0.040430055302400084,-6.9595699446976,-6.9595699446976,6.9595699446976,0.9030899869919435,0.01721288933645637,-0.8858770976554872,0.8858770976554872
KGZ,LBN,37.0,Kyrgyzstan,Lebanon,0.036490970690190944,-36.96350902930981,-36.96350902930981,36.96350902930981,1.5797835966168101,0.015565523124037126,-1.564218073492773,1.564218073492773
KGZ,LKA,19.0,Kyrgyzstan,Sri Lanka,0.11874797225421585,-18.881252027745784,-18.881252027745784,18.881252027745784,1.3010299956639813,0.048732261160077534,-1.2522977345039037,1.2522977345039037
KGZ,MAC,17.0,Kyrgyzstan,Macao S.A.R,0.0033076847016909536,-16.996692315298308,-16.996692315298308,16.996692315298308,1.255272505103306,0.0014341386799257517,-1.2538383664233803,1.2538383664233803
KGZ,MMR,21.0,Kyrgyzstan,Myanmar,0.3289689994112609,-20.67103100058874,-20.67103100058874,20.67103100058874,1.3424226808222062,0.12351485036210544,-1.2189078304601009,1.2189078304601009
KGZ,MNG,29.0,Kyrgyzstan,Mongolia,0.02868251188002619,-28.971317488119976,-28.971317488119976,28.971317488119976,1.4771212547196624,0.01228135667278834,-1.4648398980468742,1.4648398980468742
KGZ,MYS,20.0,Kyrgyzstan,Malaysia,0.1397217360942571,-19.860278263905744,-19.860278263905744,19.860278263905744,1.3222192947339193,0.05679883095910478,-1.2654204637748145,1.2654204637748145
KGZ,NPL,23.0,Kyrgyzstan,Nepal,0.34486133559675936,-22.65513866440324,-22.65513866440324,22.65513866440324,1.380211241711606,0.1286775079148839,-1.251533733796722,1.251533733796722
KGZ,OMN,22.0,Kyrgyzstan,Oman,0.03274838011731961,-21.96725161988268,-21.96725161988268,21.96725161988268,1.3617278360175928,0.013994522451178893,-1.347733313566414,1.347733313566414
KGZ,PAK,158.0,Kyrgyzstan,Pakistan,2.3610755762282807,-155.63892442377173,-155.63892442377173,155.63892442377173,2.2013971243204513,0.526478278006486,-1.6749188463139655,1.6749188463139655
KGZ,PHL,12.0,Kyrgyzstan,Philippines,0.43658439348422745,-11.563415606515772,-11.563415606515772,11.563415606515772,1.1139433523068367,0.15733114411002033,-0.9566122081968165,0.9566122081968165
KGZ,QAT,74.0,Kyrgyzstan,Qatar,0.01778720201843306,-73.98221279798156,-73.98221279798156,73.98221279798156,1.8750612633917,0.007656985613991838,-1.8674042777777082,1.8674042777777082
KGZ,SAU,19.0,Kyrgyzstan,Saudi Arabia,0.20573535302889107,-18.794264646971108,-18.794264646971108,18.794264646971108,1.3010299956639813,0.08125199492536078,-1.2197780007386205,1.2197780007386205
KGZ,SGP,26.0,Kyrgyzstan,Singapore,0.020875208174439778,-25.97912479182556,-25.97912479182556,25.97912479182556,1.4313637641589874,0.00897265715686369,-1.4223911070021236,1.4223911070021236
KGZ,SYR,15.0,Kyrgyzstan,Syria,0.1376555461243546,-14.862344453875645,-14.862344453875645,14.862344453875645,1.2041199826559248,0.05601078836668256,-1.1481091942892423,1.1481091942892423
KGZ,THA,26.0,Kyrgyzstan,Thailand,0.3711890632626342,-25.628810936737366,-25.628810936737366,25.628810936737366,1.4313637641589874,0.13709734061789905,-1.2942664235410883,1.2942664235410883
KGZ,TJK,63.0,Kyrgyzstan,Tajikistan,65.2242180048562,2.2242180048561977,2.2242180048561977,2.2242180048561977,1.806179973983887,1.8210168387219154,0.014836864738028276,0.014836864738028276
KGZ,TKM,37.0,Kyrgyzstan,Turkmenistan,15.398139144366962,-21.60186085563304,-21.60186085563304,21.60186085563304,1.5797835966168101,1.2147945672436646,-0.36498902937314553,0.36498902937314553
KGZ,TLS,21.0,Kyrgyzstan,East Timor,0.003769430763100414,-20.9962305692369,-20.9962305692369,20.9962305692369,1.3424226808222062,0.0016339653517596297,-1.3407887154704465,1.3407887154704465
KGZ,TUR,967.0,Kyrgyzstan,Turkey,0.4769193538545155,-966.5230806461454,-966.5230806461454,966.5230806461454,2.9858753573083936,0.16935678161378528,-2.8165185756946083,2.8165185756946083
KGZ,TWN,6.0,Kyrgyzstan,Taiwan,0.10646406949201746,-5.893535930507983,-5.893535930507983,5.893535930507983,0.8450980400142568,0.043937315529693925,-0.8011607244845629,0.8011607244845629
KGZ,UZB,261.0,Kyrgyzstan,Uzbekistan,596.9367779307249,335.93677793072493,335.93677793072493,335.93677793072493,2.4183012913197452,2.7766552668524,0.35835397553265463,0.35835397553265463
KGZ,VNM,76.0,Kyrgyzstan,Vietnam,0.4251468750841098,-75.57485312491589,-75.57485312491589,75.57485312491589,1.8864907251724818,0.15385962487190538,-1.7326311003005765,1.7326311003005765
KGZ,YEM,39.0,Kyrgyzstan,Yemen,0.18129026209111257,-38.81870973790889,-38.81870973790889,38.81870973790889,1.6020599913279623,0.07235662389278134,-1.529703367435181,1.529703367435181
KHM,AFG,42.0,Cambodia,Afghanistan,3.3863193423342715,-38.613680657665725,-38.613680657665725,38.613680657665725,1.6334684555795864,0.6421002469413525,-0.991368208638234,0.991368208638234
KHM,ARE,73.0,Cambodia,United Arab Emirates,0.7714262038810159,-72.22857379611898,-72.22857379611898,72.22857379611898,1.8692317197309762,0.24832306470485868,-1.6209086550261176,1.6209086550261176
KHM,ARM,23.0,Cambodia,Armenia,0.21565682478061998,-22.78434317521938,-22.78434317521938,22.78434317521938,1.380211241711606,0.08481099258580758,-1.2954002491257985,1.2954002491257985
KHM,AZE,0.0,Cambodia,Azerbaijan,0.7953321903585275,0.7953321903585275,0.7953321903585275,0.7953321903585275,0.0,0.25414481786800386,0.25414481786800386,0.25414481786800386
KHM,BGD,378.0,Cambodia,Bangladesh,189.8438413656975,-188.1561586343025,-188.1561586343025,188.1561586343025,2.578639209968072,2.280678149592691,-0.29796106037538106,0.29796106037538106
KHM,BHR,8.0,Cambodia,Bahrain,0.11866988429566015,-7.88133011570434,-7.88133011570434,7.88133011570434,0.9542425094393249,0.048701946599551196,-0.9055405628397737,0.9055405628397737
KHM,BRN,8.0,Cambodia,Brunei,3.596374067905134,-4.403625932094866,-4.403625932094866,4.403625932094866,0.9542425094393249,0.6624153657552148,-0.29182714368411017,0.29182714368411017
KHM,BTN,55.0,Cambodia,Bhutan,0.6677866092745565,-54.33221339072544,-54.33221339072544,54.33221339072544,1.7481880270062005,0.2221404825468813,-1.5260475444593191,1.5260475444593191
KHM,CYP,5.0,Cambodia,Cyprus,0.09199745157385888,-4.908002548426141,-4.908002548426141,4.908002548426141,0.7781512503836436,0.03822162484426597,-0.7399296255393777,0.7399296255393777
KHM,GEO,15.0,Cambodia,Georgia,0.2697846364116873,-14.730215363588313,-14.730215363588313,14.730215363588313,1.2041199826559248,0.10373006808248852,-1.1003899145734362,1.1003899145734362
KHM,HKG,109.0,Cambodia,Hong Kong S.A.R.,57.66989825862532,-51.33010174137468,-51.33010174137468,51.33010174137468,2.041392685158225,1.7684153350928287,-0.2729773500653963,0.2729773500653963
KHM,IDN,1551.0,Cambodia,Indonesia,653.0878120161896,-897.9121879838104,-897.9121879838104,897.9121879838104,3.1908917169221698,2.815636056755525,-0.3752556601666443,0.3752556601666443
KHM,IND,620.0,Cambodia,India,429.75786862033937,-190.24213137966063,-190.24213137966063,190.24213137966063,2.79309160017658,2.634233219415903,-0.15885838076067746,0.15885838076067746
KHM,IRQ,134.0,Cambodia,Iraq,3.1481311555504226,-130.85186884444957,-130.85186884444957,130.85186884444957,2.130333768495006,0.6178524794506889,-1.5124812890443171,1.5124812890443171
KHM,ISR,23.0,Cambodia,Israel,0.6556424362194873,-22.344357563780513,-22.344357563780513,22.344357563780513,1.380211241711606,0.21896654939081728,-1.1612446923207889,1.1612446923207889
KHM,JOR,7.0,Cambodia,Jordan,0.7811350296343701,-6.21886497036563,-6.21886497036563,6.21886497036563,0.9030899869919435,0.250696845011905,-0.6523931419800386,0.6523931419800386
KHM,JPN,3412.0,Cambodia,Japan,11.510646404870638,-3400.489353595129,-3400.489353595129,3400.489353595129,3.533136288278639,1.097279749566788,-2.435856538711851,2.435856538711851
KHM,KAZ,14.0,Cambodia,Kazakhstan,1.6517087805421868,-12.348291219457813,-12.348291219457813,12.348291219457813,1.1760912590556813,0.4235258266904092,-0.752565432365272,0.752565432365272
KHM,KGZ,15.0,Cambodia,Kyrgyzstan,0.5659871576406225,-14.434012842359378,-14.434012842359378,14.434012842359378,1.2041199826559248,0.19478819617104234,-1.0093317864848825,1.0093317864848825
KHM,KOR,5089.0,Cambodia,South Korea,6.140897098188916,-5082.859102901811,-5082.859102901811,5082.859102901811,3.7067177823367587,0.853752774846128,-2.852965007490631,2.852965007490631
KHM,KWT,11.0,Cambodia,Kuwait,0.3520734426143224,-10.647926557385677,-10.647926557385677,10.647926557385677,1.0791812460476249,0.13100028247533385,-0.948180963572291,0.948180963572291
KHM,LAO,162.0,Cambodia,Laos,134.69854442021173,-27.301455579788268,-27.301455579788268,27.301455579788268,2.2121876044039577,2.1325751891950326,-0.07961241520892529,0.07961241520892529
KHM,LBN,115.0,Cambodia,Lebanon,0.4066736568620112,-114.59332634313799,-114.59332634313799,114.59332634313799,2.0644579892269186,0.14819335439062936,-1.916264634836289,1.916264634836289
KHM,LKA,43.0,Cambodia,Sri Lanka,17.378545612570186,-25.621454387429814,-25.621454387429814,25.621454387429814,1.6434526764861874,1.2643111404871548,-0.3791415359990327,0.3791415359990327
KHM,MAC,10.0,Cambodia,Macao S.A.R,5.416181460713581,-4.583818539286419,-4.583818539286419,4.583818539286419,1.0413926851582251,0.8072766380492017,-0.23411604710902334,0.23411604710902334
KHM,MMR,853.0,Cambodia,Myanmar,547.027295287189,-305.97270471281104,-305.97270471281104,305.97270471281104,2.931457870689005,2.7388021896839962,-0.19265568100500874,0.19265568100500874
KHM,MNG,9.0,Cambodia,Mongolia,0.38864006191540645,-8.611359938084593,-8.611359938084593,8.611359938084593,1.0,0.14258969038749367,-0.8574103096125063,0.8574103096125063
KHM,MYS,1436.0,Cambodia,Malaysia,507.7312591176277,-928.2687408823723,-928.2687408823723,928.2687408823723,3.157456768134226,2.7064884237827336,-0.45096834435149225,0.45096834435149225
KHM,NPL,67.0,Cambodia,Nepal,24.349886006027056,-42.650113993972944,-42.650113993972944,42.650113993972944,1.8325089127062364,1.4039760107279453,-0.4285329019782911,0.4285329019782911
KHM,OMN,9.0,Cambodia,Oman,0.36942061199172144,-8.630579388008279,-8.630579388008279,8.630579388008279,1.0,0.13653686041380086,-0.8634631395861991,0.8634631395861991
KHM,PAK,395.0,Cambodia,Pakistan,24.980476332686184,-370.0195236673138,-370.0195236673138,370.0195236673138,2.597695185925512,1.4146471092759143,-1.183048076649598,1.183048076649598
KHM,PHL,1450.0,Cambodia,Philippines,616.0875187851883,-833.9124812148117,-833.9124812148117,833.9124812148117,3.161667412437736,2.7903467624611578,-0.3713206499765783,0.3713206499765783
KHM,QAT,51.0,Cambodia,Qatar,0.21037859908322123,-50.78962140091678,-50.78962140091678,50.78962140091678,1.7160033436347992,0.08292123624593722,-1.633082107388862,1.633082107388862
KHM,SAU,77.0,Cambodia,Saudi Arabia,2.4181743311606496,-74.58182566883934,-74.58182566883934,74.58182566883934,1.8920946026904804,0.5337942085106343,-1.3583003941798462,1.3583003941798462
KHM,SGP,216.0,Cambodia,Singapore,45.95464875503888,-170.04535124496113,-170.04535124496113,170.04535124496113,2.3364597338485296,1.6716785961487874,-0.6647811376997421,0.6647811376997421
KHM,SYR,47.0,Cambodia,Syria,1.5389357337815865,-45.461064266218415,-45.461064266218415,45.461064266218415,1.6812412373755872,0.40465170803509865,-1.2765895293404885,1.2765895293404885
KHM,THA,16121.0,Cambodia,Thailand,2198.816059383126,-13922.183940616875,-13922.183940616875,13922.183940616875,4.207418916816812,3.3423863682155543,-0.865032548601258,0.865032548601258
KHM,TJK,19.0,Cambodia,Tajikistan,0.8173197728059073,-18.182680227194094,-18.182680227194094,18.182680227194094,1.3010299956639813,0.259431351824372,-1.0415986438396092,1.0415986438396092
KHM,TKM,11.0,Cambodia,Turkmenistan,0.5593605689837742,-10.440639431016226,-10.440639431016226,10.440639431016226,1.0791812460476249,0.19294654816779477,-0.88623469787983,0.88623469787983
KHM,TLS,20.0,Cambodia,East Timor,1.0285707096754602,-18.97142929032454,-18.97142929032454,18.97142929032454,1.3222192947339193,0.3071901504611762,-1.015029144272743,1.015029144272743
KHM,TUR,148.0,Cambodia,Turkey,5.726994211279392,-142.2730057887206,-142.2730057887206,142.2730057887206,2.173186268412274,0.827821053963388,-1.3453652144488861,1.3453652144488861
KHM,TWN,388.0,Cambodia,Taiwan,20.88588054618667,-367.1141194538133,-367.1141194538133,367.1141194538133,2.5899496013257077,1.3401640244998227,-1.249785576825885,1.249785576825885
KHM,UZB,37.0,Cambodia,Uzbekistan,2.7706255445236336,-34.22937445547637,-34.22937445547637,34.22937445547637,1.5797835966168101,0.5764134053778255,-1.0033701912389847,1.0033701912389847
KHM,VNM,5751.0,Cambodia,Vietnam,33535.57868533965,27784.57868533965,27784.57868533965,27784.57868533965,3.7598188773748262,4.525518754934737,0.765699877559911,0.765699877559911
KHM,YEM,36.0,Cambodia,Yemen,2.7809361747890784,-33.219063825210924,-33.219063825210924,33.219063825210924,1.568201724066995,0.5775993461880138,-0.9906023778789812,0.9906023778789812
KOR,AFG,17.0,South Korea,Afghanistan,49.33038496936064,32.33038496936064,32.33038496936064,32.33038496936064,1.255272505103306,1.7018302522614275,0.44655774715812147,0.44655774715812147
KOR,ARE,787.0,South Korea,United Arab Emirates,7.694921574917357,-779.3050784250827,-779.3050784250827,779.3050784250827,2.8965262174895554,0.9392656691755068,-1.9572605483140486,1.9572605483140486
KOR,ARM,15.0,South Korea,Armenia,2.353387162126004,-12.646612837873995,-12.646612837873995,12.646612837873995,1.2041199826559248,0.5254836973799661,-0.6786362852759587,0.6786362852759587
KOR,AZE,43.0,South Korea,Azerbaijan,8.15603766567257,-34.84396233432743,-34.84396233432743,34.84396233432743,1.6434526764861874,0.9617075705861781,-0.6817451059000094,0.6817451059000094
KOR,BGD,1718.0,South Korea,Bangladesh,2626.986269232686,908.986269232686,908.986269232686,908.986269232686,3.2352758766870524,3.4196230917811774,0.18434721509412488,0.18434721509412488
KOR,BHR,41.0,South Korea,Bahrain,1.1840740727880081,-39.81592592721199,-39.81592592721199,39.81592592721199,1.6232492903979006,0.3392673633630902,-1.2839819270348103,1.2839819270348103
KOR,BRN,50.0,South Korea,Brunei,5.46778035734015,-44.532219642659854,-44.532219642659854,44.532219642659854,1.7075701760979363,0.8107552630564357,-0.8968149130415007,0.8968149130415007
KOR,BTN,6.0,South Korea,Bhutan,25.685759409347575,19.685759409347575,19.685759409347575,19.685759409347575,0.8450980400142568,1.4262795662400887,0.5811815262258319,0.5811815262258319
KOR,CYP,38.0,South Korea,Cyprus,0.9061614747045036,-37.093838525295496,-37.093838525295496,37.093838525295496,1.591064607026499,0.2801596878042627,-1.3109049192222366,1.3109049192222366
KOR,GEO,18.0,South Korea,Georgia,2.9771485059063383,-15.022851494093661,-15.022851494093661,15.022851494093661,1.2787536009528289,0.5995718077552832,-0.6791817931975458,0.6791817931975458
KOR,HKG,784.0,South Korea,Hong Kong S.A.R.,1145.4796616727065,361.47966167270647,361.47966167270647,361.47966167270647,2.8948696567452528,3.059366354834243,0.16449669808899073,0.16449669808899073
KOR,IDN,9683.0,South Korea,Indonesia,303.6321777496267,-9379.367822250373,-9379.367822250373,9379.367822250373,3.9860547807696953,2.4837757751688354,-1.50227900560086,1.50227900560086
KOR,IND,1446.0,South Korea,India,5009.93508245186,3563.9350824518597,3563.9350824518597,3563.9350824518597,3.1604685311190375,3.69991877641728,0.5394502452982426,0.5394502452982426
KOR,IRQ,231.0,South Korea,Iraq,33.116638031565934,-197.88336196843406,-197.88336196843406,197.88336196843406,2.3654879848909,1.5329662277628449,-0.8325217571280549,0.8325217571280549
KOR,ISR,71.0,South Korea,Israel,6.413751568392824,-64.58624843160717,-64.58624843160717,64.58624843160717,1.8573324964312685,0.8700380289171998,-0.9872944675140686,0.9872944675140686
KOR,JOR,80.0,South Korea,Jordan,7.6183094359036865,-72.38169056409632,-72.38169056409632,72.38169056409632,1.9084850188786497,0.9354220831490663,-0.9730629357295835,0.9730629357295835
KOR,JPN,10250.0,South Korea,Japan,91434.4007999256,81184.4007999256,81184.4007999256,81184.4007999256,4.010766233518425,4.961114372926952,0.9503481394085265,0.9503481394085265
KOR,KAZ,2155.0,South Korea,Kazakhstan,215.39224997626414,-1939.607750023736,-1939.607750023736,1939.607750023736,3.3336487565147013,2.3352417025860346,-0.9984070539286665,0.9984070539286665
KOR,KGZ,501.0,South Korea,Kyrgyzstan,72.0359414797394,-428.9640585202606,-428.9640585202606,428.9640585202606,2.7007037171450192,1.863536631969759,-0.8371670851752603,0.8371670851752603
KOR,KHM,9873.0,South Korea,Cambodia,582.7951176909097,-9290.20488230909,-9290.20488230909,9290.20488230909,3.9944931228835125,2.7662604586397257,-1.2282326642437866,1.2282326642437866
KOR,KWT,67.0,South Korea,Kuwait,3.512988877325502,-63.487011122674495,-63.487011122674495,63.487011122674495,1.8325089127062364,0.6544642631629309,-1.1780446495433055,1.1780446495433055
KOR,LAO,231.0,South Korea,Laos,456.99150582783875,225.99150582783875,225.99150582783875,225.99150582783875,2.3654879848909,2.6608574234049462,0.2953694385140467,0.2953694385140467
KOR,LBN,43.0,South Korea,Lebanon,4.236015457204724,-38.76398454279528,-38.76398454279528,38.76398454279528,1.6434526764861874,0.7190009199583226,-0.9244517565278648,0.9244517565278648
KOR,LKA,4127.0,South Korea,Sri Lanka,18.067924043792356,-4108.932075956208,-4108.932075956208,4108.932075956208,3.615739688619155,1.2803034132661462,-2.335436275353009,2.335436275353009
KOR,MAC,86.0,South Korea,Macao S.A.R,100.63513286597778,14.63513286597778,14.63513286597778,14.63513286597778,1.9395192526186185,2.007043859250625,0.06752460663200618,0.06752460663200618
KOR,MMR,5430.0,South Korea,Myanmar,1190.6996242184214,-4239.300375781579,-4239.300375781579,4239.300375781579,3.7348798027926273,3.0761668023978053,-0.6587130003948224,0.6587130003948224
KOR,MNG,4980.0,South Korea,Mongolia,544.1551303757517,-4435.8448696242485,-4435.8448696242485,4435.8448696242485,3.697316541732383,2.7365201035233677,-0.9607964382090155,0.9607964382090155
KOR,MYS,2377.0,South Korea,Malaysia,343.9537799475964,-2033.0462200524037,-2033.0462200524037,2033.0462200524037,3.376211850282673,2.5377609082372117,-0.838450942045461,0.838450942045461
KOR,NPL,6465.0,South Korea,Nepal,341.0319238227245,-6123.968076177275,-6123.968076177275,6123.968076177275,3.810635700275537,2.5340666431702017,-1.2765690571053356,1.2765690571053356
KOR,OMN,109.0,South Korea,Oman,3.684836227349053,-105.31516377265095,-105.31516377265095,105.31516377265095,2.041392685158225,0.6706944134091155,-1.3706982717491096,1.3706982717491096
KOR,PAK,1313.0,South Korea,Pakistan,214.0955134988487,-1098.9044865011513,-1098.9044865011513,1098.9044865011513,3.118595365223762,2.3326313518890265,-0.7859640133347355,0.7859640133347355
KOR,PHL,10443.0,South Korea,Philippines,10864.397432117361,421.39743211736095,421.39743211736095,421.39743211736095,4.018866863150907,4.036045616475112,0.017178753324205553,0.017178753324205553
KOR,QAT,191.0,South Korea,Qatar,2.0991153675772534,-188.90088463242276,-188.90088463242276,188.90088463242276,2.2833012287035497,0.4912377435737794,-1.7920634851297703,1.7920634851297703
KOR,SAU,261.0,South Korea,Saudi Arabia,23.605439668333076,-237.39456033166692,-237.39456033166692,237.39456033166692,2.4183012913197452,1.3910311297368922,-1.0272701615828532,1.0272701615828532
KOR,SGP,1329.0,South Korea,Singapore,54.032183124379436,-1274.9678168756207,-1274.9678168756207,1274.9678168756207,3.123851640967086,1.7406167415966396,-1.3832348993704462,1.3832348993704462
KOR,SYR,30.0,South Korea,Syria,15.916848730808173,-14.083151269191827,-14.083151269191827,14.083151269191827,1.4913616938342726,1.2283194658967125,-0.26304222793756005,0.26304222793756005
KOR,THA,25212.0,South Korea,Thailand,2050.1239854022947,-23161.876014597707,-23161.876014597707,23161.876014597707,4.401624523817264,3.3119919131955657,-1.089632610621699,1.089632610621699
KOR,TJK,71.0,South Korea,Tajikistan,12.630495236535923,-58.36950476346408,-58.36950476346408,58.36950476346408,1.8573324964312685,1.1345116353348583,-0.7228208610964101,0.7228208610964101
KOR,TKM,6.0,South Korea,Turkmenistan,5.70238074673739,-0.2976192532626101,-0.2976192532626101,0.2976192532626101,0.8450980400142568,0.8262290954643692,-0.018868944549887672,0.018868944549887672
KOR,TLS,354.0,South Korea,East Timor,1.7043013047167255,-352.29569869528325,-352.29569869528325,352.29569869528325,2.550228353055094,0.43205507768596313,-2.118173275369131,2.118173275369131
KOR,TUR,358.0,South Korea,Turkey,60.0357228232745,-297.9642771767255,-297.9642771767255,297.9642771767255,2.5550944485783194,1.7855840921268036,-0.7695103564515156,0.7695103564515156
KOR,TWN,1210.0,South Korea,Taiwan,4390.038383735529,3180.0383837355294,3180.0383837355294,3180.0383837355294,3.0831441431430524,3.6425672334541206,0.5594230903110682,0.5594230903110682
KOR,UZB,3398.0,South Korea,Uzbekistan,44.32942611027933,-3353.670573889721,-3353.670573889721,3353.670573889721,3.5313511645830595,1.656380220741533,-1.8749709438415265,1.8749709438415265
KOR,VNM,20950.0,South Korea,Vietnam,4587.847991496692,-16362.152008503308,-16362.152008503308,16362.152008503308,4.321204756854448,3.6617036716524725,-0.6595010852019757,0.6595010852019757
KOR,YEM,52.0,South Korea,Yemen,24.910264565233593,-27.089735434766407,-27.089735434766407,27.089735434766407,1.724275869600789,1.4134718475143637,-0.3108040220864254,0.3108040220864254
KWT,AFG,275.0,Kuwait,Afghanistan,92.57097287368751,-182.4290271263125,-182.4290271263125,182.4290271263125,2.4409090820652177,1.9711411449355813,-0.4697679371296363,0.4697679371296363
KWT,ARE,1910.0,Kuwait,United Arab Emirates,638.2083325338039,-1271.791667466196,-1271.791667466196,1271.791667466196,3.281260687055013,2.8056424276793153,-0.4756182593756978,0.4756182593756978
KWT,ARM,13.0,Kuwait,Armenia,75.44061317750425,62.44061317750425,62.44061317750425,62.44061317750425,1.146128035678238,1.8833241621419816,0.7371961264637436,0.7371961264637436
KWT,AZE,30.0,Kuwait,Azerbaijan,303.57127443809406,273.57127443809406,273.57127443809406,273.57127443809406,1.4913616938342726,2.4836889405584226,0.9923272467241501,0.9923272467241501
KWT,BGD,10675.0,Kuwait,Bangladesh,17.689070546225985,-10657.310929453773,-10657.310929453773,10657.310929453773,4.02840856511547,1.2715877033754883,-2.756820861739982,2.756820861739982
KWT,BHR,222.0,Kuwait,Bahrain,28419.84365897335,28197.84365897335,28197.84365897335,28197.84365897335,2.3483048630481607,4.453636965604066,2.1053321025559057,2.1053321025559057
KWT,BRN,20.0,Kuwait,Brunei,0.026592650733258043,-19.973407349266743,-19.973407349266743,19.973407349266743,1.3222192947339193,0.011398150868230476,-1.3108211438656887,1.3108211438656887
KWT,BTN,99.0,Kuwait,Bhutan,0.09026636174968726,-98.90973363825032,-98.90973363825032,98.90973363825032,2.0,0.03753261290041411,-1.962467387099586,1.962467387099586
KWT,CYP,5.0,Kuwait,Cyprus,23.19350682959818,18.19350682959818,18.19350682959818,18.19350682959818,0.7781512503836436,1.3836988235648373,0.6055475731811938,0.6055475731811938
KWT,GEO,25.0,Kuwait,Georgia,67.83850057535898,42.83850057535898,42.83850057535898,42.83850057535898,1.414973347970818,1.837831402054424,0.422858054083606,0.422858054083606
KWT,HKG,172.0,Kuwait,Hong Kong S.A.R.,0.5733174065427706,-171.42668259345723,-171.42668259345723,171.42668259345723,2.2380461031287955,0.19681634754645974,-2.0412297555823358,2.0412297555823358
KWT,IDN,526.0,Kuwait,Indonesia,18.02848219844838,-507.9715178015516,-507.9715178015516,507.9715178015516,2.7218106152125467,1.279404148290848,-1.4424064669216987,1.4424064669216987
KWT,IND,48312.0,Kuwait,India,566.3760737173062,-47745.62392628269,-47745.62392628269,47745.62392628269,4.684064005878024,2.753871017621908,-1.9301929882561155,1.9301929882561155
KWT,IRQ,545.0,Kuwait,Iraq,7240.348172249012,6695.348172249012,6695.348172249012,6695.348172249012,2.7371926427047373,3.8598194293547934,1.122626786650056,1.122626786650056
KWT,ISR,22.0,Kuwait,Israel,201.4170607919557,179.4170607919557,179.4170607919557,179.4170607919557,1.3617278360175928,2.3062471143710335,0.9445192783534405,0.9445192783534405
KWT,JOR,883.0,Kuwait,Jordan,581.6811439942139,-301.3188560057861,-301.3188560057861,301.3188560057861,2.946452265013073,2.7654309642172064,-0.18102130079586676,0.18102130079586676
KWT,JPN,121.0,Kuwait,Japan,6.632258925267377,-114.36774107473262,-114.36774107473262,114.36774107473262,2.0863598306747484,0.8826530954365247,-1.2037067352382236,1.2037067352382236
KWT,KAZ,32.0,Kuwait,Kazakhstan,2.380947245326612,-29.619052754673387,-29.619052754673387,29.619052754673387,1.5185139398778875,0.5290383942965904,-0.989475545581297,0.989475545581297
KWT,KGZ,32.0,Kuwait,Kyrgyzstan,9.06209835617099,-22.937901643829008,-22.937901643829008,22.937901643829008,1.5185139398778875,1.0026885582027636,-0.5158253816751238,0.5158253816751238
KWT,KHM,16.0,Kuwait,Cambodia,1.4602258590397996,-14.539774140960201,-14.539774140960201,14.539774140960201,1.2304489213782739,0.39097497898631783,-0.839473942391956,0.839473942391956
KWT,KOR,188.0,Kuwait,South Korea,3.8131461400046773,-184.18685385999532,-184.18685385999532,184.18685385999532,2.2764618041732443,0.6824290482209032,-1.5940327559523408,1.5940327559523408
KWT,LAO,3.0,Kuwait,Laos,0.6478737742761109,-2.352126225723889,-2.352126225723889,2.352126225723889,0.6020599913279624,0.2169239420486849,-0.3851360492792775,0.3851360492792775
KWT,LBN,771.0,Kuwait,Lebanon,137.4904470901799,-633.5095529098201,-633.5095529098201,633.5095529098201,2.887617300335736,2.141419817305835,-0.7461974830299011,0.7461974830299011
KWT,LKA,4407.0,Kuwait,Sri Lanka,2.543473166282891,-4404.456526833717,-4404.456526833717,4404.456526833717,3.6442415858437287,0.549429148321073,-3.0948124375226556,3.0948124375226556
KWT,MAC,51.0,Kuwait,Macao S.A.R,0.05253377846081224,-50.94746622153919,-50.94746622153919,50.94746622153919,1.7160033436347992,0.022236042335487385,-1.6937673012993117,1.6937673012993117
KWT,MMR,21.0,Kuwait,Myanmar,5.097306387668093,-15.902693612331907,-15.902693612331907,15.902693612331907,1.3424226808222062,0.7851380187270778,-0.5572846620951285,0.5572846620951285
KWT,MNG,34.0,Kuwait,Mongolia,0.3134388775223054,-33.68656112247769,-33.68656112247769,33.68656112247769,1.5440680443502757,0.11840986716972593,-1.4256581771805497,1.4256581771805497
KWT,MYS,212.0,Kuwait,Malaysia,2.8924721958253725,-209.10752780417462,-209.10752780417462,209.10752780417462,2.3283796034387376,0.5902255190583361,-1.7381540843804018,1.7381540843804018
KWT,NPL,5666.0,Kuwait,Nepal,3.45383427162605,-5662.546165728374,-5662.546165728374,5662.546165728374,3.753353212641496,0.6487340527839225,-3.1046191598575734,3.1046191598575734
KWT,OMN,308.0,Kuwait,Oman,123.28850250226007,-184.7114974977399,-184.7114974977399,184.7114974977399,2.4899584794248346,2.0944309554254468,-0.39552752399938806,0.39552752399938806
KWT,PAK,3029.0,Kuwait,Pakistan,1307.809675045807,-1721.190324954193,-1721.190324954193,1721.190324954193,3.481442628502305,3.116876496751664,-0.3645661317506413,0.3645661317506413
KWT,PHL,28587.0,Kuwait,Philippines,6.4093838943192445,-28580.59061610568,-28580.59061610568,28580.59061610568,4.45618377342913,0.8697820969912489,-3.5864016764378808,3.5864016764378808
KWT,QAT,835.0,Kuwait,Qatar,202.69370209090656,-632.3062979090935,-632.3062979090935,632.3062979090935,2.9222062774390163,2.308977601462365,-0.6132286759766516,0.6132286759766516
KWT,SAU,2106.0,Kuwait,Saudi Arabia,70948.36294009878,68842.36294009878,68842.36294009878,68842.36294009878,3.3236645356081,4.850948500246743,1.5272839646386434,1.5272839646386434
KWT,SGP,114.0,Kuwait,Singapore,0.4310348229251651,-113.56896517707483,-113.56896517707483,113.56896517707483,2.060697840353612,0.15565020204785066,-1.905047638305761,1.905047638305761
KWT,SYR,943.0,Kuwait,Syria,838.8902759188003,-104.10972408119972,-104.10972408119972,104.10972408119972,2.974971994298069,2.9242225531147983,-0.05074944118327058,0.05074944118327058
KWT,THA,449.0,Kuwait,Thailand,6.488176526669255,-442.51182347333076,-442.51182347333076,442.51182347333076,2.6532125137753435,0.8743760739317998,-1.778836439843544,1.778836439843544
KWT,TJK,3.0,Kuwait,Tajikistan,15.184582046634477,12.184582046634477,12.184582046634477,12.184582046634477,0.6020599913279624,1.209101488589747,0.6070414972617846,0.6070414972617846
KWT,TKM,3.0,Kuwait,Turkmenistan,136.89935685253454,133.89935685253454,133.89935685253454,133.89935685253454,0.6020599913279624,2.139562240678775,1.5375022493508124,1.5375022493508124
KWT,TLS,26.0,Kuwait,East Timor,0.06755547465502483,-25.932444525344977,-25.932444525344977,25.932444525344977,1.4313637641589874,0.028390452044211426,-1.4029733121147758,1.4029733121147758
KWT,TUR,737.0,Kuwait,Turkey,154.10133799995862,-582.8986620000414,-582.8986620000414,582.8986620000414,2.8680563618230415,2.19061554432226,-0.6774408175007816,0.6774408175007816
KWT,TWN,29.0,Kuwait,Taiwan,1.7820716161163839,-27.217928383883617,-27.217928383883617,27.217928383883617,1.4771212547196624,0.44436830541297845,-1.032752949306684,1.032752949306684
KWT,UZB,15.0,Kuwait,Uzbekistan,48.52015921173524,33.52015921173524,33.52015921173524,33.52015921173524,1.2041199826559248,1.6947820323098588,0.49066204965393395,0.49066204965393395
KWT,VNM,126.0,Kuwait,Vietnam,7.923184682593678,-118.07681531740633,-118.07681531740633,118.07681531740633,2.103803720955957,0.950519881644667,-1.1532838393112899,1.1532838393112899
KWT,YEM,153.0,Kuwait,Yemen,529.4109658300562,376.41096583005617,376.41096583005617,376.41096583005617,2.187520720836463,2.7246124941867866,0.5370917733503237,0.5370917733503237
LAO,AFG,24.0,Laos,Afghanistan,1.078757281348875,-22.921242718651126,-22.921242718651126,22.921242718651126,1.3979400086720377,0.3178037834514357,-1.080136225220602,1.080136225220602
LAO,ARE,11.0,Laos,United Arab Emirates,0.22593729413470515,-10.774062705865294,-10.774062705865294,10.774062705865294,1.0791812460476249,0.08846825688081497,-0.9907129891668098,0.9907129891668098
LAO,ARM,8.0,Laos,Armenia,0.0648807595335372,-7.935119240466463,-7.935119240466463,7.935119240466463,0.9542425094393249,0.02730098019180226,-0.9269415292475226,0.9269415292475226
LAO,AZE,30.0,Laos,Azerbaijan,0.23479869402764356,-29.765201305972358,-29.765201305972358,29.765201305972358,1.4913616938342726,0.09159616148313209,-1.3997655323511407,1.3997655323511407
LAO,BGD,115.0,Laos,Bangladesh,300.9458475747814,185.9458475747814,185.9458475747814,185.9458475747814,2.0644579892269186,2.4799290614728697,0.4154710722459515,0.4154710722459515
LAO,BHR,9.0,Laos,Bahrain,0.03492637904225814,-8.965073620957742,-8.965073620957742,8.965073620957742,1.0,0.014909456736993145,-0.9850905432630068,0.9850905432630068
LAO,BRN,27.0,Laos,Brunei,0.40731600392665684,-26.592683996073344,-26.592683996073344,26.592683996073344,1.4471580313422192,0.1483916264698591,-1.2987664048723602,1.2987664048723602
LAO,BTN,5.0,Laos,Bhutan,0.7198200254309299,-4.28017997456907,-4.28017997456907,4.28017997456907,0.7781512503836436,0.235483001528591,-0.5426682488550526,0.5426682488550526
LAO,CYP,18.0,Laos,Cyprus,0.027076270307848354,-17.972923729692152,-17.972923729692152,17.972923729692152,1.2787536009528289,0.011602695344037232,-1.2671509056087917,1.2671509056087917
LAO,GEO,23.0,Laos,Georgia,0.0815276158649383,-22.91847238413506,-22.91847238413506,22.91847238413506,1.380211241711606,0.034037613247725765,-1.3461736284638803,1.3461736284638803
LAO,HKG,14.0,Laos,Hong Kong S.A.R.,22.8140254924572,8.814025492457201,8.814025492457201,8.814025492457201,1.1760912590556813,1.3768328141949628,0.2007415551392816,0.2007415551392816
LAO,IDN,234.0,Laos,Indonesia,94.39240185495501,-139.607598145045,-139.607598145045,139.607598145045,2.3710678622717363,1.9795137838877377,-0.39155407838399864,0.39155407838399864
LAO,IND,136.0,Laos,India,126.73936714363055,-9.260632856369455,-9.260632856369455,9.260632856369455,2.1367205671564067,2.1063247602115864,-0.030395806944820428,0.030395806944820428
LAO,IRQ,40.0,Laos,Iraq,0.9496648879916034,-39.0503351120084,-39.0503351120084,39.0503351120084,1.6127838567197355,0.28995997043792343,-1.322823886281812,1.322823886281812
LAO,ISR,33.0,Laos,Israel,0.1929656911650735,-32.80703430883493,-32.80703430883493,32.80703430883493,1.5314789170422551,0.07662795385312,-1.454850963189135,1.454850963189135
LAO,JOR,26.0,Laos,Jordan,0.2299000988340332,-25.770099901165967,-25.770099901165967,25.770099901165967,1.4313637641589874,0.0898698364091969,-1.3414939277497904,1.3414939277497904
LAO,JPN,331.0,Laos,Japan,3.1277298927123227,-327.8722701072877,-327.8722701072877,327.8722701072877,2.5211380837040362,0.615711270512912,-1.9054268131911243,1.9054268131911243
LAO,KAZ,31.0,Laos,Kazakhstan,0.6635649601805633,-30.33643503981944,-30.33643503981944,30.33643503981944,1.505149978319906,0.22103976420522353,-1.2841102141146825,1.2841102141146825
LAO,KGZ,0.0,Laos,Kyrgyzstan,0.18271854952875832,0.18271854952875832,0.18271854952875832,0.18271854952875832,0.0,0.07288140825497906,0.07288140825497906,0.07288140825497906
LAO,KHM,520.0,Laos,Cambodia,166.33572839704237,-353.6642716029576,-353.6642716029576,353.6642716029576,2.7168377232995247,2.223588678494134,-0.49324904480539034,0.49324904480539034
LAO,KOR,371.0,Laos,South Korea,1.8094086754077414,-369.1905913245923,-369.1905913245923,369.1905913245923,2.5705429398818973,0.448614919181903,-2.1219280206999946,2.1219280206999946
LAO,KWT,24.0,Laos,Kuwait,0.10290049806550529,-23.897099501934495,-23.897099501934495,23.897099501934495,1.3979400086720377,0.042536332847859064,-1.3554036758241785,1.3554036758241785
LAO,LBN,23.0,Laos,Lebanon,0.11969033567670939,-22.880309664323292,-22.880309664323292,22.880309664323292,1.380211241711606,0.049097929722007376,-1.3311133119895986,1.3311133119895986
LAO,LKA,41.0,Laos,Sri Lanka,5.114774273779213,-35.88522572622079,-35.88522572622079,35.88522572622079,1.6232492903979006,0.7863804297351007,-0.8368688606627999,0.8368688606627999
LAO,MAC,14.0,Laos,Macao S.A.R,2.152156472934531,-11.84784352706547,-11.84784352706547,11.84784352706547,1.1760912590556813,0.498607767715156,-0.6774834913405252,0.6774834913405252
LAO,MMR,282.0,Laos,Myanmar,990.740071128732,708.740071128732,708.740071128732,708.740071128732,2.45178643552429,2.996397861200044,0.5446114256757538,0.5446114256757538
LAO,MNG,9.0,Laos,Mongolia,0.11451086162081496,-8.885489138379185,-8.885489138379185,8.885489138379185,1.0,0.04708430531423647,-0.9529156946857635,0.9529156946857635
LAO,MYS,136.0,Laos,Malaysia,34.35758130643301,-101.64241869356698,-101.64241869356698,101.64241869356698,2.1367205671564067,1.5484825487280045,-0.5882380184284022,0.5882380184284022
LAO,NPL,13.0,Laos,Nepal,16.271048824605458,3.271048824605458,3.271048824605458,3.271048824605458,1.146128035678238,1.237318711910698,0.09119067623246013,0.09119067623246013
LAO,OMN,26.0,Laos,Oman,0.10872618943741308,-25.891273810562588,-25.891273810562588,25.891273810562588,1.4313637641589874,0.04482430620440145,-1.3865394579545858,1.3865394579545858
LAO,PAK,80.0,Laos,Pakistan,7.245946444367743,-72.75405355563225,-72.75405355563225,72.75405355563225,1.9084850188786497,0.9162405098261092,-0.9922445090525406,0.9922445090525406
LAO,PHL,331.0,Laos,Philippines,81.98845367832413,-249.01154632167587,-249.01154632167587,249.01154632167587,2.5211380837040362,1.9190176724650851,-0.6021204112389511,0.6021204112389511
LAO,QAT,40.0,Laos,Qatar,0.06191766965621419,-39.93808233034379,-39.93808233034379,39.93808233034379,1.6127838567197355,0.02609084725389879,-1.5866930094658367,1.5866930094658367
LAO,SAU,24.0,Laos,Saudi Arabia,0.7117060388291337,-23.288293961170865,-23.288293961170865,23.288293961170865,1.3979400086720377,0.23342918284337796,-1.1645108258286596,1.1645108258286596
LAO,SGP,65.0,Laos,Singapore,5.162487879464061,-59.83751212053594,-59.83751212053594,59.83751212053594,1.8195439355418688,0.7897560781048316,-1.029787857437037,1.029787857437037
LAO,SYR,10.0,Laos,Syria,0.4529325454284362,-9.547067454571565,-9.547067454571565,9.547067454571565,1.0413926851582251,0.16224545199366205,-0.879147233164563,0.879147233164563
LAO,THA,16163.0,Laos,Thailand,23852.773124231546,7689.773124231546,7689.773124231546,7689.773124231546,4.20854884177061,4.377557084316515,0.1690082425459047,0.1690082425459047
LAO,TJK,54.0,Laos,Tajikistan,0.26352192437813365,-53.73647807562187,-53.73647807562187,53.73647807562187,1.7403626894942439,0.10158278211175738,-1.6387799073824865,1.6387799073824865
LAO,TKM,22.0,Laos,Turkmenistan,0.16573379857233425,-21.834266201427667,-21.834266201427667,21.834266201427667,1.3617278360175928,0.06659938832165842,-1.2951284476959344,1.2951284476959344
LAO,TLS,26.0,Laos,East Timor,0.035881729149652604,-25.964118270850346,-25.964118270850346,25.964118270850346,1.4313637641589874,0.015310173063842886,-1.4160535910951444,1.4160535910951444
LAO,TUR,42.0,Laos,Turkey,1.685542813015764,-40.314457186984235,-40.314457186984235,40.314457186984235,1.6334684555795864,0.42903208030425377,-1.2044363752753329,1.2044363752753329
LAO,TWN,37.0,Laos,Taiwan,12.02211722972145,-24.977882770278548,-24.977882770278548,24.977882770278548,1.5797835966168101,1.1146816007015532,-0.46510199591525686,0.46510199591525686
LAO,UZB,21.0,Laos,Uzbekistan,0.892672662091417,-20.107327337908583,-20.107327337908583,20.107327337908583,1.3424226808222062,0.2770755091882607,-1.0653471716339455,1.0653471716339455
LAO,VNM,6756.0,Laos,Vietnam,519.4063222170315,-6236.593677782968,-6236.593677782968,6236.593677782968,3.829753918924975,2.716342563998872,-1.113411354926103,1.113411354926103
LAO,YEM,9.0,Laos,Yemen,0.791815704840172,-8.208184295159828,-8.208184295159828,8.208184295159828,1.0,0.2532933387597329,-0.7467066612402671,0.7467066612402671
LBN,AFG,34.0,Lebanon,Afghanistan,84.92361617724045,50.92361617724045,50.92361617724045,50.92361617724045,1.5440680443502757,1.9341125464371023,0.3900445020868266,0.3900445020868266
LBN,ARE,2684.0,Lebanon,United Arab Emirates,43.5201186156074,-2640.4798813843927,-2640.4798813843927,2640.4798813843927,3.428944290035574,1.6485563127613934,-1.7803879772741809,1.7803879772741809
LBN,ARM,394.0,Lebanon,Armenia,25.468270078039897,-368.5317299219601,-368.5317299219601,368.5317299219601,2.59659709562646,1.4227255574663435,-1.1738715381601166,1.1738715381601166
LBN,AZE,28.0,Lebanon,Azerbaijan,74.00367236040182,46.00367236040182,46.00367236040182,46.00367236040182,1.462397997898956,1.8750825280158694,0.4126845301169134,0.4126845301169134
LBN,BGD,2309.0,Lebanon,Bangladesh,9.62671693292015,-2299.3732830670797,-2299.3732830670797,2299.3732830670797,3.3636119798921444,1.0263991122991,-2.337212867593044,2.337212867593044
LBN,BHR,85.0,Lebanon,Bahrain,7.696191258776609,-77.30380874122339,-77.30380874122339,77.30380874122339,1.9344984512435677,0.9393290827937252,-0.9951693684498426,0.9951693684498426
LBN,BRN,17.0,Lebanon,Brunei,0.013146027536666658,-16.986853972463333,-16.986853972463333,16.986853972463333,1.255272505103306,0.00567204593558757,-1.2496004591677186,1.2496004591677186
LBN,BTN,24.0,Lebanon,Bhutan,0.04813580272526713,-23.951864197274734,-23.951864197274734,23.951864197274734,1.3979400086720377,0.02041755607638246,-1.377522452595655,1.377522452595655
LBN,CYP,383.0,Lebanon,Cyprus,152.03693534001658,-230.96306465998342,-230.96306465998342,230.96306465998342,2.584331224367531,2.1847962600887225,-0.39953496427880836,0.39953496427880836
LBN,GEO,47.0,Lebanon,Georgia,30.757625927326774,-16.242374072673226,-16.242374072673226,16.242374072673226,1.6812412373755872,1.5018480288558422,-0.17939320851974502,0.17939320851974502
LBN,HKG,23.0,Lebanon,Hong Kong S.A.R.,0.3057295436015531,-22.694270456398446,-22.694270456398446,22.694270456398446,1.380211241711606,0.11585323062577887,-1.2643580110858272,1.2643580110858272
LBN,IDN,259.0,Lebanon,Indonesia,9.613940849272215,-249.3860591507278,-249.3860591507278,249.3860591507278,2.4149733479708178,1.0258766630082472,-1.3890966849625708,1.3890966849625708
LBN,IND,806.0,Lebanon,India,289.90686538372944,-516.0931346162706,-516.0931346162706,516.0931346162706,2.90687353472207,2.463753970690465,-0.44311956403160524,0.44311956403160524
LBN,IRQ,1661.0,Lebanon,Iraq,2567.5590200444794,906.5590200444794,906.5590200444794,906.5590200444794,3.220631019448092,3.409689549342097,0.1890585298940047,0.1890585298940047
LBN,ISR,66.0,Lebanon,Israel,2522.828502241656,2456.828502241656,2456.828502241656,2456.828502241656,1.8260748027008264,3.4020598406431826,1.5759850379423561,1.5759850379423561
LBN,JOR,675.0,Lebanon,Jordan,1702.326692109565,1027.326692109565,1027.326692109565,1027.326692109565,2.829946695941636,3.231297952116151,0.40135125617451506,0.40135125617451506
LBN,JPN,34.0,Lebanon,Japan,3.536745040581728,-30.463254959418272,-30.463254959418272,30.463254959418272,1.5440680443502757,0.6567443731430765,-0.8873236712071991,0.8873236712071991
LBN,KAZ,10.0,Lebanon,Kazakhstan,13.390788681327301,3.390788681327301,3.390788681327301,3.390788681327301,1.0413926851582251,1.1580845959214852,0.11669191076326009,0.11669191076326009
LBN,KGZ,17.0,Lebanon,Kyrgyzstan,4.832490977749257,-12.167509022250744,-12.167509022250744,12.167509022250744,1.255272505103306,0.7658540756583762,-0.4894184294449299,0.4894184294449299
LBN,KHM,98.0,Lebanon,Cambodia,0.7786859082676726,-97.22131409173232,-97.22131409173232,97.22131409173232,1.99563519459755,0.2500992643574619,-1.7455359302400881,1.7455359302400881
LBN,KOR,36.0,Lebanon,South Korea,2.0795411930546996,-33.9204588069453,-33.9204588069453,33.9204588069453,1.568201724066995,0.48848601774489536,-1.0797157063220997,1.0797157063220997
LBN,KWT,605.0,Lebanon,Kuwait,35.204357194183295,-569.7956428058167,-569.7956428058167,569.7956428058167,2.782472624166286,1.5587608410170426,-1.2237117831492434,1.2237117831492434
LBN,LAO,7.0,Lebanon,Laos,0.36712746846892497,-6.632872531531075,-6.632872531531075,6.632872531531075,0.9030899869919435,0.13580900928019343,-0.7672809777117502,0.7672809777117502
LBN,LKA,322.0,Lebanon,Sri Lanka,1.1625706144872379,-320.83742938551273,-320.83742938551273,320.83742938551273,2.509202522331103,0.3349702973999506,-2.1742322249311523,2.1742322249311523
LBN,MAC,15.0,Lebanon,Macao S.A.R,0.031172626374287304,-14.968827373625713,-14.968827373625713,14.968827373625713,1.2041199826559248,0.013331375667700896,-1.1907886069882239,1.1907886069882239
LBN,MMR,25.0,Lebanon,Myanmar,2.7102652405226753,-22.289734759477327,-22.289734759477327,22.289734759477327,1.414973347970818,0.5694049576953207,-0.8455683902754972,0.8455683902754972
LBN,MNG,22.0,Lebanon,Mongolia,0.17509051807230958,-21.82490948192769,-21.82490948192769,21.82490948192769,1.3617278360175928,0.07007132191429212,-1.2916565141033007,1.2916565141033007
LBN,MYS,71.0,Lebanon,Malaysia,1.4240023332059115,-69.5759976667941,-69.5759976667941,69.5759976667941,1.8573324964312685,0.38453303352146184,-1.4727994629098067,1.4727994629098067
LBN,NPL,319.0,Lebanon,Nepal,1.8418055399838276,-317.15819446001615,-317.15819446001615,317.15819446001615,2.505149978319906,0.4535943565606998,-2.0515556217592064,2.0515556217592064
LBN,OMN,186.0,Lebanon,Oman,14.894868011401917,-171.1051319885981,-171.1051319885981,171.1051319885981,2.271841606536499,1.2012569259495764,-1.0705846805869226,1.0705846805869226
LBN,PAK,152.0,Lebanon,Pakistan,279.5967245888472,127.59672458884722,127.59672458884722,127.59672458884722,2.184691430817599,2.448082597193795,0.2633911663761964,0.2633911663761964
LBN,PHL,3452.0,Lebanon,Philippines,3.418928682377815,-3448.581071317622,-3448.581071317622,3448.581071317622,3.5381965783494542,0.645316992487907,-2.892879585861547,2.892879585861547
LBN,QAT,731.0,Lebanon,Qatar,13.380423134362728,-717.6195768656373,-717.6195768656373,717.6195768656373,2.864511081058392,1.1577716650604404,-1.7067394159979516,1.7067394159979516
LBN,SAU,1419.0,Lebanon,Saudi Arabia,186.82985595738648,-1232.1701440426136,-1232.1701440426136,1232.1701440426136,3.1522883443830563,2.273764625453955,-0.8785237189291012,0.8785237189291012
LBN,SGP,37.0,Lebanon,Singapore,0.22083158384501228,-36.77916841615499,-36.77916841615499,36.77916841615499,1.5797835966168101,0.08665575628591501,-1.4931278403308952,1.4931278403308952
LBN,SYR,27105.0,Lebanon,Syria,36783.62009646547,9678.62009646547,9678.62009646547,9678.62009646547,4.43306543399148,4.565666275102979,0.1326008411114993,0.1326008411114993
LBN,THA,46.0,Lebanon,Thailand,3.4382713851641595,-42.56172861483584,-42.56172861483584,42.56172861483584,1.6720978579357175,0.6472138543348787,-1.0248840036008389,1.0248840036008389
LBN,TJK,10.0,Lebanon,Tajikistan,30.469447454412144,20.469447454412144,20.469447454412144,20.469447454412144,1.0413926851582251,1.4978891175682414,0.4564964324100163,0.4564964324100163
LBN,TKM,11.0,Lebanon,Turkmenistan,34.02049815618671,23.02049815618671,23.02049815618671,23.02049815618671,1.0791812460476249,1.5443223195014044,0.46514107345377953,0.46514107345377953
LBN,TLS,21.0,Lebanon,East Timor,0.03602490382877678,-20.96397509617122,-20.96397509617122,20.96397509617122,1.3424226808222062,0.015370195047653456,-1.3270524857745527,1.3270524857745527
LBN,TUR,2023.0,Lebanon,Turkey,1403.7245574523645,-619.2754425476355,-619.2754425476355,619.2754425476355,3.3062105081677613,3.1475911748419625,-0.15861933332579906,0.15861933332579906
LBN,TWN,55.0,Lebanon,Taiwan,0.9132108847748587,-54.086789115225145,-54.086789115225145,54.086789115225145,1.7481880270062005,0.2817628430258782,-1.4664251839803222,1.4664251839803222
LBN,UZB,2.0,Lebanon,Uzbekistan,91.10935087873648,89.10935087873648,89.10935087873648,89.10935087873648,0.47712125471966244,1.9643037217157682,1.4871824669961058,1.4871824669961058
LBN,VNM,81.0,Lebanon,Vietnam,4.340440054691415,-76.65955994530859,-76.65955994530859,76.65955994530859,1.9138138523837167,0.7275770445660261,-1.1862368078176906,1.1862368078176906
LBN,YEM,170.0,Lebanon,Yemen,138.8166483769681,-31.18335162303191,-31.18335162303191,31.18335162303191,2.2329961103921536,2.1455588872019833,-0.08743722319017061,0.08743722319017061
LKA,AFG,17.0,Sri Lanka,Afghanistan,6.626380345382237,-10.373619654617762,-10.373619654617762,10.373619654617762,1.255272505103306,0.8823184607569085,-0.3729540443463977,0.3729540443463977
LKA,ARE,7155.0,Sri Lanka,United Arab Emirates,1.5836158420138824,-7153.416384157986,-7153.416384157986,7153.416384157986,3.8546703318953353,0.4122279388522693,-3.442442393043066,3.442442393043066
LKA,ARM,5.0,Sri Lanka,Armenia,0.29412879525766794,-4.705871204742332,-4.705871204742332,4.705871204742332,0.7781512503836436,0.11197750066514071,-0.666173749718503,0.666173749718503
LKA,AZE,75.0,Sri Lanka,Azerbaijan,1.023820667633034,-73.97617933236697,-73.97617933236697,73.97617933236697,1.8808135922807914,0.3061720266915075,-1.5746415655892838,1.5746415655892838
LKA,BGD,332.0,Sri Lanka,Bangladesh,7301.762936908511,6969.762936908511,6969.762936908511,6969.762936908511,2.5224442335063197,3.8634872027551634,1.3410429692488437,1.3410429692488437
LKA,BHR,414.0,Sri Lanka,Bahrain,0.1916096269313687,-413.8083903730686,-413.8083903730686,413.8083903730686,2.6180480967120925,0.07613400319211842,-2.541914093519974,2.541914093519974
LKA,BRN,3.0,Sri Lanka,Brunei,0.057491476027958614,-2.9425085239720414,-2.9425085239720414,2.9425085239720414,0.6020599913279624,0.024276875405055173,-0.5777831159229072,0.5777831159229072
LKA,BTN,11.0,Sri Lanka,Bhutan,0.15045558594988728,-10.849544414050113,-10.849544414050113,10.849544414050113,1.0791812460476249,0.06086985712095449,-1.0183113889266704,1.0183113889266704
LKA,CYP,478.0,Sri Lanka,Cyprus,0.1247873326552988,-477.8752126673447,-477.8752126673447,477.8752126673447,2.680335513414563,0.05107041668278814,-2.629265096731775,2.629265096731775
LKA,GEO,36.0,Sri Lanka,Georgia,0.3678999214582134,-35.63210007854179,-35.63210007854179,35.63210007854179,1.568201724066995,0.13605432461482805,-1.432147399452167,1.432147399452167
LKA,HKG,112.0,Sri Lanka,Hong Kong S.A.R.,0.8579103869371513,-111.14208961306285,-111.14208961306285,111.14208961306285,2.0530784434834195,0.2690247627269079,-1.7840536807565117,1.7840536807565117
LKA,IDN,248.0,Sri Lanka,Indonesia,40.1499788619502,-207.85002113804978,-207.85002113804978,207.85002113804978,2.3961993470957363,1.6143696164585986,-0.7818297306371377,0.7818297306371377
LKA,IND,2608.0,Sri Lanka,India,971.8400585679505,-1636.1599414320494,-1636.1599414320494,1636.1599414320494,3.4164740791002206,2.9880414452107598,-0.428432633889461,0.428432633889461
LKA,IRQ,127.0,Sri Lanka,Iraq,4.4025490063989725,-122.59745099360103,-122.59745099360103,122.59745099360103,2.1072099696478683,0.732598715048499,-1.3746112545993694,1.3746112545993694
LKA,ISR,164.0,Sri Lanka,Israel,0.8930665385455367,-163.10693346145447,-163.10693346145447,163.10693346145447,2.2174839442139063,0.27716587905376244,-1.940318065160144,1.940318065160144
LKA,JOR,741.0,Sri Lanka,Jordan,1.0774401741973683,-739.9225598258026,-739.9225598258026,739.9225598258026,2.870403905279027,0.3175285258905323,-2.5528753793884946,2.5528753793884946
LKA,JPN,2441.0,Sri Lanka,Japan,10.508146923103068,-2430.491853076897,-2430.491853076897,2430.491853076897,3.3877456596088638,1.0610053978381713,-2.3267402617706927,2.3267402617706927
LKA,KAZ,46.0,Sri Lanka,Kazakhstan,2.3419879302126425,-43.65801206978736,-43.65801206978736,43.65801206978736,1.6720978579357175,0.52400487707996,-1.1480929808557574,1.1480929808557574
LKA,KGZ,25.0,Sri Lanka,Kyrgyzstan,0.8184437040063685,-24.18155629599363,-24.18155629599363,24.18155629599363,1.414973347970818,0.2596998605637666,-1.1552734874070514,1.1552734874070514
LKA,KHM,77.0,Sri Lanka,Cambodia,3.2100801963917083,-73.78991980360829,-73.78991980360829,73.78991980360829,1.8920946026904804,0.6242903686429518,-1.2678042340475286,1.2678042340475286
LKA,KOR,2353.0,Sri Lanka,South Korea,4.843922940236249,-2348.156077059764,-2348.156077059764,2348.156077059764,3.371806458507416,0.7667044805595172,-2.6051019779478986,2.6051019779478986
LKA,KWT,4081.0,Sri Lanka,Kuwait,0.5081119784600203,-4080.49188802154,-4080.49188802154,4080.49188802154,3.6108730003800518,0.17843358942617338,-3.4324394109538785,3.4324394109538785
LKA,LAO,15.0,Sri Lanka,Laos,1.426805898389623,-13.573194101610376,-13.573194101610376,13.573194101610376,1.2041199826559248,0.38503504183281184,-0.8190849408231129,0.8190849408231129
LKA,LBN,127.0,Sri Lanka,Lebanon,0.5483563179579882,-126.45164368204202,-126.45164368204202,126.45164368204202,2.1072099696478683,0.18987091055611185,-1.9173390590917565,1.9173390590917565
LKA,MAC,28.0,Sri Lanka,Macao S.A.R,0.08456809543702534,-27.915431904562976,-27.915431904562976,27.915431904562976,1.462397997898956,0.03525682471731851,-1.4271411731816375,1.4271411731816375
LKA,MMR,304.0,Sri Lanka,Myanmar,25589.45789896878,25285.45789896878,25285.45789896878,25285.45789896878,2.484299839346786,4.4080780569390114,1.923778217592226,1.923778217592226
LKA,MNG,17.0,Sri Lanka,Mongolia,0.33114480346285596,-16.668855196537145,-16.668855196537145,16.668855196537145,1.255272505103306,0.1242253010977224,-1.1310472040055837,1.1310472040055837
LKA,MYS,1845.0,Sri Lanka,Malaysia,6.750740193490616,-1838.2492598065094,-1838.2492598065094,1838.2492598065094,3.266231696689893,0.8893431794867315,-2.3768885172031617,2.3768885172031617
LKA,NPL,52.0,Sri Lanka,Nepal,352.9692196084263,300.9692196084263,300.9692196084263,300.9692196084263,1.724275869600789,2.548965498366438,0.824689628765649,0.824689628765649
LKA,OMN,951.0,Sri Lanka,Oman,0.8648133033096642,-950.1351866966903,-950.1351866966903,950.1351866966903,2.9786369483844743,0.2706353587178882,-2.708001589666586,2.708001589666586
LKA,PAK,197.0,Sri Lanka,Pakistan,949.0739302149393,752.0739302149393,752.0739302149393,752.0739302149393,2.296665190261531,2.977757401325833,0.6810922110643021,0.6810922110643021
LKA,PHL,282.0,Sri Lanka,Philippines,12.303798632984677,-269.6962013670153,-269.6962013670153,269.6962013670153,2.45178643552429,1.1239756627564543,-1.3278107727678359,1.3278107727678359
LKA,QAT,5931.0,Sri Lanka,Qatar,0.3424678258376478,-5930.657532174162,-5930.657532174162,5930.657532174162,3.7732011423563443,0.12790388600763766,-3.645297256348707,3.645297256348707
LKA,SAU,3096.0,Sri Lanka,Saudi Arabia,3.6461255096497784,-3092.3538744903503,-3092.3538744903503,3092.3538744903503,3.490941205356787,0.667090937580463,-2.823850267776324,2.823850267776324
LKA,SGP,1053.0,Sri Lanka,Singapore,1.0907068281474086,-1051.9092931718526,-1051.9092931718526,1051.9092931718526,3.022840610876528,0.3202931376266549,-2.702547473249873,2.702547473249873
LKA,SYR,47.0,Sri Lanka,Syria,2.0746394068201623,-44.92536059317984,-44.92536059317984,44.92536059317984,1.6812412373755872,0.48779418911596245,-1.1934470482596249,1.1934470482596249
LKA,THA,114.0,Sri Lanka,Thailand,612.8927772513267,498.8927772513267,498.8927772513267,498.8927772513267,2.060697840353612,2.788092523723438,0.7273946833698264,0.7273946833698264
LKA,TJK,16.0,Sri Lanka,Tajikistan,1.2680667547748983,-14.731933245225102,-14.731933245225102,14.731933245225102,1.2304489213782739,0.3556558327621976,-0.8747930886160763,0.8747930886160763
LKA,TKM,30.0,Sri Lanka,Turkmenistan,0.8052546172187616,-29.19474538278124,-29.19474538278124,29.19474538278124,1.4913616938342726,0.25653846444366707,-1.2348232293906056,1.2348232293906056
LKA,TLS,15.0,Sri Lanka,East Timor,0.1307720988203623,-14.869227901179638,-14.869227901179638,14.869227901179638,1.2041199826559248,0.05337508397219699,-1.1507448986837279,1.1507448986837279
LKA,TUR,69.0,Sri Lanka,Turkey,7.48869045095703,-61.51130954904297,-61.51130954904297,61.51130954904297,1.845098040014257,0.928840696864703,-0.9162573431495538,0.9162573431495538
LKA,TWN,44.0,Sri Lanka,Taiwan,2.3540698429287463,-41.645930157071255,-41.645930157071255,41.645930157071255,1.6532125137753437,0.5255721018248497,-1.127640411950494,1.127640411950494
LKA,UZB,11.0,Sri Lanka,Uzbekistan,4.283078108930026,-6.716921891069974,-6.716921891069974,6.716921891069974,1.0791812460476249,0.7228870316648932,-0.3562942143827316,0.3562942143827316
LKA,VNM,111.0,Sri Lanka,Vietnam,17.680666752248285,-93.31933324775171,-93.31933324775171,93.31933324775171,2.0492180226701815,1.2713923730533112,-0.7778256496168704,0.7778256496168704
LKA,YEM,22.0,Sri Lanka,Yemen,4.4965848049555195,-17.503415195044482,-17.503415195044482,17.503415195044482,1.3617278360175928,0.7400929329404711,-0.6216349030771219,0.6216349030771219
MAC,AFG,27.0,Macao S.A.R,Afghanistan,0.03719587335617371,-26.962804126643825,-26.962804126643825,26.962804126643825,1.4471580313422192,0.01586078019314132,-1.4312972511490778,1.4312972511490778
MAC,ARE,35.0,Macao S.A.R,United Arab Emirates,0.0071989171528754215,-34.99280108284712,-34.99280108284712,34.99280108284712,1.5563025007672873,0.003115250186796126,-1.5531872505804911,1.5531872505804911
MAC,ARM,18.0,Macao S.A.R,Armenia,0.0021734309249169716,-17.997826569075084,-17.997826569075084,17.997826569075084,1.2787536009528289,0.0009428847807827198,-1.2778107161720462,1.2778107161720462
MAC,AZE,18.0,Macao S.A.R,Azerbaijan,0.00750274005477553,-17.992497259945225,-17.992497259945225,17.992497259945225,1.2787536009528289,0.003246235943718738,-1.2755073650091102,1.2755073650091102
MAC,BGD,14.0,Macao S.A.R,Bangladesh,3.8219383222455567,-10.178061677754442,-10.178061677754442,10.178061677754442,1.1760912590556813,0.6832216509854989,-0.4928696080701823,0.4928696080701823
MAC,BHR,13.0,Macao S.A.R,Bahrain,0.0011050981993364227,-12.998894901800664,-12.998894901800664,12.998894901800664,1.146128035678238,0.0004796730558073294,-1.1456483626224307,1.1456483626224307
MAC,BRN,11.0,Macao S.A.R,Brunei,0.02429855692898945,-10.97570144307101,-10.97570144307101,10.97570144307101,1.0791812460476249,0.010426560866792198,-1.0687546851808325,1.0687546851808325
MAC,BTN,6.0,Macao S.A.R,Bhutan,0.011509784482100589,-5.988490215517899,-5.988490215517899,5.988490215517899,0.8450980400142568,0.004970088121190504,-0.8401279518930663,0.8401279518930663
MAC,CYP,31.0,Macao S.A.R,Cyprus,0.0008627164784882687,-30.999137283521513,-30.999137283521513,30.999137283521513,1.505149978319906,0.000374511480659999,-1.504775466839246,1.504775466839246
MAC,GEO,2.0,Macao S.A.R,Georgia,0.002731236802962582,-1.9972687631970374,-1.9972687631970374,1.9972687631970374,0.47712125471966244,0.0011845441723323088,-0.47593671054733017,0.47593671054733017
MAC,HKG,1136.0,Macao S.A.R,Hong Kong S.A.R.,8368.579217388562,7232.579217388562,7232.579217388562,7232.579217388562,3.0557604646877348,3.922703624282401,0.8669431595946662,0.8669431595946662
MAC,IDN,558.0,Macao S.A.R,Indonesia,1.9457846339840317,-556.054215366016,-556.054215366016,556.054215366016,2.747411807886423,0.4692009924416736,-2.2782108154447496,2.2782108154447496
MAC,IND,107.0,Macao S.A.R,India,3.2211473306359957,-103.778852669364,-103.778852669364,103.778852669364,2.03342375548695,0.6254305105921204,-1.4079932448948294,1.4079932448948294
MAC,IRQ,9.0,Macao S.A.R,Iraq,0.03012235226924816,-8.969877647730751,-8.969877647730751,8.969877647730751,1.0,0.012888810879543624,-0.9871111891204564,0.9871111891204564
MAC,ISR,12.0,Macao S.A.R,Israel,0.006148360895286693,-11.993851639104713,-11.993851639104713,11.993851639104713,1.1139433523068367,0.0026620240275713374,-1.1112813282792655,1.1112813282792655
MAC,JOR,13.0,Macao S.A.R,Jordan,0.0072976650879233475,-12.992702334912076,-12.992702334912076,12.992702334912076,1.146128035678238,0.0031578272591059314,-1.1429702084191322,1.1429702084191322
MAC,JPN,134.0,Macao S.A.R,Japan,1.410546973218777,-132.58945302678123,-132.58945302678123,132.58945302678123,2.130333768495006,0.38211559879805335,-1.7482181696969528,1.7482181696969528
MAC,KAZ,17.0,Macao S.A.R,Kazakhstan,0.01906649459083125,-16.98093350540917,-16.98093350540917,16.98093350540917,1.255272505103306,0.008202522859904728,-1.2470699822434013,1.2470699822434013
MAC,KGZ,27.0,Macao S.A.R,Kyrgyzstan,0.006526753527862945,-26.99347324647214,-26.99347324647214,26.99347324647214,1.4471580313422192,0.0028253229455927524,-1.4443327083966264,1.4443327083966264
MAC,KHM,60.0,Macao S.A.R,Cambodia,1.5669747565731988,-58.4330252434268,-58.4330252434268,58.4330252434268,1.7853298350107671,0.40942159787484467,-1.3759082371359224,1.3759082371359224
MAC,KOR,124.0,Macao S.A.R,South Korea,1.8449488591449756,-122.15505114085502,-122.15505114085502,122.15505114085502,2.0969100130080562,0.4540744639153567,-1.6428355490926998,1.6428355490926998
MAC,KWT,16.0,Macao S.A.R,Kuwait,0.0032786626192023763,-15.996721337380798,-15.996721337380798,15.996721337380798,1.2304489213782739,0.0014215759209935679,-1.2290273454572804,1.2290273454572804
MAC,LAO,5.0,Macao S.A.R,Laos,2.1025855247402063,-2.8974144752597937,-2.8974144752597937,2.8974144752597937,0.7781512503836436,0.49172376193895406,-0.28642748844468957,0.28642748844468957
MAC,LBN,19.0,Macao S.A.R,Lebanon,0.0038411448421455745,-18.996158855157855,-18.996158855157855,18.996158855157855,1.3010299956639813,0.0016649923140557852,-1.2993650033499253,1.2993650033499253
MAC,LKA,11.0,Macao S.A.R,Sri Lanka,0.021753510856312924,-10.978246489143688,-10.978246489143688,10.978246489143688,1.0791812460476249,0.009346138669321184,-1.0698351073783037,1.0698351073783037
MAC,MMR,270.0,Macao S.A.R,Myanmar,2.4835114432646597,-267.51648855673534,-267.51648855673534,267.51648855673534,2.432969290874406,0.5420172415215236,-1.8909520493528822,1.8909520493528822
MAC,MNG,44.0,Macao S.A.R,Mongolia,0.04469432893164509,-43.95530567106835,-43.95530567106835,43.95530567106835,1.6532125137753437,0.018989237167200336,-1.6342232766081433,1.6342232766081433
MAC,MYS,157.0,Macao S.A.R,Malaysia,0.5364829345547422,-156.46351706544525,-156.46351706544525,156.46351706544525,2.1986570869544226,0.18652774098688757,-2.012129345967535,2.012129345967535
MAC,NPL,356.0,Macao S.A.R,Nepal,0.4078303635880294,-355.592169636412,-355.592169636412,355.592169636412,2.552668216112193,0.1485503276782305,-2.4041178884339627,2.4041178884339627
MAC,OMN,0.0,Macao S.A.R,Oman,0.003447376114989054,0.003447376114989054,0.003447376114989054,0.003447376114989054,0.0,0.0014946016743860834,0.0014946016743860834,0.0014946016743860834
MAC,PAK,11.0,Macao S.A.R,Pakistan,0.19571425375989335,-10.804285746240106,-10.804285746240106,10.804285746240106,1.0791812460476249,0.07762740637287227,-1.0015538396747525,1.0015538396747525
MAC,PHL,3235.0,Macao S.A.R,Philippines,153.17615518928835,-3081.8238448107118,-3081.8238448107118,3081.8238448107118,3.5100085129402347,2.188017211130799,-1.3219913018094358,1.3219913018094358
MAC,QAT,24.0,Macao S.A.R,Qatar,0.0019591141314214545,-23.99804088586858,-23.99804088586858,23.99804088586858,1.3979400086720377,0.0008500001046880905,-1.3970900085673494,1.3970900085673494
MAC,SAU,15.0,Macao S.A.R,Saudi Arabia,0.022573268955611514,-14.977426731044389,-14.977426731044389,14.977426731044389,1.2041199826559248,0.009694435665298935,-1.1944255469906258,1.1944255469906258
MAC,SGP,97.0,Macao S.A.R,Singapore,0.08288092541092222,-96.91711907458908,-96.91711907458908,96.91711907458908,1.9912260756924949,0.034580703827447885,-1.956645371865047,1.956645371865047
MAC,SYR,14.0,Macao S.A.R,Syria,0.014431543419459967,-13.98556845658054,-13.98556845658054,13.98556845658054,1.1760912590556813,0.00622274499351765,-1.1698685140621636,1.1698685140621636
MAC,THA,198.0,Macao S.A.R,Thailand,4.92259435836319,-193.0774056416368,-193.0774056416368,193.0774056416368,2.298853076409707,0.7725119885995326,-1.526341087810174,1.526341087810174
MAC,TJK,2.0,Macao S.A.R,Tajikistan,0.00913448664378028,-1.9908655133562196,-1.9908655133562196,1.9908655133562196,0.47712125471966244,0.003949048214307467,-0.473172206505355,0.473172206505355
MAC,TKM,34.0,Macao S.A.R,Turkmenistan,0.005297593249313237,-33.99470240675069,-33.99470240675069,33.99470240675069,1.5440680443502757,0.002294642825705125,-1.5417734015245705,1.5417734015245705
MAC,TLS,21.0,Macao S.A.R,East Timor,0.007028050669099987,-20.9929719493309,-20.9929719493309,20.9929719493309,1.3424226808222062,0.003041567952957198,-1.339381112869249,1.339381112869249
MAC,TUR,15.0,Macao S.A.R,Turkey,0.05370553416157431,-14.946294465838426,-14.946294465838426,14.946294465838426,1.2041199826559248,0.02271926101289976,-1.1814007216430251,1.1814007216430251
MAC,TWN,461.0,Macao S.A.R,Taiwan,568.1599016031837,107.1599016031837,107.1599016031837,107.1599016031837,2.6646419755561257,2.7552342956183273,0.090592320062202,0.090592320062202
MAC,UZB,12.0,Macao S.A.R,Uzbekistan,0.030921480595498686,-11.969078519404501,-11.969078519404501,11.969078519404501,1.1139433523068367,0.013225588811464007,-1.1007177634953729,1.1007177634953729
MAC,VNM,1730.0,Macao S.A.R,Vietnam,16.130749870275487,-1713.8692501297246,-1713.8692501297246,1713.8692501297246,3.238297067875394,1.2337763739050884,-2.0045206939703055,2.0045206939703055
MAC,YEM,12.0,Macao S.A.R,Yemen,0.02522919326497534,-11.974770806735025,-11.974770806735025,11.974770806735025,1.1139433523068367,0.010820964165909944,-1.103122388140927,1.103122388140927
MMR,AFG,25.0,Myanmar,Afghanistan,33.6419546153486,8.641954615348602,8.641954615348602,8.641954615348602,1.414973347970818,1.5396023883889407,0.12462904041812266,0.12462904041812266
MMR,ARE,416.0,Myanmar,United Arab Emirates,7.316433906154737,-408.6835660938453,-408.6835660938453,408.6835660938453,2.6201360549737576,0.9199371403675383,-1.7001989146062193,1.7001989146062193
MMR,ARM,19.0,Myanmar,Armenia,1.8699806940531758,-17.130019305946824,-17.130019305946824,17.130019305946824,1.3010299956639813,0.45787897530738114,-0.8431510203566001,0.8431510203566001
MMR,AZE,19.0,Myanmar,Azerbaijan,6.89640053284845,-12.10359946715155,-12.10359946715155,12.10359946715155,1.3010299956639813,0.8974291691441252,-0.403600826519856,0.403600826519856
MMR,BGD,307.0,Myanmar,Bangladesh,24209.547914384435,23902.547914384435,23902.547914384435,23902.547914384435,2.4885507165004443,4.384004618169576,1.8954539016691314,1.8954539016691314
MMR,BHR,15.0,Myanmar,Bahrain,1.0289977737739127,-13.971002226226087,-13.971002226226087,13.971002226226087,1.2041199826559248,0.30728157052361926,-0.8968384121323055,0.8968384121323055
MMR,BRN,28.0,Myanmar,Brunei,0.6974115711046455,-27.302588428895355,-27.302588428895355,27.302588428895355,1.462397997898956,0.22978715839782113,-1.232610839501135,1.232610839501135
MMR,BTN,11.0,Myanmar,Bhutan,25.738592297163652,14.738592297163652,14.738592297163652,14.738592297163652,1.0791812460476249,1.4271385392884663,0.34795729324084146,0.34795729324084146
MMR,CYP,20.0,Myanmar,Cyprus,0.7977185907295613,-19.202281409270437,-19.202281409270437,19.202281409270437,1.3222192947339193,0.2547217096117,-1.0674975851222193,1.0674975851222193
MMR,GEO,26.0,Myanmar,Georgia,2.3393280604739157,-23.660671939526082,-23.660671939526082,23.660671939526082,1.4313637641589874,0.523659086875531,-0.9077046772834564,0.9077046772834564
MMR,HKG,86.0,Myanmar,Hong Kong S.A.R.,178.68836402619627,92.68836402619627,92.68836402619627,92.68836402619627,1.9395192526186185,2.2545199546669465,0.3150007020483281,0.3150007020483281
MMR,IDN,375.0,Myanmar,Indonesia,329.14160147854665,-45.85839852145335,-45.85839852145335,45.85839852145335,2.575187844927661,2.5187002536674368,-0.05648759126022423,0.05648759126022423
MMR,IND,1961.0,Myanmar,India,8168.147862006801,6207.147862006801,6207.147862006801,6207.147862006801,3.29269900304393,3.9121767568837766,0.6194777538398472,0.6194777538398472
MMR,IRQ,34.0,Myanmar,Iraq,27.978939769057476,-6.021060230942524,-6.021060230942524,6.021060230942524,1.5440680443502757,1.4620824922162152,-0.08198555213406032,0.08198555213406032
MMR,ISR,36.0,Myanmar,Israel,5.685137482570456,-30.314862517429546,-30.314862517429546,30.314862517429546,1.568201724066995,0.825110343132445,-0.74309138093455,0.74309138093455
MMR,JOR,195.0,Myanmar,Jordan,6.773295611445887,-188.2267043885541,-188.2267043885541,188.2267043885541,2.292256071356476,0.8906051838483627,-1.4016508875081133,1.4016508875081133
MMR,JPN,6817.0,Myanmar,Japan,90.59664428849764,-6726.403355711503,-6726.403355711503,6726.403355711503,3.833656996892872,1.9618795632564545,-1.871777433636418,1.871777433636418
MMR,KAZ,7.0,Myanmar,Kazakhstan,16.38480715444213,9.384807154442129,9.384807154442129,9.384807154442129,0.9030899869919435,1.2401698775199295,0.3370798905279859,0.3370798905279859
MMR,KGZ,29.0,Myanmar,Kyrgyzstan,5.610873490901738,-23.38912650909826,-23.38912650909826,23.38912650909826,1.4771212547196624,0.8202588463563989,-0.6568624083632636,0.6568624083632636
MMR,KHM,495.0,Myanmar,Cambodia,1021.1620326459597,526.1620326459597,526.1620326459597,526.1620326459597,2.6954816764901977,3.0095197454134035,0.31403806892320607,0.31403806892320607
MMR,KOR,4545.0,Myanmar,South Korea,40.42291396746304,-4504.577086032537,-4504.577086032537,4504.577086032537,3.657629431388952,1.6172406468383607,-2.0403887845505913,2.0403887845505913
MMR,KWT,15.0,Myanmar,Kuwait,3.052862070316386,-11.947137929683613,-11.947137929683613,11.947137929683613,1.2041199826559248,0.6077618237960264,-0.5963581588598984,0.5963581588598984
MMR,LAO,527.0,Myanmar,Laos,2570.4301400237327,2043.4301400237327,2043.4301400237327,2043.4301400237327,2.722633922533812,3.410174730012611,0.6875408074787984,0.6875408074787984
MMR,LBN,43.0,Myanmar,Lebanon,3.526305684439006,-39.47369431556099,-39.47369431556099,39.47369431556099,1.6434526764861874,0.6557438807238982,-0.9877087957622892,0.9877087957622892
MMR,LKA,309.0,Myanmar,Sri Lanka,498.65936955890146,189.65936955890146,189.65936955890146,189.65936955890146,2.4913616938342726,2.698674035666755,0.20731234183248212,0.20731234183248212
MMR,MAC,346.0,Myanmar,Macao S.A.R,16.595006637116732,-329.40499336288326,-329.40499336288326,329.40499336288326,2.5403294747908736,1.2453894349940369,-1.294940039796837,1.294940039796837
MMR,MNG,10.0,Myanmar,Mongolia,2.7618707997883805,-7.2381292002116195,-7.2381292002116195,7.2381292002116195,1.0413926851582251,0.5754038757697796,-0.4659888093884455,0.4659888093884455
MMR,MYS,22262.0,Myanmar,Malaysia,1046.9643369926353,-21215.035663007366,-21215.035663007366,21215.035663007366,4.347583686308583,3.020346503534309,-1.3272371827742733,1.3272371827742733
MMR,NPL,47.0,Myanmar,Nepal,777.1016284866816,730.1016284866816,730.1016284866816,730.1016284866816,1.6812412373755872,2.891036324249946,1.2097950868743588,1.2097950868743588
MMR,OMN,0.0,Myanmar,Oman,3.5079116747115737,3.5079116747115737,3.5079116747115737,3.5079116747115737,0.0,0.6539753981546441,0.6539753981546441,0.6539753981546441
MMR,PAK,79.0,Myanmar,Pakistan,226.71604567359165,147.71604567359165,147.71604567359165,147.71604567359165,1.9030899869919435,2.3573936336102213,0.4543036466182775,0.4543036466182775
MMR,PHL,697.0,Myanmar,Philippines,164.9183824094629,-532.0816175905371,-532.0816175905371,532.0816175905371,2.843855422623161,2.2198945049919963,-0.623960917631165,0.623960917631165
MMR,QAT,217.0,Myanmar,Qatar,1.994458687754781,-215.0055413122452,-215.0055413122452,215.0055413122452,2.3384564936046046,0.4763183258343545,-1.8621381677702502,1.8621381677702502
MMR,SAU,49.0,Myanmar,Saudi Arabia,20.968217995073307,-28.031782004926693,-28.031782004926693,28.031782004926693,1.6989700043360187,1.341794829506103,-0.3571751748299157,0.3571751748299157
MMR,SGP,7061.0,Myanmar,Singapore,139.10091742639827,-6921.899082573602,-6921.899082573602,6921.899082573602,3.8489277132270785,2.1464409791966794,-1.7024867340303989,1.7024867340303989
MMR,SYR,57.0,Myanmar,Syria,13.344257082926026,-43.65574291707397,-43.65574291707397,43.65574291707397,1.7634279935629373,1.156678060205524,-0.6067499333574133,0.6067499333574133
MMR,THA,57113.0,Myanmar,Thailand,61884.9370772107,4771.9370772106995,4771.9370772106995,4771.9370772106995,4.756742577203719,4.7915919714168735,0.03484939421315475,0.03484939421315475
MMR,TJK,11.0,Myanmar,Tajikistan,8.078622298604467,-2.9213777013955333,-2.9213777013955333,2.9213777013955333,1.0791812460476249,0.9580199483547509,-0.1211612976928739,0.1211612976928739
MMR,TKM,26.0,Myanmar,Turkmenistan,5.303735662654197,-20.696264337345802,-20.696264337345802,20.696264337345802,1.4313637641589874,0.7995979934000277,-0.6317657707589597,0.6317657707589597
MMR,TLS,20.0,Myanmar,East Timor,1.0201650772017945,-18.979834922798204,-18.979834922798204,18.979834922798204,1.3222192947339193,0.3053868591439492,-1.01683243558997,1.01683243558997
MMR,TUR,68.0,Myanmar,Turkey,49.659307656694935,-18.340692343305065,-18.340692343305065,18.340692343305065,1.8388490907372552,1.704659250142022,-0.13418984059523337,0.13418984059523337
MMR,TWN,712.0,Myanmar,Taiwan,32.17745370162022,-679.8225462983797,-679.8225462983797,679.8225462983797,2.8530895298518657,1.5208430517977427,-1.3322464780541228,1.3322464780541228
MMR,UZB,43.0,Myanmar,Uzbekistan,27.35729326922399,-15.642706730776009,-15.642706730776009,15.642706730776009,1.6434526764861874,1.4526647746654575,-0.1907879018207299,0.1907879018207299
MMR,VNM,798.0,Myanmar,Vietnam,4308.92486658524,3510.92486658524,3510.92486658524,3510.92486658524,2.902546779313991,3.6344696993227155,0.7319229200087242,0.7319229200087242
MMR,YEM,35.0,Myanmar,Yemen,23.43256298655866,-11.567437013441339,-11.567437013441339,11.567437013441339,1.5563025007672873,1.3879690270444853,-0.168333473722802,0.168333473722802
MNG,AFG,17.0,Mongolia,Afghanistan,0.3738933052312348,-16.626106694768765,-16.626106694768765,16.626106694768765,1.255272505103306,0.13795300728793503,-1.117319497815371,1.117319497815371
MNG,ARE,6.0,Mongolia,United Arab Emirates,0.049861812761439236,-5.950138187238561,-5.950138187238561,5.950138187238561,0.8450980400142568,0.02113213916074946,-0.8239659008535074,0.8239659008535074
MNG,ARM,1.0,Mongolia,Armenia,0.015902208981292798,-0.9840977910187072,-0.9840977910187072,0.9840977910187072,0.3010299956639812,0.006851904656728953,-0.29417809100725223,0.29417809100725223
MNG,AZE,19.0,Mongolia,Azerbaijan,0.05464403204550745,-18.94535596795449,-18.94535596795449,18.94535596795449,1.3010299956639813,0.02310589943920534,-1.2779240962247758,1.2779240962247758
MNG,BGD,35.0,Mongolia,Bangladesh,40.849502705580036,5.849502705580036,5.849502705580036,5.849502705580036,1.5563025007672873,1.621690301672035,0.06538780090474768,0.06538780090474768
MNG,BHR,1.0,Mongolia,Bahrain,0.007293233281479985,-0.99270676671852,-0.99270676671852,0.99270676671852,0.3010299956639812,0.003155916489942042,-0.29787407917403913,0.29787407917403913
MNG,BRN,12.0,Mongolia,Brunei,0.002420911671323732,-11.997579088328676,-11.997579088328676,11.997579088328676,1.1139433523068367,0.001050117970863983,-1.1128932343359728,1.1128932343359728
MNG,BTN,41.0,Mongolia,Bhutan,4.010102307309086,-36.98989769269092,-36.98989769269092,36.98989769269092,1.6232492903979006,0.6998465943395293,-0.9234026960583711,0.9234026960583711
MNG,CYP,8.0,Mongolia,Cyprus,0.0047608796502424345,-7.9952391203497575,-7.9952391203497575,7.9952391203497575,0.9542425094393249,0.002062717473163329,-0.9521797919661615,0.9521797919661615
MNG,GEO,62.0,Mongolia,Georgia,0.01999706127271805,-61.98000293872728,-61.98000293872728,61.98000293872728,1.7993405494535817,0.008598920512034315,-1.7907416289415474,1.7907416289415474
MNG,HKG,20.0,Mongolia,Hong Kong S.A.R.,21.345854542469773,1.3458545424697732,1.3458545424697732,1.3458545424697732,1.3222192947339193,1.3491969674538808,0.02697767271996162,0.02697767271996162
MNG,IDN,49.0,Mongolia,Indonesia,1.1010737001564999,-47.8989262998435,-47.8989262998435,47.8989262998435,1.6989700043360187,0.3224412865848702,-1.3765287177511485,1.3765287177511485
MNG,IND,132.0,Mongolia,India,54.10360314256878,-77.89639685743123,-77.89639685743123,77.89639685743123,2.123851640967086,1.7411799976498472,-0.38267164331723846,0.38267164331723846
MNG,IRQ,50.0,Mongolia,Iraq,0.21190364626858252,-49.78809635373142,-49.78809635373142,49.78809635373142,1.7075701760979363,0.08346809214270703,-1.6241020839552294,1.6241020839552294
MNG,ISR,19.0,Mongolia,Israel,0.03345957596552534,-18.966540424034473,-18.966540424034473,18.966540424034473,1.3010299956639813,0.014293493756285728,-1.2867365019076955,1.2867365019076955
MNG,JOR,21.0,Mongolia,Jordan,0.039710134250387205,-20.960289865749612,-20.960289865749612,20.960289865749612,1.3424226808222062,0.016912277142769706,-1.3255104036794365,1.3255104036794365
MNG,JPN,2821.0,Mongolia,Japan,113.92081383551896,-2707.079186164481,-2707.079186164481,2707.079186164481,3.450557009418329,2.060398692877024,-1.390158316541305,1.390158316541305
MNG,KAZ,483.0,Mongolia,Kazakhstan,165.79270115751729,-317.2072988424827,-317.2072988424827,317.2072988424827,2.6848453616444123,2.2221770420069373,-0.462668319637475,0.462668319637475
MNG,KGZ,25.0,Mongolia,Kyrgyzstan,38.77360615016077,13.773606150160767,13.773606150160767,13.773606150160767,1.414973347970818,1.5995949689119409,0.18462162094112294,0.18462162094112294
MNG,KHM,12.0,Mongolia,Cambodia,0.12336534624430515,-11.876634653755694,-11.876634653755694,11.876634653755694,1.1139433523068367,0.05052102256041498,-1.0634223297464218,1.0634223297464218
MNG,KOR,4946.0,Mongolia,South Korea,9749.464306706866,4803.464306706866,4803.464306706866,4803.464306706866,3.694341910364181,3.989025296830798,0.2946833864666168,0.2946833864666168
MNG,KWT,8.0,Mongolia,Kuwait,0.02173066092399201,-7.978269339076008,-7.978269339076008,7.978269339076008,0.9542425094393249,0.009336426238311149,-0.9449060832010138,0.9449060832010138
MNG,LAO,9.0,Mongolia,Laos,0.07199860022963887,-8.928001399770361,-8.928001399770361,8.928001399770361,1.0,0.030194218273784185,-0.9698057817262158,0.9698057817262158
MNG,LBN,13.0,Mongolia,Lebanon,0.025216058418776246,-12.974783941581224,-12.974783941581224,12.974783941581224,1.146128035678238,0.010815400114667586,-1.1353126355635705,1.1353126355635705
MNG,LKA,25.0,Mongolia,Sri Lanka,0.11219329522233254,-24.887806704777667,-24.887806704777667,24.887806704777667,1.414973347970818,0.04618027263557649,-1.3687930753352415,1.3687930753352415
MNG,MAC,18.0,Mongolia,Macao S.A.R,2.0993224618360795,-15.90067753816392,-15.90067753816392,15.90067753816392,1.2787536009528289,0.49126676375478334,-0.7874868371980456,0.7874868371980456
MNG,MMR,32.0,Mongolia,Myanmar,0.48163154818840054,-31.5183684518116,-31.5183684518116,31.5183684518116,1.5185139398778875,0.17074021681239096,-1.3477737230654965,1.3477737230654965
MNG,MYS,44.0,Mongolia,Malaysia,0.18021263444140334,-43.8197873655586,-43.8197873655586,43.8197873655586,1.6532125137753437,0.0719602595478653,-1.5812522542274783,1.5812522542274783
MNG,NPL,25.0,Mongolia,Nepal,62.25645557728157,37.25645557728157,37.25645557728157,37.25645557728157,1.414973347970818,1.8011048536190106,0.3861315056481926,0.3861315056481926
MNG,OMN,21.0,Mongolia,Oman,0.023890650997466564,-20.976109349002535,-20.976109349002535,20.976109349002535,1.3424226808222062,0.010253577534146425,-1.3321691032880598,1.3321691032880598
MNG,PAK,50.0,Mongolia,Pakistan,1.4220683281436757,-48.57793167185633,-48.57793167185633,48.57793167185633,1.7075701760979363,0.38418639071338523,-1.3233837853845511,1.3233837853845511
MNG,PHL,121.0,Mongolia,Philippines,0.8755142409165318,-120.12448575908347,-120.12448575908347,120.12448575908347,2.0863598306747484,0.27312036612896307,-1.8132394645457852,1.8132394645457852
MNG,QAT,22.0,Mongolia,Qatar,0.012890930626578546,-21.98710906937342,-21.98710906937342,21.98710906937342,1.3617278360175928,0.005562682500196245,-1.3561651535173966,1.3561651535173966
MNG,SAU,31.0,Mongolia,Saudi Arabia,0.14967852431146295,-30.85032147568854,-30.85032147568854,30.85032147568854,1.505149978319906,0.0605764189314162,-1.4445735593884899,1.4445735593884899
MNG,SGP,13.0,Mongolia,Singapore,0.02894582525003091,-12.97105417474997,-12.97105417474997,12.97105417474997,1.146128035678238,0.012392509442377566,-1.1337355262358604,1.1337355262358604
MNG,SYR,48.0,Mongolia,Syria,0.10074403661898755,-47.899255963381016,-47.899255963381016,47.899255963381016,1.6901960800285136,0.041686341308049775,-1.648509738720464,1.648509738720464
MNG,THA,23.0,Mongolia,Thailand,0.6093871388720583,-22.39061286112794,-22.39061286112794,22.39061286112794,1.380211241711606,0.20666052641854005,-1.173550715293066,1.173550715293066
MNG,TJK,31.0,Mongolia,Tajikistan,1.521521589596372,-29.47847841040363,-29.47847841040363,29.47847841040363,1.505149978319906,0.40166269099700846,-1.1034872873228976,1.1034872873228976
MNG,TKM,39.0,Mongolia,Turkmenistan,0.050843386871259076,-38.94915661312874,-38.94915661312874,38.94915661312874,1.6020599913279623,0.02153799548992186,-1.5805219958380405,1.5805219958380405
MNG,TLS,37.0,Mongolia,East Timor,0.0047926985548188295,-36.995207301445184,-36.995207301445184,36.995207301445184,1.5797835966168101,0.002076470552283693,-1.5777071260645266,1.5777071260645266
MNG,TUR,455.0,Mongolia,Turkey,0.3800987707318103,-454.6199012292682,-454.6199012292682,454.6199012292682,2.658964842664435,0.13991016904528672,-2.519054673619148,2.519054673619148
MNG,TWN,162.0,Mongolia,Taiwan,93.96427772137555,-68.03572227862445,-68.03572227862445,68.03572227862445,2.2121876044039577,1.9775602694358487,-0.23462733496810897,0.23462733496810897
MNG,UZB,37.0,Mongolia,Uzbekistan,14.497501981610068,-22.502498018389932,-22.502498018389932,22.502498018389932,1.5797835966168101,1.1902617005552945,-0.3895218960615157,0.3895218960615157
MNG,VNM,325.0,Mongolia,Vietnam,0.6804654612265416,-324.31953453877344,-324.31953453877344,324.31953453877344,2.513217600067939,0.2254295907996219,-2.287788009268317,2.287788009268317
MNG,YEM,1.0,Mongolia,Yemen,0.12984148198496034,-0.8701585180150396,-0.8701585180150396,0.8701585180150396,0.3010299956639812,0.05301751575917381,-0.24801247990480738,0.24801247990480738
MYS,AFG,115.0,Malaysia,Afghanistan,76.9520822797709,-38.047917720229094,-38.047917720229094,38.047917720229094,2.0644579892269186,1.8918277206863217,-0.17263026854059674,0.17263026854059674
MYS,ARE,1167.0,Malaysia,United Arab Emirates,15.934065018470555,-1151.0659349815294,-1151.0659349815294,1151.0659349815294,3.0674428427763805,1.2287612229157807,-1.8386816198606,1.8386816198606
MYS,ARM,33.0,Malaysia,Armenia,4.454463499481178,-28.54553650051882,-28.54553650051882,28.54553650051882,1.5314789170422551,0.7367520398604968,-0.7947268771817583,0.7947268771817583
MYS,AZE,19.0,Malaysia,Azerbaijan,15.685475272411251,-3.314524727588749,-3.314524727588749,3.314524727588749,1.3010299956639813,1.2223385816977874,-0.0786914139661937,0.0786914139661937
MYS,BGD,35027.0,Malaysia,Bangladesh,3703.2345950240247,-31323.765404975977,-31323.765404975977,31323.765404975977,4.54441534103564,3.5686984834359583,-0.9757168575996809,0.9757168575996809
MYS,BHR,141.0,Malaysia,Bahrain,2.4511659606433036,-138.5488340393567,-138.5488340393567,138.5488340393567,2.1522883443830563,0.5379658442693401,-1.6143225001137165,1.6143225001137165
MYS,BRN,1010.0,Malaysia,Brunei,24.303797891798,-985.696202108202,-985.696202108202,985.696202108202,3.004751155591001,1.4031857100953278,-1.6015654454956731,1.6015654454956731
MYS,BTN,33.0,Malaysia,Bhutan,13.798042264929725,-19.201957735070273,-19.201957735070273,19.201957735070273,1.5314789170422551,1.1702042633829846,-0.3612746536592706,0.3612746536592706
MYS,CYP,83.0,Malaysia,Cyprus,1.900237984575336,-81.09976201542466,-81.09976201542466,81.09976201542466,1.9242792860618816,0.46243363622558314,-1.4618456498362984,1.4618456498362984
MYS,GEO,19.0,Malaysia,Georgia,5.572491465731054,-13.427508534268945,-13.427508534268945,13.427508534268945,1.3010299956639813,0.8177300308547311,-0.4832999648092502,0.4832999648092502
MYS,HKG,1383.0,Malaysia,Hong Kong S.A.R.,206.03054439242052,-1176.9694556075794,-1176.9694556075794,1176.9694556075794,3.141136090120739,2.3160344241162583,-0.8251016660044805,0.8251016660044805
MYS,IDN,169071.0,Malaysia,Indonesia,33087.10105936385,-135983.89894063614,-135983.89894063614,135983.89894063614,5.228071690079313,4.519671843524186,-0.7083998465551267,0.7083998465551267
MYS,IND,21040.0,Malaysia,India,8876.791825770042,-12163.208174229958,-12163.208174229958,12163.208174229958,4.323066376363904,3.948304957091766,-0.374761419272138,0.374761419272138
MYS,IRQ,736.0,Malaysia,Iraq,65.02569690638913,-670.9743030936108,-670.9743030936108,670.9743030936108,2.8674674878590514,1.81971299391534,-1.0477544939437116,1.0477544939437116
MYS,ISR,22.0,Malaysia,Israel,13.54251275757945,-8.45748724242055,-8.45748724242055,8.45748724242055,1.3617278360175928,1.162639453460189,-0.19908838255740388,0.19908838255740388
MYS,JOR,213.0,Malaysia,Jordan,16.134604046090637,-196.86539595390937,-196.86539595390937,196.86539595390937,2.330413773349191,1.2338740730153879,-1.0965397003338029,1.0965397003338029
MYS,JPN,2260.0,Malaysia,Japan,224.18319079539435,-2035.8168092046058,-2035.8168092046058,2035.8168092046058,3.35430056234536,2.3525359686958947,-1.0017645936494652,1.0017645936494652
MYS,KAZ,104.0,Malaysia,Kazakhstan,37.40149881020162,-66.59850118979838,-66.59850118979838,66.59850118979838,2.0211892990699383,1.584348175208599,-0.436841123861339,0.436841123861339
MYS,KGZ,21.0,Malaysia,Kyrgyzstan,12.717263929353514,-8.282736070646486,-8.282736070646486,8.282736070646486,1.3424226808222062,1.137267494834123,-0.20515518598808316,0.20515518598808316
MYS,KHM,4069.0,Malaysia,Cambodia,102557.6952760348,98488.6952760348,98488.6952760348,98488.6952760348,3.60959440922522,5.010972487233023,1.4013780780078025,1.4013780780078025
MYS,KOR,2031.0,Malaysia,South Korea,104.73837457214059,-1926.2616254278594,-1926.2616254278594,1926.2616254278594,3.307923703611882,2.024232630073483,-1.2836910735383986,1.2836910735383986
MYS,KWT,339.0,Malaysia,Kuwait,7.118014769162602,-331.8819852308374,-331.8819852308374,331.8819852308374,2.531478917042255,0.909449837097057,-1.6220290799451982,1.6220290799451982
MYS,LAO,139.0,Malaysia,Laos,322.73050241180226,183.73050241180226,183.73050241180226,183.73050241180226,2.146128035678238,2.510183621259331,0.3640555855810932,0.3640555855810932
MYS,LBN,101.0,Malaysia,Lebanon,8.39997974807962,-92.60002025192038,-92.60002025192038,92.60002025192038,2.0086001717619175,0.9731269179287685,-1.035473253833149,1.035473253833149
MYS,LKA,1259.0,Malaysia,Sri Lanka,911.9870271533568,-347.01297284664315,-347.01297284664315,347.01297284664315,3.100370545117563,2.960464606586063,-0.13990593853149963,0.13990593853149963
MYS,MAC,202.0,Malaysia,Macao S.A.R,27.051240927733215,-174.9487590722668,-174.9487590722668,174.9487590722668,2.307496037913213,1.4479520782890172,-0.8595439596241956,0.8595439596241956
MYS,MMR,29617.0,Malaysia,Myanmar,2600.117367893888,-27016.882632106113,-27016.882632106113,27016.882632106113,4.4715557287871635,3.4151599489196958,-1.0563957798674677,1.0563957798674677
MYS,MNG,35.0,Malaysia,Mongolia,6.447924988293981,-28.55207501170602,-28.55207501170602,28.55207501170602,1.5563025007672873,0.8720352940025489,-0.6842672067647384,0.6842672067647384
MYS,NPL,40114.0,Malaysia,Nepal,477.5581586255885,-39636.44184137441,-39636.44184137441,39636.44184137441,4.603306796538514,2.679934724631817,-1.9233720719066967,1.9233720719066967
MYS,OMN,195.0,Malaysia,Oman,8.558696548041073,-186.44130345195893,-186.44130345195893,186.44130345195893,2.292256071356476,0.9803986746413996,-1.3118573967150764,1.3118573967150764
MYS,PAK,6908.0,Malaysia,Pakistan,539.4687262895245,-6368.531273710476,-6368.531273710476,6368.531273710476,3.8394151926838935,2.7327705689778856,-1.1066446237060081,1.1066446237060081
MYS,PHL,18236.0,Malaysia,Philippines,3753.8939725637824,-14482.106027436217,-14482.106027436217,14482.106027436217,4.260953398104103,3.5745976782827724,-0.6863557198213313,0.6863557198213313
MYS,QAT,736.0,Malaysia,Qatar,4.345439990788589,-731.6545600092114,-731.6545600092114,731.6545600092114,2.8674674878590514,0.727983458414225,-2.1394840294448265,2.1394840294448265
MYS,SAU,2269.0,Malaysia,Saudi Arabia,50.44980625952082,-2218.5501937404792,-2218.5501937404792,2218.5501937404792,3.3560258571931225,1.7113837437130397,-1.644642113480083,1.644642113480083
MYS,SGP,29903.0,Malaysia,Singapore,56771.430833647726,26868.430833647726,26868.430833647726,26868.430833647726,4.475729284034757,4.754137489875198,0.2784082058404416,0.2784082058404416
MYS,SYR,275.0,Malaysia,Syria,31.78722983216898,-243.21277016783102,-243.21277016783102,243.21277016783102,2.4409090820652177,1.5157047250126192,-0.9252043570525984,0.9252043570525984
MYS,THA,11465.0,Malaysia,Thailand,27869.100345191517,16404.100345191517,16404.100345191517,16404.100345191517,4.059411937438656,4.445138532376186,0.3857265949375292,0.3857265949375292
MYS,TJK,51.0,Malaysia,Tajikistan,18.58757193032148,-32.41242806967852,-32.41242806967852,32.41242806967852,1.7160033436347992,1.2919806043143922,-0.424022739320407,0.424022739320407
MYS,TKM,10.0,Malaysia,Turkmenistan,11.5537787413958,1.5537787413957993,1.5537787413957993,1.5537787413957993,1.0413926851582251,1.0987744700023077,0.057381784844082656,0.057381784844082656
MYS,TLS,85.0,Malaysia,East Timor,23.92237769786772,-61.07762230213228,-61.07762230213228,61.07762230213228,1.9344984512435677,1.3965894734527764,-0.5379089777907914,0.5379089777907914
MYS,TUR,505.0,Malaysia,Turkey,118.29297172410459,-386.7070282758954,-386.7070282758954,386.7070282758954,2.7041505168397992,2.0766148574896803,-0.6275356593501188,0.6275356593501188
MYS,TWN,3782.0,Malaysia,Taiwan,408.25311987603357,-3373.7468801239665,-3373.7468801239665,3373.7468801239665,3.577836341292744,2.6119919988714706,-0.9658443424212733,0.9658443424212733
MYS,UZB,114.0,Malaysia,Uzbekistan,57.0442314165975,-56.9557685834025,-56.9557685834025,56.9557685834025,2.060697840353612,1.7637590649285853,-0.29693877542502645,0.29693877542502645
MYS,VNM,10972.0,Malaysia,Vietnam,153521.4163106797,142549.4163106797,142549.4163106797,142549.4163106797,4.040325379199724,5.186171797202509,1.1458464180027854,1.1458464180027854
MYS,YEM,764.0,Malaysia,Yemen,57.836107052855475,-706.1638929471445,-706.1638929471445,706.1638929471445,2.8836614351536176,1.7696439294974557,-1.1140175056561619,1.1140175056561619
NPL,AFG,235.0,Nepal,Afghanistan,67.65037531328672,-167.3496246867133,-167.3496246867133,167.3496246867133,2.3729120029701067,1.8366429158778554,-0.5362690870922511,0.5362690870922511
NPL,ARE,28271.0,Nepal,United Arab Emirates,9.199337759338652,-28261.80066224066,-28261.80066224066,28261.80066224066,4.451356532162689,1.0085719740362453,-3.4427845581264434,3.4427845581264434
NPL,ARM,13.0,Nepal,Armenia,2.2437307413340575,-10.756269258665942,-10.756269258665942,10.756269258665942,1.146128035678238,0.511044796708625,-0.635083238969613,0.635083238969613
NPL,AZE,36.0,Nepal,Azerbaijan,9.208353683758176,-26.791646316241824,-26.791646316241824,26.791646316241824,1.568201724066995,1.0089557084228926,-0.5592460156441024,0.5592460156441024
NPL,BGD,964.0,Nepal,Bangladesh,137076.72386759936,136112.72386759936,136112.72386759936,136112.72386759936,2.9845273133437926,5.136966884494709,2.152439571150916,2.152439571150916
NPL,BHR,1801.0,Nepal,Bahrain,1.377890270393533,-1799.6221097296066,-1799.6221097296066,1799.6221097296066,3.255754786643044,0.376191809886495,-2.8795629767565494,2.8795629767565494
NPL,BRN,157.0,Nepal,Brunei,0.3396680859084284,-156.66033191409159,-156.66033191409159,156.66033191409159,2.1986570869544226,0.12699721156334465,-2.0716598753910778,2.0716598753910778
NPL,BTN,71.0,Nepal,Bhutan,4285.844784118366,4214.844784118366,4214.844784118366,4214.844784118366,1.8573324964312685,3.6321377590830037,1.7748052626517352,1.7748052626517352
NPL,CYP,2255.0,Nepal,Cyprus,0.7317870075004111,-2254.2682129924997,-2254.2682129924997,2254.2682129924997,3.3533390953113047,0.23849447708352,-3.1148446182277847,3.1148446182277847
NPL,GEO,7.0,Nepal,Georgia,2.8205577398985358,-4.179442260101464,-4.179442260101464,4.179442260101464,0.9030899869919435,0.5821267675397339,-0.3209632194522097,0.3209632194522097
NPL,HKG,923.0,Nepal,Hong Kong S.A.R.,7.162908881197647,-915.8370911188024,-915.8370911188024,915.8370911188024,2.9656719712201065,0.911844948696661,-2.053827022523446,2.053827022523446
NPL,IDN,262.0,Nepal,Indonesia,180.81827142784437,-81.18172857215563,-81.18172857215563,81.18172857215563,2.419955748489758,2.2596375245491043,-0.16031822394065362,0.16031822394065362
NPL,IND,50966.0,Nepal,India,21533.03329584853,-29432.96670415147,-29432.96670415147,29432.96670415147,4.707289071065854,4.333125380222043,-0.37416369084381085,0.37416369084381085
NPL,IRQ,658.0,Nepal,Iraq,36.12584862976859,-621.8741513702314,-621.8741513702314,621.8741513702314,2.8188854145940097,1.5696763896252928,-1.249209024968717,1.249209024968717
NPL,ISR,82.0,Nepal,Israel,5.21604246293008,-76.78395753706992,-76.78395753706992,76.78395753706992,1.919078092376074,0.7935139725485256,-1.1255641198275483,1.1255641198275483
NPL,JOR,385.0,Nepal,Jordan,6.217221296499598,-378.7827787035004,-378.7827787035004,378.7827787035004,2.586587304671755,0.8583700219633105,-1.7282172827084445,1.7282172827084445
NPL,JPN,9596.0,Nepal,Japan,67.45739002977703,-9528.542609970224,-9528.542609970224,9528.542609970224,3.9821354948037695,1.835420337435907,-2.1467151573678627,2.1467151573678627
NPL,KAZ,25.0,Nepal,Kazakhstan,25.088201250628416,0.08820125062841555,0.08820125062841555,0.08820125062841555,1.414973347970818,1.4164441360624007,0.0014707880915827234,0.0014707880915827234
NPL,KGZ,18.0,Nepal,Kyrgyzstan,8.561331214062271,-9.438668785937729,-9.438668785937729,9.438668785937729,1.2787536009528289,0.9805183628485657,-0.29823523810426317,0.29823523810426317
NPL,KHM,111.0,Nepal,Cambodia,18.22046104451796,-92.77953895548204,-92.77953895548204,92.77953895548204,2.0492180226701815,1.2837638009542007,-0.7654542217159809,0.7654542217159809
NPL,KOR,6884.0,Nepal,South Korea,38.33979162371379,-6845.660208376286,-6845.660208376286,6845.660208376286,3.8379039445929424,1.5948320552042907,-2.2430718893886517,2.2430718893886517
NPL,KWT,5568.0,Nepal,Kuwait,3.949597756865145,-5564.050402243135,-5564.050402243135,5564.050402243135,3.745777217889759,0.6945699061917346,-3.0512073116980245,3.0512073116980245
NPL,LAO,16.0,Nepal,Laos,9.175506698782288,-6.8244933012177125,-6.8244933012177125,6.8244933012177125,1.2304489213782739,1.0075560445317624,-0.22289287684651163,0.22289287684651163
NPL,LBN,85.0,Nepal,Lebanon,3.236031210724667,-81.76396878927534,-81.76396878927534,81.76396878927534,1.9344984512435677,0.6269591512927571,-1.3075392999508106,1.3075392999508106
NPL,LKA,52.0,Nepal,Sri Lanka,24.255388957759628,-27.744611042240372,-27.744611042240372,27.744611042240372,1.724275869600789,1.4023540614608376,-0.3219218081399515,0.3219218081399515
NPL,MAC,481.0,Nepal,Macao S.A.R,0.7207716709169731,-480.279228329083,-480.279228329083,480.279228329083,2.6830470382388496,0.23572324764340605,-2.4473237905954437,2.4473237905954437
NPL,MMR,82.0,Nepal,Myanmar,96.67380866654526,14.673808666545256,14.673808666545256,14.673808666545256,1.919078092376074,1.989778122812606,0.07070003043653207,0.07070003043653207
NPL,MNG,9.0,Nepal,Mongolia,3.2451042074000473,-5.754895792599953,-5.754895792599953,5.754895792599953,1.0,0.6278883556266938,-0.37211164437330624,0.37211164437330624
NPL,MYS,7108.0,Nepal,Malaysia,31.950396902083583,-7076.049603097917,-7076.049603097917,7076.049603097917,3.8518085142282374,1.5178606502303806,-2.3339478639978566,2.3339478639978566
NPL,OMN,1159.0,Nepal,Oman,4.910389815394725,-1154.0896101846054,-1154.0896101846054,1154.0896101846054,3.0644579892269186,0.7716161253976538,-2.2928418638292647,2.2928418638292647
NPL,PAK,202.0,Nepal,Pakistan,349.32019941718613,147.32019941718613,147.32019941718613,147.32019941718613,2.307496037913213,2.5444651794030655,0.2369691414898528,0.2369691414898528
NPL,PHL,145.0,Nepal,Philippines,89.49941762601152,-55.50058237398848,-55.50058237398848,55.50058237398848,2.164352855784437,1.956645784480083,-0.20770707130435412,0.20770707130435412
NPL,QAT,25113.0,Nepal,Qatar,2.4436453764310166,-25110.556354623568,-25110.556354623568,25110.556354623568,4.3999158899163024,0.5370184218208588,-3.862897468095444,3.862897468095444
NPL,SAU,19122.0,Nepal,Saudi Arabia,27.236753218796217,-19094.763246781204,-19094.763246781204,19094.763246781204,4.281556025034367,1.4508147582358242,-2.830741266798543,2.830741266798543
NPL,SGP,108.0,Nepal,Singapore,5.1593816904665255,-102.84061830953347,-102.84061830953347,102.84061830953347,2.037426497940624,0.7895371177007635,-1.24788938023986,1.24788938023986
NPL,SYR,61.0,Nepal,Syria,12.254426624315439,-48.74557337568456,-48.74557337568456,48.74557337568456,1.792391689498254,1.1223609452504133,-0.6700307442478405,0.6700307442478405
NPL,THA,283.0,Nepal,Thailand,82.62496309791842,-200.37503690208158,-200.37503690208158,200.37503690208158,2.4533183400470375,1.9223359391301524,-0.5309824009168853,0.5309824009168853
NPL,TJK,56.0,Nepal,Tajikistan,12.331210873928685,-43.66878912607132,-43.66878912607132,43.66878912607132,1.7558748556724915,1.1248695981747092,-0.6310052574977821,0.6310052574977821
NPL,TKM,27.0,Nepal,Turkmenistan,7.474489675381447,-19.52551032461855,-19.52551032461855,19.52551032461855,1.4471580313422192,0.9281135549177301,-0.5190444764244891,0.5190444764244891
NPL,TLS,34.0,Nepal,East Timor,0.6503317924800837,-33.34966820751992,-33.34966820751992,33.34966820751992,1.5440680443502757,0.21757126612744912,-1.3264967782228265,1.3264967782228265
NPL,TUR,595.0,Nepal,Turkey,41.89075623657212,-553.1092437634279,-553.1092437634279,553.1092437634279,2.7752462597402365,1.6323637036528034,-1.142882556087433,1.142882556087433
NPL,TWN,105.0,Nepal,Taiwan,21.11821006832723,-83.88178993167277,-83.88178993167277,83.88178993167277,2.0253058652647704,1.34474997846893,-0.6805558867958401,0.6805558867958401
NPL,UZB,11.0,Nepal,Uzbekistan,41.21598738050716,30.21598738050716,30.21598738050716,30.21598738050716,1.0791812460476249,1.625476951346798,0.546295705299173,0.546295705299173
NPL,VNM,197.0,Nepal,Vietnam,99.84074736049426,-97.15925263950574,-97.15925263950574,97.15925263950574,2.296665190261531,2.003636055700718,-0.2930291345608129,0.2930291345608129
NPL,YEM,36.0,Nepal,Yemen,21.441367646111917,-14.558632353888083,-14.558632353888083,14.558632353888083,1.568201724066995,1.3510493206349403,-0.2171524034320547,0.2171524034320547
OMN,AFG,68.0,Oman,Afghanistan,217.88983663023387,149.88983663023387,149.88983663023387,149.88983663023387,1.8388490907372552,2.3402255971189727,0.5013765063817173,0.5013765063817173
OMN,ARE,5223.0,Oman,United Arab Emirates,78662.19143183775,73439.19143183775,73439.19143183775,73439.19143183775,3.7180031682670176,4.895771562123564,1.1777683938565464,1.1777683938565464
OMN,ARM,14.0,Oman,Armenia,0.4466544043642623,-13.553345595635738,-13.553345595635738,13.553345595635738,1.1760912590556813,0.1603647935904245,-1.0157264654652567,1.0157264654652567
OMN,AZE,10.0,Oman,Azerbaijan,1.5896518987882893,-8.41034810121171,-8.41034810121171,8.41034810121171,1.0413926851582251,0.4132413901061,-0.6281512950521251,0.6281512950521251
OMN,BGD,32237.0,Oman,Bangladesh,20.291894634178064,-32216.708105365822,-32216.708105365822,32216.708105365822,4.508368090952338,1.32821430834102,-3.1801537826113173,3.1801537826113173
OMN,BHR,341.0,Oman,Bahrain,2575.465247396341,2234.465247396341,2234.465247396341,2234.465247396341,2.534026106056135,3.411024288863544,0.876998182807409,0.876998182807409
OMN,BRN,37.0,Oman,Brunei,0.029231851734405866,-36.97076814826559,-36.97076814826559,36.97076814826559,1.5797835966168101,0.012513217898242172,-1.567270378718568,1.567270378718568
OMN,BTN,29.0,Oman,Bhutan,0.10169744977105742,-28.898302550228944,-28.898302550228944,28.898302550228944,1.4771212547196624,0.04206234412069269,-1.4350589105989697,1.4350589105989697
OMN,CYP,30.0,Oman,Cyprus,0.17986166957842947,-29.82013833042157,-29.82013833042157,29.82013833042157,1.4913616938342726,0.07183109233970111,-1.4195306014945714,1.4195306014945714
OMN,GEO,41.0,Oman,Georgia,0.558014618936595,-40.441985381063404,-40.441985381063404,40.441985381063404,1.6232492903979006,0.1925715283645997,-1.4306777620333009,1.4306777620333009
OMN,HKG,53.0,Oman,Hong Kong S.A.R.,0.605350760334091,-52.39464923966591,-52.39464923966591,52.39464923966591,1.7323937598229686,0.205569938070711,-1.5268238217522576,1.5268238217522576
OMN,IDN,1261.0,Oman,Indonesia,20.203422140691657,-1240.7965778593084,-1240.7965778593084,1240.7965778593084,3.1010593549081156,1.326405959838079,-1.7746533950700365,1.7746533950700365
OMN,IND,45633.0,Oman,India,957.936125636102,-44675.0638743639,-44675.0638743639,44675.0638743639,4.659288538064577,2.981789679946847,-1.6774988581177304,1.6774988581177304
OMN,IRQ,261.0,Oman,Iraq,176.8421569793778,-84.15784302062221,-84.15784302062221,84.15784302062221,2.4183012913197452,2.250034717114239,-0.16826657420550656,0.16826657420550656
OMN,ISR,30.0,Oman,Israel,1.3405989527863749,-28.659401047213624,-28.659401047213624,28.659401047213624,1.4913616938342726,0.36932700638662513,-1.1220346874476474,1.1220346874476474
OMN,JOR,557.0,Oman,Jordan,1.6338069067835062,-555.3661930932165,-555.3661930932165,555.3661930932165,2.7466341989375787,0.4205839322080182,-2.3260502667295606,2.3260502667295606
OMN,JPN,50.0,Oman,Japan,7.033698795121061,-42.96630120487894,-42.96630120487894,42.96630120487894,1.7075701760979363,0.9049155448378914,-0.802654631260045,0.802654631260045
OMN,KAZ,18.0,Oman,Kazakhstan,2.669880433493391,-15.330119566506609,-15.330119566506609,15.330119566506609,1.2787536009528289,0.5646519149551039,-0.714101685997725,0.714101685997725
OMN,KGZ,23.0,Oman,Kyrgyzstan,0.9643491498026369,-22.035650850197364,-22.035650850197364,22.035650850197364,1.380211241711606,0.29321868322481026,-1.0869925584867957,1.0869925584867957
OMN,KHM,23.0,Oman,Cambodia,1.5486109606190914,-21.45138903938091,-21.45138903938091,21.45138903938091,1.380211241711606,0.40630354651234046,-0.9739076951992656,0.9739076951992656
OMN,KOR,43.0,Oman,South Korea,3.0638975303397276,-39.93610246966027,-39.93610246966027,39.93610246966027,1.6434526764861874,0.6089427488405614,-1.034509927645626,1.034509927645626
OMN,KWT,344.0,Oman,Kuwait,28.37674860588786,-315.6232513941121,-315.6232513941121,315.6232513941121,2.537819095073274,1.4680037267618802,-1.069815368311394,1.069815368311394
OMN,LAO,42.0,Oman,Laos,0.6890164686100372,-41.310983531389965,-41.310983531389965,41.310983531389965,1.6334684555795864,0.22763388414270494,-1.4058345714368816,1.4058345714368816
OMN,LBN,249.0,Oman,Lebanon,0.8210144790275795,-248.17898552097242,-248.17898552097242,248.17898552097242,2.3979400086720375,0.26031339891780975,-2.137626609754228,2.137626609754228
OMN,LKA,1087.0,Oman,Sri Lanka,2.9302510653483806,-1084.0697489346517,-1084.0697489346517,1084.0697489346517,3.036628895362161,0.5944202940936691,-2.442208601268492,2.442208601268492
OMN,MAC,29.0,Oman,Macao S.A.R,0.05546864643901733,-28.944531353560983,-28.944531353560983,28.944531353560983,1.4771212547196624,0.02344533676184846,-1.453675917957814,1.453675917957814
OMN,MMR,56.0,Oman,Myanmar,5.4058380713564445,-50.59416192864356,-50.59416192864356,50.59416192864356,1.7558748556724915,0.8065759562439448,-0.9492988994285465,0.9492988994285465
OMN,MNG,24.0,Oman,Mongolia,0.31084612192489375,-23.689153878075107,-23.689153878075107,23.689153878075107,1.3979400086720377,0.11755171356560744,-1.2803882951064303,1.2803882951064303
OMN,MYS,165.0,Oman,Malaysia,3.067548843907342,-161.93245115609267,-161.93245115609267,161.93245115609267,2.220108088040055,0.6093327767317164,-1.6107753113083387,1.6107753113083387
OMN,NPL,1618.0,Oman,Nepal,4.06596469134499,-1613.934035308655,-1613.934035308655,1613.934035308655,3.2092468487533736,0.7046621585284588,-2.504584690224915,2.504584690224915
OMN,PAK,15547.0,Oman,Pakistan,26935.199218957147,11388.199218957147,11388.199218957147,11388.199218957147,4.191674531959229,4.430336315414998,0.23866178345576888,0.23866178345576888
OMN,PHL,6427.0,Oman,Philippines,7.040732030915393,-6419.959267969085,-6419.959267969085,6419.959267969085,3.808075868091307,0.9052955888622652,-2.9027802792290416,2.9027802792290416
OMN,QAT,1022.0,Oman,Qatar,5889.135555389416,4867.135555389416,4867.135555389416,4867.135555389416,3.00987563371216,3.7701252897412925,0.7602496560291322,0.7602496560291322
OMN,SAU,1528.0,Oman,Saudi Arabia,226.3414827162638,-1301.6585172837363,-1301.6585172837363,1301.6585172837363,3.1844074854123203,2.3566786881271495,-0.8277287972851703,0.8277287972851703
OMN,SGP,94.0,Oman,Singapore,0.4600381960909192,-93.53996180390908,-93.53996180390908,93.53996180390908,1.9777236052888478,0.16436421752041688,-1.8133593877684309,1.8133593877684309
OMN,SYR,438.0,Oman,Syria,3.131004704657308,-434.8689952953427,-434.8689952953427,434.8689952953427,2.6424645202421213,0.6160556895797196,-2.026408830662402,2.026408830662402
OMN,THA,215.0,Oman,Thailand,6.900532078803625,-208.09946792119638,-208.09946792119638,208.09946792119638,2.3344537511509307,0.8976563407976462,-1.4367974103532846,1.4367974103532846
OMN,TJK,23.0,Oman,Tajikistan,29.517574685027455,6.517574685027455,6.517574685027455,6.517574685027455,1.380211241711606,1.4845500160861622,0.10433877437455619,0.10433877437455619
OMN,TKM,9.0,Oman,Turkmenistan,33.502315845368585,24.502315845368585,24.502315845368585,24.502315845368585,1.0,1.537848246525731,0.5378482465257312,0.5378482465257312
OMN,TLS,20.0,Oman,East Timor,0.07164449790622786,-19.928355502093773,-19.928355502093773,19.928355502093773,1.3222192947339193,0.03005073852510864,-1.2921685562088105,1.2921685562088105
OMN,TUR,588.0,Oman,Turkey,9.047420511538489,-578.9525794884615,-578.9525794884615,578.9525794884615,2.7701152947871015,1.002054579030605,-1.7680607157564967,1.7680607157564967
OMN,TWN,44.0,Oman,Taiwan,1.5418563833344705,-42.45814361666553,-42.45814361666553,42.45814361666553,1.6532125137753437,0.4051510089688374,-1.2480615048065062,1.2480615048065062
OMN,UZB,44.0,Oman,Uzbekistan,5.2160383694812404,-38.78396163051876,-38.78396163051876,38.78396163051876,1.6532125137753437,0.7935136865525982,-0.8596988272227454,0.8596988272227454
OMN,VNM,39.0,Oman,Vietnam,8.402762193611748,-30.59723780638825,-30.59723780638825,30.59723780638825,1.6020599913279623,0.9732554524535062,-0.6288045388744562,0.6288045388744562
OMN,YEM,343.0,Oman,Yemen,123.18370580947632,-219.81629419052368,-219.81629419052368,219.81629419052368,2.53655844257153,2.094064615637141,-0.4424938269343891,0.4424938269343891
PAK,AFG,8401.0,Pakistan,Afghanistan,37165.67982662345,28764.679826623447,28764.679826623447,28764.679826623447,3.924382677201973,4.570153766439287,0.6457710892373134,0.6457710892373134
PAK,ARE,101938.0,Pakistan,United Arab Emirates,215.3153184592351,-101722.68468154076,-101722.68468154076,101722.68468154076,5.0083403689366985,2.3350872752724428,-2.6732530936642562,2.6732530936642562
PAK,ARM,35.0,Pakistan,Armenia,42.11250582863724,7.112505828637239,7.112505828637239,7.112505828637239,1.5563025007672873,1.634603266090317,0.07830076532302953,0.07830076532302953
PAK,AZE,322.0,Pakistan,Azerbaijan,189.29159811049556,-132.70840188950444,-132.70840188950444,132.70840188950444,2.509202522331103,2.2794196134325673,-0.22978290889853561,0.22978290889853561
PAK,BGD,8393.0,Pakistan,Bangladesh,2857.0389677013304,-5535.96103229867,-5535.96103229867,5535.96103229867,3.9239689648754714,3.4560681458483344,-0.46790081902713665,0.46790081902713665
PAK,BHR,2731.0,Pakistan,Bahrain,32.77143795196561,-2698.2285620480343,-2698.2285620480343,2698.2285620480343,3.436480695009495,1.528549552826959,-1.907931142182536,1.907931142182536
PAK,BRN,104.0,Pakistan,Brunei,3.5225574571721086,-100.47744254282789,-100.47744254282789,100.47744254282789,2.0211892990699383,0.6553840930938815,-1.3658052059760566,1.3658052059760566
PAK,BTN,21.0,Pakistan,Bhutan,14.570026358274987,-6.429973641725013,-6.429973641725013,6.429973641725013,1.3424226808222062,1.192289347779661,-0.15013333304254517,0.15013333304254517
PAK,CYP,931.0,Pakistan,Cyprus,16.872628705741736,-914.1273712942583,-914.1273712942583,914.1273712942583,2.9694159123539814,1.2521884332240794,-1.717227479129902,1.717227479129902
PAK,GEO,13.0,Pakistan,Georgia,52.63357474204202,39.63357474204202,39.63357474204202,39.63357474204202,1.146128035678238,1.7294367441755283,0.5833087084972903,0.5833087084972903
PAK,HKG,467.0,Pakistan,Hong Kong S.A.R.,72.9472376363296,-394.0527623636704,-394.0527623636704,394.0527623636704,2.670245853074124,1.8689219551861052,-0.8013238978880189,0.8013238978880189
PAK,IDN,2685.0,Pakistan,Indonesia,2392.6496397543274,-292.3503602456726,-292.3503602456726,292.3503602456726,3.4291060083326967,3.3790605827217366,-0.050045425610959954,0.050045425610959954
PAK,IND,0.0,Pakistan,India,190253.43692509097,190253.43692509097,190253.43692509097,190253.43692509097,0.0,5.279334793745446,5.279334793745446,5.279334793745446
PAK,IRQ,2236.0,Pakistan,Iraq,654.7552553790242,-1581.2447446209758,-1581.2447446209758,1581.2447446209758,3.34966598409663,2.816741779815902,-0.5329242042807276,0.5329242042807276
PAK,ISR,30.0,Pakistan,Israel,120.40345085531492,90.40345085531492,90.40345085531492,90.40345085531492,1.4913616938342726,2.084231031600203,0.5928693377659303,0.5928693377659303
PAK,JOR,293.0,Pakistan,Jordan,151.20229672959232,-141.79770327040768,-141.79770327040768,141.79770327040768,2.4683473304121573,2.182421205978986,-0.2859261244331714,0.2859261244331714
PAK,JPN,1180.0,Pakistan,Japan,847.5894160715835,-332.4105839284165,-332.4105839284165,332.4105839284165,3.072249897613515,2.9286976107792033,-0.1435522868343117,0.1435522868343117
PAK,KAZ,110.0,Pakistan,Kazakhstan,373.9927956175878,263.9927956175878,263.9927956175878,263.9927956175878,2.0453229787866576,2.5740229241181654,0.528699945331508,0.528699945331508
PAK,KGZ,887.0,Pakistan,Kyrgyzstan,131.2450502635799,-755.75494973642,-755.75494973642,755.75494973642,2.948412965778601,2.1213794260120054,-0.8270335397665958,0.8270335397665958
PAK,KHM,242.0,Pakistan,Cambodia,187.13493685718691,-54.865063142813085,-54.865063142813085,54.865063142813085,2.385606273598312,2.2744694519852207,-0.11113682161309141,0.11113682161309141
PAK,KOR,1468.0,Pakistan,South Korea,369.2121591054169,-1098.787840894583,-1098.787840894583,1098.787840894583,3.1670217957902564,2.5684506784516477,-0.598571117338609,0.598571117338609
PAK,KWT,1094.0,Pakistan,Kuwait,89.61449966166423,-1004.3855003383358,-1004.3855003383358,1004.3855003383358,3.0394141191761372,1.957197696785057,-1.0822164223910802,1.0822164223910802
PAK,LAO,45.0,Pakistan,Laos,89.16640117401487,44.166401174014865,44.166401174014865,44.166401174014865,1.662757831681574,1.9550447359558638,0.2922869042742898,0.2922869042742898
PAK,LBN,77.0,Pakistan,Lebanon,74.8205623855813,-2.1794376144187027,-2.1794376144187027,2.1794376144187027,1.8920946026904804,1.8797870014046976,-0.01230760128578276,0.01230760128578276
PAK,LKA,346.0,Pakistan,Sri Lanka,327.7895699872909,-18.210430012709082,-18.210430012709082,18.210430012709082,2.5403294747908736,2.5169180321988778,-0.023411442591995752,0.023411442591995752
PAK,MAC,25.0,Pakistan,Macao S.A.R,6.713711740052232,-18.286288259947767,-18.286288259947767,18.286288259947767,1.414973347970818,0.8872634053306715,-0.5277099426401465,0.5277099426401465
PAK,MMR,265.0,Pakistan,Myanmar,712.3714024281758,447.37140242817577,447.37140242817577,447.37140242817577,2.424881636631067,2.8533156953912093,0.4284340587601425,0.4284340587601425
PAK,MNG,17.0,Pakistan,Mongolia,36.93723181413311,19.937231814133114,19.937231814133114,19.937231814133114,1.255272505103306,1.5790656383157733,0.32379313321246717,0.32379313321246717
PAK,MYS,9705.0,Pakistan,Malaysia,369.6521572948213,-9335.34784270518,-9335.34784270518,9335.34784270518,3.987040286979267,2.5689665321753115,-1.4180737548039553,1.4180737548039553
PAK,NPL,334.0,Pakistan,Nepal,598.3539172033027,264.3539172033027,264.3539172033027,264.3539172033027,2.525044807036845,2.7776833480962955,0.2526385410594502,0.2526385410594502
PAK,OMN,10159.0,Pakistan,Oman,5130.763667963119,-5028.236332036881,-5028.236332036881,5028.236332036881,4.0068937079479,3.710266647690643,-0.2966270602572571,0.2966270602572571
PAK,PHL,2896.0,Pakistan,Philippines,848.43694969417,-2047.56305030583,-2047.56305030583,2047.56305030583,3.461948495203762,2.9291311484597764,-0.5328173467439853,0.5328173467439853
PAK,QAT,7437.0,Pakistan,Qatar,58.1547687260531,-7378.845231273947,-7378.845231273947,7378.845231273947,3.8714561740229536,1.7719897607632873,-2.0994664132596665,2.0994664132596665
PAK,SAU,78974.0,Pakistan,Saudi Arabia,615.1425634505383,-78358.85743654946,-78358.85743654946,78358.85743654946,4.897489634577187,2.7896812111196647,-2.1078084234575223,2.1078084234575223
PAK,SGP,135.0,Pakistan,Singapore,55.40696706182334,-79.59303293817666,-79.59303293817666,79.59303293817666,2.1335389083702174,1.751332748835032,-0.38220615953518544,0.38220615953518544
PAK,SYR,326.0,Pakistan,Syria,299.2057814089889,-26.794218591011088,-26.794218591011088,26.794218591011088,2.514547752660286,2.4774190516975394,-0.03712870096274686,0.03712870096274686
PAK,THA,646.0,Pakistan,Thailand,894.1115890306476,248.11158903064756,248.11158903064756,248.11158903064756,2.8109042806687006,2.951877179985564,0.1409728993168634,0.1409728993168634
PAK,TJK,51.0,Pakistan,Tajikistan,218.0104391195026,167.0104391195026,167.0104391195026,167.0104391195026,1.7160033436347992,2.3404648159540273,0.6244614723192281,0.6244614723192281
PAK,TKM,15.0,Pakistan,Turkmenistan,152.97161827485377,137.97161827485377,137.97161827485377,137.97161827485377,1.2041199826559248,2.1874406743261914,0.9833206916702667,0.9833206916702667
PAK,TLS,36.0,Pakistan,East Timor,8.63345444749547,-27.36654555250453,-27.36654555250453,27.36654555250453,1.568201724066995,0.9837820481284062,-0.5844196759385889,0.5844196759385889
PAK,TUR,3685.0,Pakistan,Turkey,971.1204548961053,-2713.8795451038945,-2713.8795451038945,2713.8795451038945,3.566555330883055,2.9877200814443117,-0.5788352494387432,0.5788352494387432
PAK,TWN,143.0,Pakistan,Taiwan,227.74518569341515,84.74518569341515,84.74518569341515,84.74518569341515,2.1583624920952498,2.359351962415923,0.20098947032067352,0.20098947032067352
PAK,UZB,66.0,Pakistan,Uzbekistan,722.2698038284274,656.2698038284274,656.2698038284274,656.2698038284274,1.8260748027008264,2.859300333886779,1.0332255311859522,1.0332255311859522
PAK,VNM,1023.0,Pakistan,Vietnam,1012.5671440483083,-10.43285595169175,-10.43285595169175,10.43285595169175,3.010299956639812,3.0058525239454417,-0.004447432694370345,0.004447432694370345
PAK,YEM,208.0,Pakistan,Yemen,530.6625533683178,322.66255336831784,322.66255336831784,322.66255336831784,2.3201462861110542,2.7256360726929376,0.40548978658188356,0.40548978658188356
PHL,AFG,112.0,Philippines,Afghanistan,289.5944078665949,177.5944078665949,177.5944078665949,177.5944078665949,2.0530784434834195,2.4632872525771172,0.41020880909369734,0.41020880909369734
PHL,ARE,65305.0,Philippines,United Arab Emirates,56.04831832296807,-65248.951681677034,-65248.951681677034,65248.951681677034,4.814953083988476,1.7562428467591453,-3.05871023722933,3.05871023722933
PHL,ARM,26.0,Philippines,Armenia,16.564961840809246,-9.435038159190754,-9.435038159190754,9.435038159190754,1.4313637641589874,1.244647210641339,-0.1867165535176483,0.1867165535176483
PHL,AZE,36.0,Philippines,Azerbaijan,58.24656790318306,22.246567903183063,22.246567903183063,22.246567903183063,1.568201724066995,1.7726631971482862,0.20446147308129134,0.20446147308129134
PHL,BGD,3482.0,Philippines,Bangladesh,8638.788560540757,5156.788560540757,5156.788560540757,5156.788560540757,3.541953474458236,3.936503114224955,0.3945496397667188,0.3945496397667188
PHL,BHR,5334.0,Philippines,Bahrain,8.66419516054757,-5325.335804839452,-5325.335804839452,5325.335804839452,3.727134423760489,0.9851656915888414,-2.7419687321716473,2.7419687321716473
PHL,BRN,1700.0,Philippines,Brunei,1041.8243151657714,-658.1756848342286,-658.1756848342286,658.1756848342286,3.230704313612569,3.018211148905199,-0.21249316470737006,0.21249316470737006
PHL,BTN,38.0,Philippines,Bhutan,33.600090304338615,-4.3999096956613855,-4.3999096956613855,4.3999096956613855,1.591064607026499,1.5390772322790418,-0.051987374747457495,0.051987374747457495
PHL,CYP,972.0,Philippines,Cyprus,6.716816818688746,-965.2831831813113,-965.2831831813113,965.2831831813113,2.988112840268352,0.887438191117274,-2.100674649151078,2.100674649151078
PHL,GEO,16.0,Philippines,Georgia,20.815812817953635,4.815812817953635,4.815812817953635,4.815812817953635,1.2304489213782739,1.3387713986556768,0.10832247727740286,0.10832247727740286
PHL,HKG,20833.0,Philippines,Hong Kong S.A.R.,26628.923141286257,5795.923141286257,5795.923141286257,5795.923141286257,4.31877265982548,4.42536991298932,0.10659725316383961,0.10659725316383961
PHL,IDN,2772.0,Philippines,Indonesia,36107.38474396205,33335.38474396205,33335.38474396205,33335.38474396205,3.4429498695778618,4.557608061329787,1.1146581917519247,1.1146581917519247
PHL,IND,3693.0,Philippines,India,24365.861173504265,20672.861173504265,20672.861173504265,20672.861173504265,3.5674968911042226,4.386799588978654,0.8193026978744313,0.8193026978744313
PHL,IRQ,529.0,Philippines,Iraq,234.5223806262377,-294.4776193737623,-294.4776193737623,294.4776193737623,2.724275869600789,2.3720321824655453,-0.3522436871352436,0.3522436871352436
PHL,ISR,2500.0,Philippines,Israel,47.869044927940855,-2452.1309550720594,-2452.1309550720594,2452.1309550720594,3.3981136917305026,1.6890338514779728,-1.7090798402525298,1.7090798402525298
PHL,JOR,3431.0,Philippines,Jordan,57.031372227770845,-3373.968627772229,-3373.968627772229,3373.968627772229,3.535547279176668,1.7636628401475516,-1.7718844390291164,1.7718844390291164
PHL,JPN,26397.0,Philippines,Japan,9019.691883581147,-17377.308116418855,-17377.308116418855,17377.308116418855,4.421571024526401,3.955239849038363,-0.4663311754880375,0.4663311754880375
PHL,KAZ,57.0,Philippines,Kazakhstan,148.44523633713666,91.44523633713666,91.44523633713666,91.44523633713666,1.7634279935629373,2.1744820761804684,0.411054082617531,0.411054082617531
PHL,KGZ,12.0,Philippines,Kyrgyzstan,50.815081154129196,38.815081154129196,38.815081154129196,38.815081154129196,1.1139433523068367,1.7144561826943314,0.6005128303874948,0.6005128303874948
PHL,KHM,975.0,Philippines,Cambodia,12884.422911936463,11909.422911936463,11909.422911936463,11909.422911936463,2.9894498176666917,4.110098677082206,1.1206488594155144,1.1206488594155144
PHL,KOR,8629.0,Philippines,South Korea,15241.876414568354,6612.876414568354,6612.876414568354,6612.876414568354,3.9360107957152097,4.183066928493135,0.24705613277792585,0.24705613277792585
PHL,KWT,40254.0,Philippines,Kuwait,25.526551042648336,-40228.47344895735,-40228.47344895735,40228.47344895735,4.604819830978338,1.42368078709061,-3.1811390438877276,3.1811390438877276
PHL,LAO,210.0,Philippines,Laos,5145.821074135394,4935.821074135394,4935.821074135394,4935.821074135394,2.3242824552976926,3.711539070549303,1.3872566152516104,1.3872566152516104
PHL,LBN,3034.0,Philippines,Lebanon,29.69161005438746,-3004.3083899456124,-3004.3083899456124,3004.3083899456124,3.482158695411276,1.4870196717291515,-1.995139023682125,1.995139023682125
PHL,LKA,1268.0,Philippines,Sri Lanka,882.2608417884026,-385.73915821159744,-385.73915821159744,385.73915821159744,3.103461622094705,2.9460889769871312,-0.15737264510757362,0.15737264510757362
PHL,MAC,3825.0,Philippines,Macao S.A.R,2268.6068576633074,-1556.3931423366926,-1556.3931423366926,1556.3931423366926,3.582744965691277,3.3559506350193935,-0.22679433067188365,0.22679433067188365
PHL,MMR,494.0,Philippines,Myanmar,12274.877985967463,11780.877985967463,11780.877985967463,11780.877985967463,2.694605198933569,4.089052563183996,1.3944473642504271,1.3944473642504271
PHL,MNG,28.0,Philippines,Mongolia,145.21897836792823,117.21897836792823,117.21897836792823,117.21897836792823,1.462397997898956,2.165003745163216,0.7026057472642598,0.7026057472642598
PHL,MYS,10670.0,Philippines,Malaysia,12617.864684798098,1947.864684798098,1947.864684798098,1947.864684798098,4.028205119905443,4.101020283330698,0.07281516342525456,0.07281516342525456
PHL,NPL,270.0,Philippines,Nepal,1224.4083900041178,954.4083900041178,954.4083900041178,954.4083900041178,2.432969290874406,3.0882808494903187,0.655311558615913,0.655311558615913
PHL,OMN,6019.0,Philippines,Oman,26.971731687634648,-5992.028268312365,-5992.028268312365,5992.028268312365,3.7795964912578244,1.4467193537188316,-2.332877137538993,2.332877137538993
PHL,PAK,1286.0,Philippines,Pakistan,1573.6675607038424,287.66756070384235,287.66756070384235,287.66756070384235,3.1095785469043866,3.1971888807980013,0.08761033389361465,0.08761033389361465
PHL,QAT,26345.0,Philippines,Qatar,15.359931046349578,-26329.64006895365,-26329.64006895365,26329.64006895365,4.420714687488031,1.2137814688797424,-3.206933218608289,3.206933218608289
PHL,SAU,109558.0,Philippines,Saudi Arabia,176.553086419152,-109381.44691358085,-109381.44691358085,109381.44691358085,5.039648059576229,2.2493282260781085,-2.7903198334981205,2.7903198334981205
PHL,SGP,14352.0,Philippines,Singapore,2324.677063152251,-12027.32293684775,-12027.32293684775,12027.32293684775,4.1569426848522255,3.3665494096925737,-0.7903932751596522,0.7903932751596522
PHL,SYR,406.0,Philippines,Syria,112.35908433014094,-293.64091566985906,-293.64091566985906,293.64091566985906,2.60959440922522,2.0544563291944753,-0.5551380800307449,0.5551380800307449
PHL,THA,4938.0,Philippines,Thailand,38210.49439673121,33272.49439673121,33272.49439673121,33272.49439673121,3.693639026161548,4.582194022654729,0.8885549964931805,0.8885549964931805
PHL,TJK,5.0,Philippines,Tajikistan,59.673252925078934,54.673252925078934,54.673252925078934,54.673252925078934,0.7781512503836436,1.7829972797559865,1.0048460293723427,1.0048460293723427
PHL,TKM,33.0,Philippines,Turkmenistan,41.11362285200532,8.11362285200532,8.11362285200532,8.11362285200532,1.5314789170422551,1.6244226034947604,0.09294368645250535,0.09294368645250535
PHL,TLS,104.0,Philippines,East Timor,448.7843656782935,344.7843656782935,344.7843656782935,344.7843656782935,2.0211892990699383,2.6530043554623277,0.6318150563923896,0.6318150563923896
PHL,TUR,705.0,Philippines,Turkey,418.1330067384711,-286.8669932615289,-286.8669932615289,286.8669932615289,2.8488047010518036,2.622351862885722,-0.22645283816608172,0.22645283816608172
PHL,TWN,22046.0,Philippines,Taiwan,65312.780688230385,43266.780688230385,43266.780688230385,43266.780688230385,4.34334950209931,4.815004823624694,0.471655321525384,0.471655321525384
PHL,UZB,107.0,Philippines,Uzbekistan,202.28586702539684,95.28586702539684,95.28586702539684,95.28586702539684,2.03342375548695,2.308107186379117,0.2746834308921675,0.2746834308921675
PHL,VNM,21223.0,Philippines,Vietnam,135390.73602747425,114167.73602747425,114167.73602747425,114167.73602747425,4.326827236974273,5.131592156910455,0.804764919936182,0.804764919936182
PHL,YEM,53.0,Philippines,Yemen,196.4259103304464,143.4259103304464,143.4259103304464,143.4259103304464,1.7323937598229686,2.2954041492206363,0.5630103893976677,0.5630103893976677
QAT,AFG,52.0,Qatar,Afghanistan,51.68414506251439,-0.3158549374856108,-0.3158549374856108,0.3158549374856108,1.724275869600789,1.721679936885009,-0.002595932715780034,0.002595932715780034
QAT,ARE,2535.0,Qatar,United Arab Emirates,47018.7153595303,44483.7153595303,44483.7153595303,44483.7153595303,3.404149249209695,4.672279995734061,1.268130746524366,1.268130746524366
QAT,ARM,27.0,Qatar,Armenia,4.653980406841453,-22.346019593158548,-22.346019593158548,22.346019593158548,1.4471580313422192,0.7523542991631605,-0.6948037321790588,0.6948037321790588
QAT,AZE,11.0,Qatar,Azerbaijan,19.247835147137405,8.247835147137405,8.247835147137405,8.247835147137405,1.0791812460476249,1.3063785962464047,0.22719735019877985,0.22719735019877985
QAT,BGD,15050.0,Qatar,Bangladesh,9.820218796288826,-15040.179781203711,-15040.179781203711,15040.179781203711,4.177565355747414,1.0342360427539303,-3.1433293129934836,3.1433293129934836
QAT,BHR,291.0,Qatar,Bahrain,37999.45469899013,37708.45469899013,37708.45469899013,37708.45469899013,2.4653828514484184,4.5797887932505175,2.1144059418020995,2.1144059418020995
QAT,BRN,13.0,Qatar,Brunei,0.015302069976364812,-12.984697930023636,-12.984697930023636,12.984697930023636,1.146128035678238,0.006595271615434757,-1.1395327640628032,1.1395327640628032
QAT,BTN,33.0,Qatar,Bhutan,0.049064718608484124,-32.950935281391516,-32.950935281391516,32.950935281391516,1.5314789170422551,0.020802281394263922,-1.5106766356479913,1.5106766356479913
QAT,CYP,70.0,Qatar,Cyprus,1.5737093599297132,-68.42629064007029,-68.42629064007029,68.42629064007029,1.8512583487190752,0.4105595019679555,-1.4406988467511197,1.4406988467511197
QAT,GEO,14.0,Qatar,Georgia,5.357492241013176,-8.642507758986824,-8.642507758986824,8.642507758986824,1.1760912590556813,0.8032858388143657,-0.37280542024131563,0.37280542024131563
QAT,HKG,75.0,Qatar,Hong Kong S.A.R.,0.31688446489947203,-74.68311553510053,-74.68311553510053,74.68311553510053,1.8808135922807914,0.11954767438651082,-1.7612659178942807,1.7612659178942807
QAT,IDN,1572.0,Qatar,Indonesia,10.575935529771032,-1561.424064470229,-1561.424064470229,1561.424064470229,3.196728722623287,1.0635560993875313,-2.1331726232357555,2.1331726232357555
QAT,IND,25309.0,Qatar,India,385.8077905210894,-24923.19220947891,-24923.19220947891,24923.19220947891,4.403292145158254,2.5874952124281525,-1.8157969327301018,1.8157969327301018
QAT,IRQ,162.0,Qatar,Iraq,2280.914465697676,2118.914465697676,2118.914465697676,2118.914465697676,2.2121876044039577,3.3582993614793444,1.1461117570753867,1.1461117570753867
QAT,ISR,2.0,Qatar,Israel,14.188046679209815,12.188046679209815,12.188046679209815,12.188046679209815,0.47712125471966244,1.1815019232381105,0.704380668518448,0.704380668518448
QAT,JOR,333.0,Qatar,Jordan,19.793248706540385,-313.2067512934596,-313.2067512934596,313.2067512934596,2.5237464668115646,1.3179223481626365,-1.205824118648928,1.205824118648928
QAT,JPN,82.0,Qatar,Japan,3.681947764839501,-78.3180522351605,-78.3180522351605,78.3180522351605,1.919078092376074,0.6704265640875356,-1.2486515282885382,1.2486515282885382
QAT,KAZ,39.0,Qatar,Kazakhstan,1.3218005338622494,-37.67819946613775,-37.67819946613775,37.67819946613775,1.6020599913279623,0.36582490671869866,-1.2362350846092638,1.2362350846092638
QAT,KGZ,37.0,Qatar,Kyrgyzstan,0.4632026261151658,-36.53679737388484,-36.53679737388484,36.53679737388484,1.5797835966168101,0.16530447192865425,-1.4144791246881558,1.4144791246881558
QAT,KHM,5.0,Qatar,Cambodia,0.8106552229692511,-4.189344777030749,-4.189344777030749,4.189344777030749,0.7781512503836436,0.2578357617348453,-0.5203154886487983,0.5203154886487983
QAT,KOR,74.0,Qatar,South Korea,1.731278477262685,-72.26872152273731,-72.26872152273731,72.26872152273731,1.8750612633917,0.4363659824439505,-1.4386952809477496,1.4386952809477496
QAT,KWT,529.0,Qatar,Kuwait,559.4609492137358,30.46094921373583,30.46094921373583,30.46094921373583,2.724275869600789,2.74854535799823,0.024269488397441186,0.024269488397441186
QAT,LAO,15.0,Qatar,Laos,0.3606811608560881,-14.639318839143911,-14.639318839143911,14.639318839143911,1.2041199826559248,0.13375637185805628,-1.0703636107978685,1.0703636107978685
QAT,LBN,360.0,Qatar,Lebanon,8.456493062743144,-351.54350693725684,-351.54350693725684,351.54350693725684,2.5575072019056577,0.9757301082966963,-1.5817770936089617,1.5817770936089617
QAT,LKA,6995.0,Qatar,Sri Lanka,1.4130753271404162,-6993.58692467286,-6993.58692467286,6993.58692467286,3.8448498008066387,0.3825708791615038,-3.4622789216451353,3.4622789216451353
QAT,MAC,16.0,Qatar,Macao S.A.R,0.02903631001607273,-15.970963689983927,-15.970963689983927,15.970963689983927,1.2304489213782739,0.012430699311900849,-1.2180182220663731,1.2180182220663731
QAT,MMR,142.0,Qatar,Myanmar,2.8298074716707506,-139.17019252832924,-139.17019252832924,139.17019252832924,2.155336037465062,0.5831769420906467,-1.5721590953744151,1.5721590953744151
QAT,MNG,12.0,Qatar,Mongolia,0.1627193909162399,-11.83728060908376,-11.83728060908376,11.83728060908376,1.1139433523068367,0.06547491534661731,-1.0484684369602195,1.0484684369602195
QAT,MYS,324.0,Qatar,Malaysia,1.6057774065041177,-322.3942225934959,-322.3942225934959,322.3942225934959,2.5118833609788744,0.4159373141947456,-2.0959460467841287,2.0959460467841287
QAT,NPL,26481.0,Qatar,Nepal,1.9174217291323452,-26479.082578270867,-26479.082578270867,26479.082578270867,4.422950781227019,0.4649992132823085,-3.9579515679447104,3.9579515679447104
QAT,OMN,525.0,Qatar,Oman,480.2017888362094,-44.7982111637906,-44.7982111637906,44.7982111637906,2.7209857441537393,2.6823272331321686,-0.03865851102157039,0.03865851102157039
QAT,PAK,3020.0,Qatar,Pakistan,1249.6903270283694,-1770.3096729716306,-1770.3096729716306,1770.3096729716306,3.4801507252732806,3.097149790979367,-0.38300093429391363,0.38300093429391363
QAT,PHL,17439.0,Qatar,Philippines,3.5582170373023625,-17435.4417829627,-17435.4417829627,17435.4417829627,4.241546480596549,0.6587950000586439,-3.5827514805379046,3.5827514805379046
QAT,SAU,1288.0,Qatar,Saudi Arabia,14042.047687026054,12754.047687026054,12754.047687026054,12754.047687026054,3.110252917353403,4.147461370615823,1.0372084532624197,1.0372084532624197
QAT,SGP,176.0,Qatar,Singapore,0.24081733625168722,-175.7591826637483,-175.7591826637483,175.7591826637483,2.247973266361807,0.09370785265358841,-2.1542654137082184,2.1542654137082184
QAT,SYR,551.0,Qatar,Syria,35.61087517622584,-515.3891248237742,-515.3891248237742,515.3891248237742,2.741939077729199,1.5636101107351945,-1.1783289669940045,1.1783289669940045
QAT,THA,242.0,Qatar,Thailand,3.612238653349525,-238.38776134665048,-238.38776134665048,238.38776134665048,2.385606273598312,0.6639117711185941,-1.7216945024797181,1.7216945024797181
QAT,TJK,13.0,Qatar,Tajikistan,11.578036054007391,-1.4219639459926086,-1.4219639459926086,1.4219639459926086,1.146128035678238,1.0996128352672323,-0.046515200411005715,0.046515200411005715
QAT,TKM,10.0,Qatar,Turkmenistan,104.76750717633443,94.76750717633443,94.76750717633443,94.76750717633443,1.0413926851582251,2.024352268631241,0.982959583473016,0.982959583473016
QAT,TLS,4.0,Qatar,East Timor,0.03750392312958628,-3.962496076870414,-3.962496076870414,3.962496076870414,0.6989700043360189,0.015989747591657808,-0.682980256744361,0.682980256744361
QAT,TUR,703.0,Qatar,Turkey,5.986141502212308,-697.0138584977877,-697.0138584977877,697.0138584977877,2.847572659142112,0.8442373778959045,-2.003335281246208,2.003335281246208
QAT,TWN,51.0,Qatar,Taiwan,0.8071193876342496,-50.19288061236575,-50.19288061236575,50.19288061236575,1.7160033436347992,0.2569868452438346,-1.4590164983909646,1.4590164983909646
QAT,UZB,19.0,Qatar,Uzbekistan,36.540262625300755,17.540262625300755,17.540262625300755,17.540262625300755,1.3010299956639813,1.5744973065463814,0.2734673108824002,0.2734673108824002
QAT,VNM,323.0,Qatar,Vietnam,4.398614779851991,-318.601385220148,-318.601385220148,318.601385220148,2.510545010206612,0.7322823393339399,-1.778262670872672,1.778262670872672
QAT,YEM,156.0,Qatar,Yemen,794.5098398380771,638.5098398380771,638.5098398380771,638.5098398380771,2.1958996524092336,2.9006455559008284,0.7047459034915946,0.7047459034915946
SAU,AFG,4550.0,Saudi Arabia,Afghanistan,4725.097606399731,175.09760639973138,175.09760639973138,175.09760639973138,3.658106835506393,3.6745026867172275,0.016395851210834735,0.016395851210834735
SAU,ARE,12708.0,Saudi Arabia,United Arab Emirates,125788.47282489554,113080.47282489554,113080.47282489554,113080.47282489554,4.104111379698969,5.0996442970284805,0.9955329173295121,0.9955329173295121
SAU,ARM,16.0,Saudi Arabia,Armenia,2292.2478248647503,2276.2478248647503,2276.2478248647503,2276.2478248647503,1.2304489213782739,3.3604509902534665,2.130002068875193,2.130002068875193
SAU,AZE,66.0,Saudi Arabia,Azerbaijan,7183.654660165184,7117.654660165184,7117.654660165184,7117.654660165184,1.8260748027008264,3.856405898038921,2.0303310953380946,2.0303310953380946
SAU,BGD,88292.0,Saudi Arabia,Bangladesh,902.9027383287445,-87389.09726167125,-87389.09726167125,87389.09726167125,4.945926273431698,2.956121702068716,-1.9898045713629815,1.9898045713629815
SAU,BHR,2868.0,Saudi Arabia,Bahrain,37734.53622470106,34866.53622470106,34866.53622470106,34866.53622470106,3.4577305482459986,4.576750525727287,1.1190199774812888,1.1190199774812888
SAU,BRN,74.0,Saudi Arabia,Brunei,1.3573679354001622,-72.64263206459984,-72.64263206459984,72.64263206459984,1.8750612633917,0.37242737202081677,-1.5026338913708832,1.5026338913708832
SAU,BTN,7.0,Saudi Arabia,Bhutan,4.511169221980203,-2.488830778019797,-2.488830778019797,2.488830778019797,0.9030899869919435,0.7412437463627795,-0.16184624062916408,0.16184624062916408
SAU,CYP,288.0,Saudi Arabia,Cyprus,989.2745886432582,701.2745886432582,701.2745886432582,701.2745886432582,2.4608978427565478,2.995755634797115,0.5348577920405668,0.5348577920405668
SAU,GEO,63.0,Saudi Arabia,Georgia,2292.946006084062,2229.946006084062,2229.946006084062,2229.946006084062,1.806179973983887,3.3605831914485464,1.5544032174646594,1.5544032174646594
SAU,HKG,483.0,Saudi Arabia,Hong Kong S.A.R.,29.135384559832694,-453.8646154401673,-453.8646154401673,453.8646154401673,2.6848453616444123,1.4790767379027414,-1.2057686237416712,1.2057686237416712
SAU,IDN,23076.0,Saudi Arabia,Indonesia,972.385783688162,-22103.61421631184,-22103.61421631184,22103.61421631184,4.363179350058686,2.9882849990773352,-1.3748943509813507,1.3748943509813507
SAU,IND,210016.0,Saudi Arabia,India,29329.48634089151,-180686.5136591085,-180686.5136591085,180686.5136591085,5.322254450483312,4.467319264256187,-0.854935186227125,0.854935186227125
SAU,IRQ,2981.0,Saudi Arabia,Iraq,240627.43637103855,237646.43637103855,237646.43637103855,237646.43637103855,3.474507639116976,5.381346948977557,1.9068393098605807,1.9068393098605807
SAU,ISR,178.0,Saudi Arabia,Israel,8236.102850585108,8058.102850585108,8058.102850585108,8058.102850585108,2.2528530309798933,3.9157744887301584,1.6629214577502651,1.6629214577502651
SAU,JOR,9369.0,Saudi Arabia,Jordan,14636.059188567178,5267.059188567178,5267.059188567178,5267.059188567178,3.971739590887778,4.165453829012577,0.19371423812479838,0.19371423812479838
SAU,JPN,392.0,Saudi Arabia,Japan,338.53020876819267,-53.469791231807335,-53.469791231807335,53.469791231807335,2.5943925503754266,2.5308784204948065,-0.06351412988062034,0.06351412988062034
SAU,KAZ,115.0,Saudi Arabia,Kazakhstan,121.53062434817062,6.530624348170619,6.530624348170619,6.530624348170619,2.0644579892269186,2.0882446464412583,0.023786657214339774,0.023786657214339774
SAU,KGZ,55.0,Saudi Arabia,Kyrgyzstan,42.58835044271128,-12.411649557288719,-12.411649557288719,12.411649557288719,1.7481880270062005,1.6393704338907398,-0.1088175931154607,0.1088175931154607
SAU,KHM,109.0,Saudi Arabia,Cambodia,74.53426810979461,-34.46573189020539,-34.46573189020539,34.46573189020539,2.041392685158225,1.8781440254645594,-0.16324865969366575,0.16324865969366575
SAU,KOR,348.0,Saudi Arabia,South Korea,159.22890733270475,-188.77109266729525,-188.77109266729525,188.77109266729525,2.5428254269591797,2.204740871064916,-0.33808455589426406,0.33808455589426406
SAU,KWT,4768.0,Saudi Arabia,Kuwait,81323.30235046125,76555.30235046125,76555.30235046125,76555.30235046125,3.6784273224338673,4.910220346326537,1.23179302389267,1.23179302389267
SAU,LAO,30.0,Saudi Arabia,Laos,33.16219470829133,3.162194708291331,3.162194708291331,3.162194708291331,1.4913616938342726,1.5335457636294583,0.04218406979518573,0.04218406979518573
SAU,LBN,3381.0,Saudi Arabia,Lebanon,4660.190760411829,1279.1907604118287,1279.1907604118287,1279.1907604118287,3.529173603261723,3.668496876907902,0.13932327364617894,0.13932327364617894
SAU,LKA,9286.0,Saudi Arabia,Sri Lanka,129.92272461607823,-9156.077275383921,-9156.077275383921,9156.077275383921,3.967875445548033,2.1170150347769336,-1.8508604107710995,1.8508604107710995
SAU,MAC,107.0,Saudi Arabia,Macao S.A.R,2.669692434386708,-104.3303075656133,-104.3303075656133,104.3303075656133,2.03342375548695,0.5646296665283569,-1.4687940889585929,1.4687940889585929
SAU,MMR,209.0,Saudi Arabia,Myanmar,260.18166887281996,51.181668872819955,51.181668872819955,51.181668872819955,2.322219294733919,2.4169426925618747,0.09472339782795551,0.09472339782795551
SAU,MNG,27.0,Saudi Arabia,Mongolia,14.960948089362441,-12.039051910637559,-12.039051910637559,12.039051910637559,1.4471580313422192,1.2030586851192924,-0.24409934622292678,0.24409934622292678
SAU,MYS,2402.0,Saudi Arabia,Malaysia,147.64037823952728,-2254.3596217604727,-2254.3596217604727,2254.3596217604727,3.3807537708039,2.1721368017836524,-1.2086169690202475,1.2086169690202475
SAU,NPL,40591.0,Saudi Arabia,Nepal,176.29396713837866,-40414.70603286162,-40414.70603286162,40414.70603286162,4.608440449877656,2.2486939579185243,-2.359746491959131,2.359746491959131
SAU,OMN,4129.0,Saudi Arabia,Oman,6861.648870488658,2732.648870488658,2732.648870488658,2732.648870488658,3.615950051656401,3.836491778650203,0.22054172699380212,0.22054172699380212
SAU,PAK,172677.0,Saudi Arabia,Pakistan,66754.49304845568,-105922.50695154432,-105922.50695154432,105922.50695154432,5.237237009905507,4.824487007901475,-0.4127500020040317,0.4127500020040317
SAU,PHL,139999.0,Saudi Arabia,Philippines,327.15400473179085,-139671.8459952682,-139671.8459952682,139671.8459952682,5.146128035678238,2.5160777086761525,-2.630050327002085,2.630050327002085
SAU,QAT,4732.0,Saudi Arabia,Qatar,58953.729700173404,54221.729700173404,54221.729700173404,54221.729700173404,3.6751365044679942,4.770518652523369,1.095382148055375,1.095382148055375
SAU,SGP,501.0,Saudi Arabia,Singapore,22.141526258137294,-478.8584737418627,-478.8584737418627,478.8584737418627,2.7007037171450192,1.3643919986791755,-1.336311718465844,1.336311718465844
SAU,SYR,14914.0,Saudi Arabia,Syria,22956.57238952438,8042.572389524379,8042.572389524379,8042.572389524379,4.173623257698082,4.360925962403013,0.18730270470493202,0.18730270470493202
SAU,THA,468.0,Saudi Arabia,Thailand,332.12092716699766,-135.87907283300234,-135.87907283300234,135.87907283300234,2.6711728427150834,2.522601916592902,-0.1485709261221816,0.1485709261221816
SAU,TJK,326.0,Saudi Arabia,Tajikistan,775.0662011582556,449.0662011582556,449.0662011582556,449.0662011582556,2.514547752660286,2.889898769674966,0.37535101701467993,0.37535101701467993
SAU,TKM,75.0,Saudi Arabia,Turkmenistan,4569.54578107331,4494.54578107331,4494.54578107331,4494.54578107331,1.8808135922807914,3.6599680634299654,1.7791544711491742,1.7791544711491742
SAU,TLS,51.0,Saudi Arabia,East Timor,3.448232223152827,-47.55176777684717,-47.55176777684717,47.55176777684717,1.7160033436347992,0.6481874518206826,-1.0678158918141165,1.0678158918141165
SAU,TUR,8094.0,Saudi Arabia,Turkey,7865.79033062716,-228.20966937283993,-228.20966937283993,228.20966937283993,3.9082168530893924,3.8957975753038583,-0.012419277785534387,0.012419277785534387
SAU,TWN,258.0,Saudi Arabia,Taiwan,74.20917195129977,-183.79082804870023,-183.79082804870023,183.79082804870023,2.413299764081252,1.8762708071466871,-0.5370289569345646,0.5370289569345646
SAU,UZB,55.0,Saudi Arabia,Uzbekistan,2476.6131438019042,2421.6131438019042,2421.6131438019042,2421.6131438019042,1.7481880270062005,3.3940334962983174,1.645845469292117,1.645845469292117
SAU,VNM,2450.0,Saudi Arabia,Vietnam,404.42289647177046,-2045.5771035282296,-2045.5771035282296,2045.5771035282296,3.389343311252078,2.607908272059379,-0.7814350391926985,0.7814350391926985
SAU,YEM,49450.0,Saudi Arabia,Yemen,79426.69980135039,29976.69980135039,29976.69980135039,29976.69980135039,4.6941750783415035,4.8999719857138695,0.20579690737236547,0.20579690737236547
SGP,AFG,14.0,Singapore,Afghanistan,2.7645143442788505,-11.235485655721149,-11.235485655721149,11.235485655721149,1.1760912590556813,0.5757089563124604,-0.6003823027432208,0.6003823027432208
SGP,ARE,596.0,Singapore,United Arab Emirates,0.5724335196815526,-595.4275664803184,-595.4275664803184,595.4275664803184,2.775974331129369,0.19657229313429658,-2.5794020379950724,2.5794020379950724
SGP,ARM,1.0,Singapore,Armenia,0.1600272257170549,-0.839972774282945,-0.839972774282945,0.839972774282945,0.3010299956639812,0.06446818219237363,-0.23656181347160757,0.23656181347160757
SGP,AZE,25.0,Singapore,Azerbaijan,0.5635028982030713,-24.436497101796927,-24.436497101796927,24.436497101796927,1.414973347970818,0.19409869061408774,-1.2208746573567302,1.2208746573567302
SGP,BGD,7967.0,Singapore,Bangladesh,132.58488061580002,-7834.4151193842,-7834.4151193842,7834.4151193842,3.901349325415642,2.125757306667185,-1.775592018748457,1.775592018748457
SGP,BHR,45.0,Singapore,Bahrain,0.08805848077989963,-44.9119415192201,-44.9119415192201,44.9119415192201,1.662757831681574,0.03665223837452796,-1.626105593307046,1.626105593307046
SGP,BRN,95.0,Singapore,Brunei,1.1876077843034856,-93.81239221569652,-93.81239221569652,93.81239221569652,1.9822712330395684,0.3399694600829423,-1.642301772956626,1.642301772956626
SGP,BTN,12.0,Singapore,Bhutan,0.4701017082472276,-11.529898291752772,-11.529898291752772,11.529898291752772,1.1139433523068367,0.1673473822328796,-0.9465959700739571,0.9465959700739571
SGP,CYP,15.0,Singapore,Cyprus,0.06826631600173105,-14.931733683998269,-14.931733683998269,14.931733683998269,1.2041199826559248,0.028679534670048655,-1.1754404479858762,1.1754404479858762
SGP,GEO,15.0,Singapore,Georgia,0.20019253714768792,-14.799807462852312,-14.799807462852312,14.799807462852312,1.2041199826559248,0.07925092197544104,-1.1248690606804836,1.1248690606804836
SGP,HKG,1265.0,Singapore,Hong Kong S.A.R.,7.8884660300249845,-1257.111533969975,-1257.111533969975,1257.111533969975,3.1024337056813365,0.9488268169681741,-2.153606888713162,2.153606888713162
SGP,IDN,12683.0,Singapore,Indonesia,10810.306260102525,-1872.693739897475,-1872.693739897475,1872.693739897475,4.103256233355051,4.033878170112551,-0.0693780632425002,0.0693780632425002
SGP,IND,17381.0,Singapore,India,318.8999908319515,-17062.100009168047,-17062.100009168047,17062.100009168047,4.240099745587406,2.5050142276376146,-1.7350855179497908,1.7350855179497908
SGP,IRQ,69.0,Singapore,Iraq,2.336057277707973,-66.66394272229202,-66.66394272229202,66.66394272229202,1.845098040014257,0.5232334985541187,-1.3218645414601382,1.3218645414601382
SGP,ISR,77.0,Singapore,Israel,0.4865166694228561,-76.51348333057715,-76.51348333057715,76.51348333057715,1.8920946026904804,0.17216978363700244,-1.719924819053478,1.719924819053478
SGP,JOR,12.0,Singapore,Jordan,0.5878550433686149,-11.412144956631385,-11.412144956631385,11.412144956631385,1.1139433523068367,0.2008108527896957,-0.913132499517141,0.913132499517141
SGP,JPN,2501.0,Singapore,Japan,8.29671336478076,-2492.7032866352192,-2492.7032866352192,2492.7032866352192,3.398287305357401,0.9683294410468174,-2.429957864310584,2.429957864310584
SGP,KAZ,9.0,Singapore,Kazakhstan,1.2256434458383025,-7.774356554161697,-7.774356554161697,7.774356554161697,1.0,0.3474555904084292,-0.6525444095915708,0.6525444095915708
SGP,KGZ,29.0,Singapore,Kyrgyzstan,0.41998835288819314,-28.580011647111807,-28.580011647111807,28.580011647111807,1.4771212547196624,0.1522847822019773,-1.324836472517685,1.324836472517685
SGP,KHM,233.0,Singapore,Cambodia,46.38852692643057,-186.6114730735694,-186.6114730735694,186.6114730735694,2.369215857410143,1.6756732088541633,-0.6935426485559796,0.6935426485559796
SGP,KOR,944.0,Singapore,South Korea,4.556826462769087,-939.4431735372309,-939.4431735372309,939.4431735372309,2.975431808509263,0.7448268341727095,-2.2306049743365532,2.2306049743365532
SGP,KWT,84.0,Singapore,Kuwait,0.2557156784997307,-83.74428432150027,-83.74428432150027,83.74428432150027,1.9294189257142926,0.09889131676041206,-1.8305276089538807,1.8305276089538807
SGP,LAO,25.0,Singapore,Laos,14.157564532042915,-10.842435467957085,-10.842435467957085,10.842435467957085,1.414973347970818,1.1806294258827905,-0.23434392208802737,0.23434392208802737
SGP,LBN,34.0,Singapore,Lebanon,0.3017704500937526,-33.698229549906245,-33.698229549906245,33.698229549906245,1.5440680443502757,0.11453440892741895,-1.4295336354228567,1.4295336354228567
SGP,LKA,449.0,Singapore,Sri Lanka,22.29120381445225,-426.7087961855477,-426.7087961855477,426.7087961855477,2.6532125137753435,1.367191935785123,-1.2860205779902207,1.2860205779902207
SGP,MAC,146.0,Singapore,Macao S.A.R,0.7291867252569542,-145.27081327474303,-145.27081327474303,145.27081327474303,2.167317334748176,0.23784189285179308,-1.929475441896383,1.929475441896383
SGP,MMR,6458.0,Singapore,Myanmar,90.8461549804192,-6367.153845019581,-6367.153845019581,6367.153845019581,3.8101652845431495,1.9630609798498866,-1.8471043046932631,1.8471043046932631
SGP,MNG,14.0,Singapore,Mongolia,0.23164260917808416,-13.768357390821915,-13.768357390821915,13.768357390821915,1.1760912590556813,0.09048470508567807,-1.0856065539700033,1.0856065539700033
SGP,MYS,15258.0,Singapore,Malaysia,74985.98025770995,59727.98025770995,59727.98025770995,59727.98025770995,4.183526073021722,4.874985864817279,0.6914597917955574,0.6914597917955574
SGP,NPL,426.0,Singapore,Nepal,17.156343800392406,-408.8436561996076,-408.8436561996076,408.8436561996076,2.630427875025024,1.259028397754423,-1.3713994772706009,1.3713994772706009
SGP,OMN,38.0,Singapore,Oman,0.2807358276893104,-37.71926417231069,-37.71926417231069,37.71926417231069,1.591064607026499,0.1074595587780232,-1.483605048248476,1.483605048248476
SGP,PAK,144.0,Singapore,Pakistan,18.586403950978035,-125.41359604902196,-125.41359604902196,125.41359604902196,2.161368002234975,1.2919547071736208,-0.8694132950613541,0.8694132950613541
SGP,PHL,14669.0,Singapore,Philippines,145.00123062689693,-14523.998769373104,-14523.998769373104,14523.998769373104,4.166430113843282,2.1643565164160683,-2.002073597427214,2.002073597427214
SGP,QAT,118.0,Singapore,Qatar,0.1561105408826082,-117.84388945911739,-117.84388945911739,117.84388945911739,2.0755469613925306,0.06299936090126852,-2.012547600491262,2.012547600491262
SGP,SAU,255.0,Singapore,Saudi Arabia,1.8124163627369154,-253.1875836372631,-253.1875836372631,253.1875836372631,2.4082399653118496,0.44907961601117574,-1.959160349300674,1.959160349300674
SGP,SYR,16.0,Singapore,Syria,1.1419606881647772,-14.858039311835222,-14.858039311835222,14.858039311835222,1.2304489213782739,0.330811495875024,-0.89963742550325,0.89963742550325
SGP,THA,1871.0,Singapore,Thailand,162.2475597508095,-1708.7524402491904,-1708.7524402491904,1708.7524402491904,3.2723058444020863,2.212846698096093,-1.0594591463059935,1.0594591463059935
SGP,TJK,12.0,Singapore,Tajikistan,0.6064886464820878,-11.393511353517912,-11.393511353517912,11.393511353517912,1.1139433523068367,0.2058776606142079,-0.9080656916926289,0.9080656916926289
SGP,TKM,4.0,Singapore,Turkmenistan,0.4150711210788021,-3.5849288789211977,-3.5849288789211977,3.5849288789211977,0.6989700043360189,0.15077826792805418,-0.5481917364079647,0.5481917364079647
SGP,TLS,18.0,Singapore,East Timor,1.3995938329962543,-16.600406167003747,-16.600406167003747,16.600406167003747,1.2787536009528289,0.38013773712141913,-0.8986158638314098,0.8986158638314098
SGP,TUR,86.0,Singapore,Turkey,4.249691593395998,-81.750308406604,-81.750308406604,81.750308406604,1.9395192526186185,0.7201337904115708,-1.2193854622070477,1.2193854622070477
SGP,TWN,1133.0,Singapore,Taiwan,14.692145461573284,-1118.3078545384267,-1118.3078545384267,1118.3078545384267,3.0546130545568877,1.1956823252582762,-1.8589307292986115,1.8589307292986115
SGP,UZB,24.0,Singapore,Uzbekistan,2.049322011017263,-21.950677988982736,-21.950677988982736,21.950677988982736,1.3979400086720377,0.4842032886565043,-0.9137367200155333,0.9137367200155333
SGP,VNM,1924.0,Singapore,Vietnam,370.28122909288743,-1553.7187709071127,-1553.7187709071127,1553.7187709071127,3.2844307338445193,2.569702993105908,-0.7147277407386116,0.7147277407386116
SGP,YEM,3.0,Singapore,Yemen,2.077770254267668,-0.9222297457323321,-0.9222297457323321,0.9222297457323321,0.6020599913279624,0.48823619800756884,-0.11382379332039355,0.11382379332039355
SYR,AFG,80.0,Syria,Afghanistan,287.5586496875725,207.55864968757248,207.55864968757248,207.55864968757248,1.9084850188786497,2.460234097030683,0.5517490781520332,0.5517490781520332
SYR,ARE,4040.0,Syria,United Arab Emirates,147.3628550770659,-3892.637144922934,-3892.637144922934,3892.637144922934,3.606488850442648,2.171325182248136,-1.435163668194512,1.435163668194512
SYR,ARM,169.0,Syria,Armenia,312.3275434057765,143.3275434057765,143.3275434057765,143.3275434057765,2.230448921378274,2.495998573698692,0.26554965232041794,0.26554965232041794
SYR,AZE,14.0,Syria,Azerbaijan,185.280387934058,171.280387934058,171.280387934058,171.280387934058,1.1760912590556813,2.270167133691901,1.0940758746362198,1.0940758746362198
SYR,BGD,43.0,Syria,Bangladesh,32.59688937853895,-10.403110621461053,-10.403110621461053,10.403110621461053,1.6434526764861874,1.5262990694055376,-0.11715360708064992,0.11715360708064992
SYR,BHR,25.0,Syria,Bahrain,26.05996383258363,1.0599638325836302,1.0599638325836302,1.0599638325836302,1.414973347970818,1.432327211798934,0.017353863828116194,0.017353863828116194
SYR,BRN,3.0,Syria,Brunei,0.04451357699264599,-2.955486423007354,-2.955486423007354,2.955486423007354,0.6020599913279624,0.018914089481157314,-0.583145901846805,0.583145901846805
SYR,BTN,13.0,Syria,Bhutan,0.16299195743639108,-12.837008042563609,-12.837008042563609,12.837008042563609,1.146128035678238,0.06557671141540211,-1.080551324262836,1.080551324262836
SYR,CYP,308.0,Syria,Cyprus,514.8101057986835,206.81010579868348,206.81010579868348,206.81010579868348,2.4899584794248346,2.71248984662241,0.2225313671975753,0.2225313671975753
SYR,GEO,36.0,Syria,Georgia,104.1479599832198,68.1479599832198,68.1479599832198,68.1479599832198,1.568201724066995,2.021800851186628,0.4535991271196333,0.4535991271196333
SYR,HKG,22.0,Syria,Hong Kong S.A.R.,1.0352264621442453,-20.964773537855756,-20.964773537855756,20.964773537855756,1.3617278360175928,0.30861274072957795,-1.0531150952880148,1.0531150952880148
SYR,IDN,142.0,Syria,Indonesia,32.5536284632898,-109.4463715367102,-109.4463715367102,109.4463715367102,2.155336037465062,1.5257394913120874,-0.6295965461529744,0.6295965461529744
SYR,IND,122.0,Syria,India,981.6495163243412,859.6495163243412,859.6495163243412,859.6495163243412,2.089905111439398,2.9923986447210495,0.9024935332816517,0.9024935332816517
SYR,IRQ,6101.0,Syria,Iraq,8693.975104124314,2592.9751041243144,2592.9751041243144,2592.9751041243144,3.785472203306388,3.9392683428474244,0.1537961395410364,0.1537961395410364
SYR,ISR,0.0,Syria,Israel,4674.893737581866,4674.893737581866,4674.893737581866,4674.893737581866,0.0,3.669864633006011,3.669864633006011,3.669864633006011
SYR,JOR,1538.0,Syria,Jordan,9631.844212346425,8093.844212346425,8093.844212346425,8093.844212346425,3.187238619831479,3.983754536693785,0.7965159168623066,0.7965159168623066
SYR,JPN,41.0,Syria,Japan,11.975722112872795,-29.024277887127205,-29.024277887127205,29.024277887127205,1.6232492903979006,1.1131315361474279,-0.5101177542504726,0.5101177542504726
SYR,KAZ,7.0,Syria,Kazakhstan,45.3423592257024,38.3423592257024,38.3423592257024,38.3423592257024,0.9030899869919435,1.6659781393508757,0.762888152358932,0.762888152358932
SYR,KGZ,36.0,Syria,Kyrgyzstan,16.363229013808446,-19.636770986191554,-19.636770986191554,19.636770986191554,1.568201724066995,1.239630493448486,-0.32857123061850885,0.32857123061850885
SYR,KHM,16.0,Syria,Cambodia,2.636697286239713,-13.363302713760287,-13.363302713760287,13.363302713760287,1.2304489213782739,0.5607071524742607,-0.6697417689040132,0.6697417689040132
SYR,KOR,26.0,Syria,South Korea,7.010949591540165,-18.989050408459835,-18.989050408459835,18.989050408459835,1.4313637641589874,0.903683998970952,-0.5276797651880353,0.5276797651880353
SYR,KWT,367.0,Syria,Kuwait,119.20497352291716,-247.79502647708284,-247.79502647708284,247.79502647708284,2.5658478186735176,2.0799224371248997,-0.48592538154861814,0.48592538154861814
SYR,LAO,23.0,Syria,Laos,1.2431251028666614,-21.75687489713334,-21.75687489713334,21.75687489713334,1.380211241711606,0.35085349559346884,-1.0293577461181371,1.0293577461181371
SYR,LBN,8789.0,Syria,Lebanon,8982.767400056147,193.76740005614738,193.76740005614738,193.76740005614738,3.9439888750737717,3.953458499021454,0.009469623947682075,0.009469623947682075
SYR,LKA,15.0,Syria,Sri Lanka,3.936563833677114,-11.063436166322886,-11.063436166322886,11.063436166322886,1.2041199826559248,0.6934247571577105,-0.5106952254982143,0.5106952254982143
SYR,MAC,19.0,Syria,Macao S.A.R,0.10555318709812087,-18.89444681290188,-18.89444681290188,18.89444681290188,1.3010299956639813,0.04357964090621293,-1.2574503547577682,1.2574503547577682
SYR,MMR,10.0,Syria,Myanmar,9.177190608950223,-0.8228093910497769,-0.8228093910497769,0.8228093910497769,1.0413926851582251,1.0076279085097468,-0.033764776648478205,0.033764776648478205
SYR,MNG,35.0,Syria,Mongolia,0.5928715146195616,-34.40712848538044,-34.40712848538044,34.40712848538044,1.5563025007672873,0.2021807458311507,-1.3541217549361366,1.3541217549361366
SYR,MYS,240.0,Syria,Malaysia,4.821794060606506,-235.1782059393935,-235.1782059393935,235.1782059393935,2.3820170425748683,0.7650568386974206,-1.6169602038774478,1.6169602038774478
SYR,NPL,56.0,Syria,Nepal,6.23651156068858,-49.763488439311416,-49.763488439311416,49.763488439311416,1.7558748556724915,0.8595292602512528,-0.8963455954212386,0.8963455954212386
SYR,OMN,192.0,Syria,Oman,50.4353008672426,-141.5646991327574,-141.5646991327574,141.5646991327574,2.285557309007774,1.7112612845536543,-0.5742960244541194,0.5742960244541194
SYR,PAK,90.0,Syria,Pakistan,946.738495120564,856.738495120564,856.738495120564,856.738495120564,1.9590413923210936,2.9766885211006024,1.017647128779509,1.017647128779509
SYR,PHL,38.0,Syria,Philippines,11.576785816925193,-26.423214183074805,-26.423214183074805,26.423214183074805,1.591064607026499,1.0995696649304196,-0.49149494209607963,0.49149494209607963
SYR,QAT,453.0,Syria,Qatar,45.307260594454945,-407.69273940554507,-407.69273940554507,407.69273940554507,2.6570558528571038,1.665649090130125,-0.9914067627269788,0.9914067627269788
SYR,SAU,1843.0,Syria,Saudi Arabia,697.9243149811924,-1145.0756850188077,-1145.0756850188077,1145.0756850188077,3.2657609167176105,2.8444301494714965,-0.42133076724611396,0.42133076724611396
SYR,SGP,10.0,Syria,Singapore,0.7783099722867062,-9.221690027713294,-9.221690027713294,9.221690027713294,1.0413926851582251,0.25000746390102446,-0.7913852212572006,0.7913852212572006
SYR,THA,34.0,Syria,Thailand,11.642281867905176,-22.357718132094824,-22.357718132094824,22.357718132094824,1.5440680443502757,1.101825468977916,-0.4422425753723598,0.4422425753723598
SYR,TJK,13.0,Syria,Tajikistan,103.17216295206879,90.17216295206879,90.17216295206879,90.17216295206879,1.146128035678238,2.017751681617541,0.8716236459393031,0.8716236459393031
SYR,TKM,3.0,Syria,Turkmenistan,115.19632526097512,112.19632526097512,112.19632526097512,112.19632526097512,0.6020599913279624,2.0651923935954795,1.463132402267517,1.463132402267517
SYR,TLS,20.0,Syria,East Timor,0.12198341481958701,-19.87801658518041,-19.87801658518041,19.87801658518041,1.3222192947339193,0.04998643721820785,-1.2722328575157114,1.2722328575157114
SYR,TUR,16835.0,Syria,Turkey,4527.041976258514,-12307.958023741485,-12307.958023741485,12307.958023741485,4.226238917075984,3.6559104442343107,-0.5703284728416742,0.5703284728416742
SYR,TWN,39.0,Syria,Taiwan,3.092210397138376,-35.90778960286163,-35.90778960286163,35.90778960286163,1.6020599913279623,0.6119579544553725,-0.9901020368725899,0.9901020368725899
SYR,UZB,9.0,Syria,Uzbekistan,308.50407804021563,299.50407804021563,299.50407804021563,299.50407804021563,1.0,2.490666375678252,1.490666375678252,1.490666375678252
SYR,VNM,34.0,Syria,Vietnam,14.705207825814385,-19.294792174185616,-19.294792174185616,19.294792174185616,1.5440680443502757,1.1960436877582228,-0.3480243565920529,0.3480243565920529
SYR,YEM,195.0,Syria,Yemen,470.04508001784205,275.04508001784205,275.04508001784205,275.04508001784205,2.292256071356476,2.673062472025148,0.38080640066867216,0.38080640066867216
THA,AFG,96.0,Thailand,Afghanistan,102.15787616110003,6.1578761611000346,6.1578761611000346,6.1578761611000346,1.9867717342662448,2.0135023921998116,0.026730657933566992,0.026730657933566992
THA,ARE,1081.0,Thailand,United Arab Emirates,21.206978773572384,-1059.7930212264275,-1059.7930212264275,1059.7930212264275,3.0342272607705505,1.346489477449113,-1.6877377833214378,1.6877377833214378
THA,ARM,13.0,Thailand,Armenia,5.928538183548699,-7.071461816451301,-7.071461816451301,7.071461816451301,1.146128035678238,0.8406416147292042,-0.30548642094903383,0.30548642094903383
THA,AZE,27.0,Thailand,Azerbaijan,21.864168982096977,-5.135831017903023,-5.135831017903023,5.135831017903023,1.4471580313422192,1.3591554211967665,-0.08800261014545264,0.08800261014545264
THA,BGD,1188.0,Thailand,Bangladesh,23280.523725802697,22092.523725802697,22092.523725802697,22092.523725802697,3.0751818546186915,4.36701140055056,1.2918295459318678,1.2918295459318678
THA,BHR,781.0,Thailand,Bahrain,3.2623077938748875,-777.7376922061251,-777.7376922061251,777.7376922061251,2.893206753059848,0.6296448082019379,-2.26356194485791,2.26356194485791
THA,BRN,89.0,Thailand,Brunei,38.17266098939469,-50.82733901060531,-50.82733901060531,50.82733901060531,1.954242509439325,1.5929830740691324,-0.36125943537019234,0.36125943537019234
THA,BTN,140.0,Thailand,Bhutan,65.4848780281912,-74.5151219718088,-74.5151219718088,74.5151219718088,2.1492191126553797,1.8227228763447427,-0.3264962363106372,0.3264962363106372
THA,CYP,64.0,Thailand,Cyprus,2.529066283896285,-61.470933716103715,-61.470933716103715,61.470933716103715,1.8129133566428555,0.5476598154753145,-1.265253541167541,1.265253541167541
THA,GEO,73.0,Thailand,Georgia,7.4165448736831445,-65.58345512631685,-65.58345512631685,65.58345512631685,1.8692317197309762,0.9251338432514475,-0.9440978764795286,0.9440978764795286
THA,HKG,792.0,Thailand,Hong Kong S.A.R.,642.812189190678,-149.18781080932195,-149.18781080932195,149.18781080932195,2.8992731873176036,2.8087591948536916,-0.09051399246391204,0.09051399246391204
THA,IDN,2740.0,Thailand,Indonesia,9403.35190908961,6663.35190908961,6663.35190908961,6663.35190908961,3.4379090355394983,3.9733288719752577,0.5354198364357595,0.5354198364357595
THA,IND,3900.0,Thailand,India,11838.124551164598,7938.1245511645975,7938.1245511645975,7938.1245511645975,3.5911759503117913,4.073319589493727,0.48214363918193603,0.48214363918193603
THA,IRQ,809.0,Thailand,Iraq,88.70370335029222,-720.2962966497078,-720.2962966497078,720.2962966497078,2.90848501887865,1.952810372937028,-0.9556746459416217,0.9556746459416217
THA,ISR,3344.0,Thailand,Israel,18.024012093455568,-3325.9759879065446,-3325.9759879065446,3325.9759879065446,3.524396122103842,1.2793021133532196,-2.2450940087506224,2.2450940087506224
THA,JOR,262.0,Thailand,Jordan,21.473880339311073,-240.52611966068892,-240.52611966068892,240.52611966068892,2.419955748489758,1.3516780641618167,-1.0682776843279411,1.0682776843279411
THA,JPN,10993.0,Thailand,Japan,291.19150368186354,-10701.808496318137,-10701.808496318137,10701.808496318137,4.041155732629711,2.4656675834061836,-1.5754881492235282,1.5754881492235282
THA,KAZ,70.0,Thailand,Kazakhstan,49.7784332151465,-20.2215667848535,-20.2215667848535,20.2215667848535,1.8512583487190752,1.7056792964488143,-0.14557905227026094,0.14557905227026094
THA,KGZ,27.0,Thailand,Kyrgyzstan,17.049921638508618,-9.950078361491382,-9.950078361491382,9.950078361491382,1.4471580313422192,1.2564753208102544,-0.1906827105319648,0.1906827105319648
THA,KHM,47304.0,Thailand,Cambodia,40410.72582718857,-6893.274172811427,-6893.274172811427,6893.274172811427,4.674907046819129,4.6065073978620985,-0.06839964895703052,0.06839964895703052
THA,KOR,36236.0,Thailand,South Korea,139.3984826693685,-36096.60151733063,-36096.60151733063,36096.60151733063,4.559152235986675,2.147362414261868,-2.411789821724806,2.411789821724806
THA,KWT,240.0,Thailand,Kuwait,9.678714550655972,-230.32128544934403,-230.32128544934403,230.32128544934403,2.3820170425748683,1.0285189776779315,-1.3534980648969368,1.3534980648969368
THA,LAO,18983.0,Thailand,Laos,23754.982657852775,4771.982657852775,4771.982657852775,4771.982657852775,4.278387725209282,4.375772999565012,0.0973852743557287,0.0973852743557287
THA,LBN,100.0,Thailand,Lebanon,11.179707878025281,-88.82029212197472,-88.82029212197472,88.82029212197472,2.0043213737826426,1.0856368721652425,-0.9186845016174001,0.9186845016174001
THA,LKA,216.0,Thailand,Sri Lanka,503.2542539802103,287.2542539802103,287.2542539802103,287.2542539802103,2.3364597338485296,2.7026495706871603,0.36618983683863066,0.36618983683863066
THA,MAC,166.0,Thailand,Macao S.A.R,59.76355200068868,-106.23644799931132,-106.23644799931132,106.23644799931132,2.2227164711475833,1.783643153097436,-0.43907331805014727,0.43907331805014727
THA,MMR,80967.0,Thailand,Myanmar,67666.24929610772,-13300.750703892278,-13300.750703892278,13300.750703892278,4.90831341185008,4.830378522577717,-0.07793488927236293,0.07793488927236293
THA,MNG,49.0,Thailand,Mongolia,8.840929341414547,-40.15907065858545,-40.15907065858545,40.15907065858545,1.6989700043360187,0.9930361135522681,-0.7059338907837508,0.7059338907837508
THA,MYS,10753.0,Thailand,Malaysia,8888.485108063158,-1864.514891936842,-1864.514891936842,1864.514891936842,4.031570032141101,3.948876606729171,-0.08269342541192917,0.08269342541192917
THA,NPL,269.0,Thailand,Nepal,2319.579215437351,2050.579215437351,2050.579215437351,2050.579215437351,2.4313637641589874,3.365596398111708,0.9342326339527207,0.9342326339527207
THA,OMN,315.0,Thailand,Oman,11.110543964018749,-303.88945603598125,-303.88945603598125,303.88945603598125,2.499687082618404,1.083163650596897,-1.4165234320215068,1.4165234320215068
THA,PAK,1153.0,Thailand,Pakistan,717.9901559436589,-435.0098440563411,-435.0098440563411,435.0098440563411,3.0622058088197126,2.856722944279106,-0.20548286454060666,0.20548286454060666
THA,PHL,4108.0,Thailand,Philippines,7658.153486765052,3550.1534867650516,3550.1534867650516,3550.1534867650516,3.6137361412618714,3.884180772721092,0.27044463145922076,0.27044463145922076
THA,QAT,360.0,Thailand,Qatar,5.78343652669064,-354.21656347330935,-354.21656347330935,354.21656347330935,2.5575072019056577,0.8314497656177081,-1.7260574362879497,1.7260574362879497
THA,SAU,212.0,Thailand,Saudi Arabia,66.47709327700154,-145.52290672299847,-145.52290672299847,145.52290672299847,2.3283796034387376,1.829156366137775,-0.4992232373009627,0.4992232373009627
THA,SGP,1938.0,Thailand,Singapore,1263.3214373482692,-674.6785626517308,-674.6785626517308,674.6785626517308,3.2875778090787056,3.1018575017308407,-0.18572030734786452,0.18572030734786452
THA,SYR,308.0,Thailand,Syria,42.306285780813226,-265.69371421918675,-265.69371421918675,265.69371421918675,2.4899584794248346,1.6365509375033656,-0.8534075419214691,0.8534075419214691
THA,TJK,34.0,Thailand,Tajikistan,24.614335964101464,-9.385664035898536,-9.385664035898536,9.385664035898536,1.5440680443502757,1.4084831015410886,-0.13558494280918712,0.13558494280918712
THA,TKM,31.0,Thailand,Turkmenistan,15.377164599197242,-15.622835400802758,-15.622835400802758,15.622835400802758,1.505149978319906,1.2142387139376258,-0.29091126438228015,0.29091126438228015
THA,TLS,50.0,Thailand,East Timor,4.4584838077688795,-45.54151619223112,-45.54151619223112,45.54151619223112,1.7075701760979363,0.7370720263379769,-0.9704981497599595,0.9704981497599595
THA,TUR,769.0,Thailand,Turkey,157.4385781348266,-611.5614218651734,-611.5614218651734,611.5614218651734,2.886490725172482,2.1998609362886197,-0.6866297888838623,0.6866297888838623
THA,TWN,8374.0,Thailand,Taiwan,510.81737025516844,-7863.1826297448315,-7863.1826297448315,7863.1826297448315,3.9229848157088827,2.7091150210547914,-1.2138697946540913,1.2138697946540913
THA,UZB,92.0,Thailand,Uzbekistan,83.38032921753427,-8.619670782465732,-8.619670782465732,8.619670782465732,1.968482948553935,1.926241215488616,-0.04224173306531923,0.04224173306531923
THA,VNM,9315.0,Thailand,Vietnam,48515.286715131486,39200.286715131486,39200.286715131486,39200.286715131486,3.9692294798626433,4.685887553924945,0.7166580740623024,0.7166580740623024
THA,YEM,11.0,Thailand,Yemen,74.28998857903315,63.28998857903315,63.28998857903315,63.28998857903315,1.0791812460476249,1.8767372312612216,0.7975559852135968,0.7975559852135968
TJK,AFG,204.0,Tajikistan,Afghanistan,181.85140841907887,-22.148591580921135,-22.148591580921135,22.148591580921135,2.311753861055754,2.2620983098546947,-0.049655551201059696,0.049655551201059696
TJK,ARE,66.0,Tajikistan,United Arab Emirates,0.05102484622255188,-65.94897515377745,-65.94897515377745,65.94897515377745,1.8260748027008264,0.021612982869160264,-1.8044618198316662,1.8044618198316662
TJK,ARM,22.0,Tajikistan,Armenia,0.015044787591263896,-21.984955212408735,-21.984955212408735,21.984955212408735,1.3617278360175928,0.0064852053769278864,-1.355242630640665,1.355242630640665
TJK,AZE,9.0,Tajikistan,Azerbaijan,0.05442246231918152,-8.945577537680819,-8.945577537680819,8.945577537680819,1.0,0.023014649106310403,-0.9769853508936897,0.9769853508936897
TJK,BGD,17.0,Tajikistan,Bangladesh,0.7119306922721476,-16.288069307727852,-16.288069307727852,16.288069307727852,1.255272505103306,0.233486178230707,-1.021786326872599,1.021786326872599
TJK,BHR,23.0,Tajikistan,Bahrain,0.007539639473879667,-22.99246036052612,-22.99246036052612,22.99246036052612,1.380211241711606,0.0032621415288983865,-1.3769491001827077,1.3769491001827077
TJK,BRN,39.0,Tajikistan,Brunei,0.0009993997669111728,-38.99900060023309,-38.99900060023309,38.99900060023309,1.6020599913279623,0.00043381706173969986,-1.6016261742662226,1.6016261742662226
TJK,BTN,18.0,Tajikistan,Bhutan,0.003703632948184197,-17.996296367051816,-17.996296367051816,17.996296367051816,1.2787536009528289,0.001605496100075764,-1.277148104852753,1.277148104852753
TJK,CYP,18.0,Tajikistan,Cyprus,0.004900180712563086,-17.995099819287436,-17.995099819287436,17.995099819287436,1.2787536009528289,0.002122924324934673,-1.2766306766278943,1.2766306766278943
TJK,GEO,42.0,Tajikistan,Georgia,0.018932017577307232,-41.981067982422694,-41.981067982422694,41.981067982422694,1.6334684555795864,0.008145209152703954,-1.6253232464268825,1.6253232464268825
TJK,HKG,20.0,Tajikistan,Hong Kong S.A.R.,0.021359957265442136,-19.978640042734558,-19.978640042734558,19.978640042734558,1.3222192947339193,0.009178827203140654,-1.3130404675307785,1.3130404675307785
TJK,IDN,9.0,Tajikistan,Indonesia,0.5116372388931737,-8.488362761106826,-8.488362761106826,8.488362761106826,1.0,0.17944758213794515,-0.8205524178620548,0.8205524178620548
TJK,IND,140.0,Tajikistan,India,133.2298962463759,-6.770103753624113,-6.770103753624113,6.770103753624113,2.1492191126553797,2.127849254497823,-0.0213698581575566,0.0213698581575566
TJK,IRQ,33.0,Tajikistan,Iraq,0.2090620220411102,-32.79093797795889,-32.79093797795889,32.79093797795889,1.5314789170422551,0.08244857971877544,-1.4490303373234796,1.4490303373234796
TJK,ISR,34.0,Tajikistan,Israel,0.03497660725160288,-33.9650233927484,-33.9650233927484,33.9650233927484,1.5440680443502757,0.014930533893075415,-1.5291375104572003,1.5291375104572003
TJK,JOR,11.0,Tajikistan,Jordan,0.04163865249686187,-10.958361347503137,-10.958361347503137,10.958361347503137,1.0791812460476249,0.017717087059986737,-1.0614641589876381,1.0614641589876381
TJK,JPN,11.0,Tajikistan,Japan,0.26779699822179537,-10.732203001778204,-10.732203001778204,10.732203001778204,1.0791812460476249,0.10304971915290485,-0.9761315268947199,0.9761315268947199
TJK,KAZ,108.0,Tajikistan,Kazakhstan,33.47743663184075,-74.52256336815924,-74.52256336815924,74.52256336815924,2.037426497940624,1.5375349689267337,-0.49989152901389,0.49989152901389
TJK,KGZ,103.0,Tajikistan,Kyrgyzstan,15.256442484940184,-87.74355751505982,-87.74355751505982,87.74355751505982,2.0170333392987803,1.2110255118484425,-0.8060078274503379,0.8060078274503379
TJK,KHM,2.0,Tajikistan,Cambodia,0.04887236795886831,-1.9511276320411317,-1.9511276320411317,1.9511276320411317,0.47712125471966244,0.020722644281704568,-0.4563986104379579,0.4563986104379579
TJK,KOR,60.0,Tajikistan,South Korea,0.13410788475874072,-59.86589211524126,-59.86589211524126,59.86589211524126,1.7853298350107671,0.054654369836247045,-1.73067546517452,1.73067546517452
TJK,KWT,17.0,Tajikistan,Kuwait,0.022488025468514666,-16.977511974531485,-16.977511974531485,16.977511974531485,1.255272505103306,0.00965823061248539,-1.2456142744908207,1.2456142744908207
TJK,LAO,16.0,Tajikistan,Laos,0.023054888869126842,-15.976945111130874,-15.976945111130874,15.976945111130874,1.2304489213782739,0.009898935074323132,-1.2205499863039508,1.2205499863039508
TJK,LBN,31.0,Tajikistan,Lebanon,0.021970852615204373,-30.978029147384795,-30.978029147384795,30.978029147384795,1.505149978319906,0.009438509566900687,-1.4957114687530053,1.4957114687530053
TJK,LKA,36.0,Tajikistan,Sri Lanka,0.06947407757949633,-35.9305259224205,-35.9305259224205,35.9305259224205,1.568201724066995,0.029170262399254028,-1.539031461667741,1.539031461667741
TJK,MAC,12.0,Tajikistan,Macao S.A.R,0.001985168236260318,-11.99801483176374,-11.99801483176374,11.99801483176374,1.1139433523068367,0.000861292987491935,-1.113082059319345,1.113082059319345
TJK,MMR,20.0,Tajikistan,Myanmar,0.17351554114414905,-19.82648445885585,-19.82648445885585,19.82648445885585,1.3222192947339193,0.06948884543734173,-1.2527304492965776,1.2527304492965776
TJK,MNG,17.0,Tajikistan,Mongolia,0.012520769802300973,-16.9874792301977,-16.9874792301977,16.9874792301977,1.255272505103306,0.0054039406452377516,-1.2498685644580683,1.2498685644580683
TJK,MYS,7.0,Tajikistan,Malaysia,0.08385658774177247,-6.9161434122582275,-6.9161434122582275,6.9161434122582275,0.9030899869919435,0.034971821618648216,-0.8681181653732953,0.8681181653732953
TJK,NPL,19.0,Tajikistan,Nepal,0.15120635584479894,-18.8487936441552,-18.8487936441552,18.8487936441552,1.3010299956639813,0.06115317868802073,-1.2398768169759604,1.2398768169759604
TJK,OMN,15.0,Tajikistan,Oman,0.02450913308280986,-14.97549086691719,-14.97549086691719,14.97549086691719,1.2041199826559248,0.010515834313384976,-1.1936041483425397,1.1936041483425397
TJK,PAK,52.0,Tajikistan,Pakistan,1.4858995721593087,-50.51410042784069,-50.51410042784069,50.51410042784069,1.724275869600789,0.39548357960006036,-1.3287922900007287,1.3287922900007287
TJK,PHL,32.0,Tajikistan,Philippines,0.26093138101069047,-31.73906861898931,-31.73906861898931,31.73906861898931,1.5185139398778875,0.10069145321918255,-1.4178224866587048,1.4178224866587048
TJK,QAT,20.0,Tajikistan,Qatar,0.013316909322889687,-19.98668309067711,-19.98668309067711,19.98668309067711,1.3222192947339193,0.005745289828323549,-1.3164740049055956,1.3164740049055956
TJK,SAU,15.0,Tajikistan,Saudi Arabia,0.14675693292056433,-14.853243067079436,-14.853243067079436,14.853243067079436,1.2041199826559248,0.05947137441556842,-1.1446486082403564,1.1446486082403564
TJK,SGP,4.0,Tajikistan,Singapore,0.013621471660190766,-3.9863785283398094,-3.9863785283398094,3.9863785283398094,0.6989700043360189,0.005875801682775357,-0.6930942026532435,0.6930942026532435
TJK,SYR,29.0,Tajikistan,Syria,0.08288277285491984,-28.91711722714508,-28.91711722714508,28.91711722714508,1.4771212547196624,0.03458144475290934,-1.442539809966753,1.442539809966753
TJK,THA,18.0,Tajikistan,Thailand,0.21591673599756303,-17.784083264002437,-17.784083264002437,17.784083264002437,1.2787536009528289,0.08490383617446462,-1.1938497647783644,1.1938497647783644
TJK,TKM,20.0,Tajikistan,Turkmenistan,9.24147840067314,-10.75852159932686,-10.75852159932686,10.75852159932686,1.3222192947339193,1.0103626534083696,-0.31185664132554974,0.31185664132554974
TJK,TLS,13.0,Tajikistan,East Timor,0.002262293687141341,-12.997737706312858,-12.997737706312858,12.997737706312858,1.146128035678238,0.0009813919844132097,-1.145146643693825,1.145146643693825
TJK,TUR,118.0,Tajikistan,Turkey,0.30047125264263,-117.69952874735738,-117.69952874735738,117.69952874735738,2.0755469613925306,0.11410075641142663,-1.9614462049811041,1.9614462049811041
TJK,TWN,23.0,Tajikistan,Taiwan,0.059122319801051586,-22.94087768019895,-22.94087768019895,22.94087768019895,1.380211241711606,0.02494612039727245,-1.3552651213143336,1.3552651213143336
TJK,UZB,120.0,Tajikistan,Uzbekistan,1322.2442831047485,1202.2442831047485,1202.2442831047485,1202.2442831047485,2.0827853703164503,3.121640026357676,1.0388546560412255,1.0388546560412255
TJK,VNM,1.0,Tajikistan,Vietnam,0.2709335203242259,-0.7290664796757741,-0.7290664796757741,0.7290664796757741,0.3010299956639812,0.10412283417993844,-0.19690716148404275,0.19690716148404275
TJK,YEM,57.0,Tajikistan,Yemen,0.12440876180557811,-56.875591238194424,-56.875591238194424,56.875591238194424,1.7634279935629373,0.05092422113051892,-1.7125037724324184,1.7125037724324184
TKM,AFG,43.0,Turkmenistan,Afghanistan,76.63876038142426,33.63876038142426,33.63876038142426,33.63876038142426,1.6434526764861874,1.8900785926127066,0.24662591612651927,0.24662591612651927
TKM,ARE,163.0,Turkmenistan,United Arab Emirates,4.539299410415365,-158.46070058958463,-158.46070058958463,158.46070058958463,2.214843848047698,0.74345484028243,-1.4713890077652678,1.4713890077652678
TKM,ARM,28.0,Turkmenistan,Armenia,3.403070269491591,-24.59692973050841,-24.59692973050841,24.59692973050841,1.462397997898956,0.643755616508566,-0.8186423813903901,0.8186423813903901
TKM,AZE,23.0,Turkmenistan,Azerbaijan,999.2711660845595,976.2711660845595,976.2711660845595,976.2711660845595,1.380211241711606,3.0001177499700256,1.6199065082584196,1.6199065082584196
TKM,BGD,46.0,Turkmenistan,Bangladesh,0.42730917633837545,-45.572690823661624,-45.572690823661624,45.572690823661624,1.6720978579357175,0.15451805793161755,-1.5175798000040999,1.5175798000040999
TKM,BHR,33.0,Turkmenistan,Bahrain,0.6070431115327356,-32.39295688846727,-32.39295688846727,32.39295688846727,1.5314789170422551,0.2060275275720766,-1.3254513894701785,1.3254513894701785
TKM,BRN,37.0,Turkmenistan,Brunei,0.0007064104378229288,-36.99929358956218,-36.99929358956218,36.99929358956218,1.5797835966168101,0.00030668184622548107,-1.5794769147705847,1.5794769147705847
TKM,BTN,13.0,Turkmenistan,Bhutan,0.00213664433661509,-12.997863355663386,-12.997863355663386,12.997863355663386,1.146128035678238,0.0009269429237750878,-1.145201092754463,1.145201092754463
TKM,CYP,36.0,Turkmenistan,Cyprus,0.004209529801607942,-35.99579047019839,-35.99579047019839,35.99579047019839,1.568201724066995,0.0018243384490171388,-1.566377385617978,1.566377385617978
TKM,GEO,21.0,Turkmenistan,Georgia,4.000195201376697,-16.999804798623302,-16.999804798623302,16.999804798623302,1.3424226808222062,0.6989869589812159,-0.6434357218409904,0.6434357218409904
TKM,HKG,9.0,Turkmenistan,Hong Kong S.A.R.,0.015097959058360614,-8.98490204094164,-8.98490204094164,8.98490204094164,1.0,0.006507954589807858,-0.9934920454101922,0.9934920454101922
TKM,IDN,137.0,Turkmenistan,Indonesia,0.39394269284709366,-136.6060573071529,-136.6060573071529,136.6060573071529,2.1398790864012365,0.14424491960713431,-1.9956341667941022,1.9956341667941022
TKM,IND,48.0,Turkmenistan,India,19.107341398852753,-28.892658601147247,-28.892658601147247,28.892658601147247,1.6901960800285136,1.3033546517933425,-0.3868414282351711,0.3868414282351711
TKM,IRQ,33.0,Turkmenistan,Iraq,29.521651053333684,-3.4783489466663156,-3.4783489466663156,3.4783489466663156,1.5314789170422551,1.48460802285944,-0.04687089418281501,0.04687089418281501
TKM,ISR,18.0,Turkmenistan,Israel,0.03006234250805082,-17.96993765749195,-17.96993765749195,17.96993765749195,1.2787536009528289,0.01286351032448001,-1.265890090628349,1.265890090628349
TKM,JOR,8.0,Turkmenistan,Jordan,0.035823797818628614,-7.964176202181371,-7.964176202181371,7.964176202181371,0.9542425094393249,0.015285884614473895,-0.938956624824851,0.938956624824851
TKM,JPN,42.0,Turkmenistan,Japan,0.15698847496405843,-41.84301152503594,-41.84301152503594,41.84301152503594,1.6334684555795864,0.06332903286320818,-1.5701394227163783,1.5701394227163783
TKM,KAZ,34.0,Turkmenistan,Kazakhstan,1.2845026120776795,-32.71549738792232,-32.71549738792232,32.71549738792232,1.5440680443502757,0.3587916589600206,-1.185276385390255,1.185276385390255
TKM,KGZ,19.0,Turkmenistan,Kyrgyzstan,2.8923898357036073,-16.107610164296393,-16.107610164296393,16.107610164296393,1.3010299956639813,0.5902163298019901,-0.710813665861991,0.710813665861991
TKM,KHM,14.0,Turkmenistan,Cambodia,0.03456418594280058,-13.9654358140572,-13.9654358140572,13.9654358140572,1.1760912590556813,0.014757440130833833,-1.1613338189248474,1.1613338189248474
TKM,KOR,45.0,Turkmenistan,South Korea,0.09230634291605558,-44.90769365708395,-44.90769365708395,44.90769365708395,1.662757831681574,0.03834445556649092,-1.6244133761150832,1.6244133761150832
TKM,KWT,17.0,Turkmenistan,Kuwait,4.4375786566563455,-12.562421343343654,-12.562421343343654,12.562421343343654,1.255272505103306,0.7354055522440262,-0.51986695285928,0.51986695285928
TKM,LAO,20.0,Turkmenistan,Laos,0.016295995535734787,-19.983704004464265,-19.983704004464265,19.983704004464265,1.3222192947339193,0.0070202143515236525,-1.3151990803823956,1.3151990803823956
TKM,LBN,15.0,Turkmenistan,Lebanon,0.018918158402031173,-14.98108184159797,-14.98108184159797,14.98108184159797,1.2041199826559248,0.008139301983062957,-1.195980680672862,1.195980680672862
TKM,LKA,54.0,Turkmenistan,Sri Lanka,0.05145067370720351,-53.9485493262928,-53.9485493262928,53.9485493262928,1.7403626894942439,0.02178890361363755,-1.7185737858806063,1.7185737858806063
TKM,MAC,25.0,Turkmenistan,Macao S.A.R,0.001383685569350179,-24.99861631443065,-24.99861631443065,24.99861631443065,1.414973347970818,0.0006005116435548886,-1.4143728363272632,1.4143728363272632
TKM,MMR,13.0,Turkmenistan,Myanmar,0.120302821372662,-12.879697178627339,-12.879697178627339,12.879697178627339,1.146128035678238,0.049335429701673775,-1.0967926059765642,1.0967926059765642
TKM,MNG,19.0,Turkmenistan,Mongolia,0.007925215368667774,-18.99207478463133,-18.99207478463133,18.99207478463133,1.3010299956639813,0.0034283101277721834,-1.2976016855362091,1.2976016855362091
TKM,MYS,27.0,Turkmenistan,Malaysia,0.06283865033155163,-26.937161349668447,-26.937161349668447,26.937161349668447,1.4471580313422192,0.026467339227613892,-1.4206906921146054,1.4206906921146054
TKM,NPL,23.0,Turkmenistan,Nepal,0.08474461798339264,-22.915255382016607,-22.915255382016607,22.915255382016607,1.380211241711606,0.0353275040320284,-1.3448837376795777,1.3448837376795777
TKM,OMN,4.0,Turkmenistan,Oman,1.7430932845600648,-2.256906715439935,-2.256906715439935,2.256906715439935,0.6989700043360189,0.4382405769376725,-0.2607294273983463,0.2607294273983463
TKM,PAK,13.0,Turkmenistan,Pakistan,37.80488429934165,24.80488429934165,24.80488429934165,24.80488429934165,1.146128035678238,1.5888863928815564,0.44275835720331835,0.44275835720331835
TKM,PHL,57.0,Turkmenistan,Philippines,0.18443535530450667,-56.81556464469549,-56.81556464469549,56.81556464469549,1.7634279935629373,0.07351136256772081,-1.6899166309952165,1.6899166309952165
TKM,QAT,5.0,Turkmenistan,Qatar,1.0491106606620086,-3.9508893393379916,-3.9508893393379916,3.9508893393379916,0.7781512503836436,0.311565412777548,-0.4665858376060957,0.4665858376060957
TKM,SAU,1.0,Turkmenistan,Saudi Arabia,1.8176537799632984,0.8176537799632984,0.8176537799632984,0.8176537799632984,0.3010299956639812,0.44988762798946985,0.14885763232548868,0.14885763232548868
TKM,SGP,3.0,Turkmenistan,Singapore,0.009628128880805725,-2.9903718711191942,-2.9903718711191942,2.9903718711191942,0.6020599913279624,0.004161441788667147,-0.5978985495392952,0.5978985495392952
TKM,SYR,47.0,Turkmenistan,Syria,0.0714636427921138,-46.92853635720789,-46.92853635720789,46.92853635720789,1.6812412373755872,0.029977439024464154,-1.6512637983511231,1.6512637983511231
TKM,THA,13.0,Turkmenistan,Thailand,0.15261744204798555,-12.847382557952015,-12.847382557952015,12.847382557952015,1.146128035678238,0.061685187280630084,-1.0844428483976079,1.0844428483976079
TKM,TJK,49.0,Turkmenistan,Tajikistan,253.77800221646305,204.77800221646305,204.77800221646305,204.77800221646305,1.6989700043360187,2.406161927868877,0.7071919235328579,0.7071919235328579
TKM,TLS,16.0,Turkmenistan,East Timor,0.0015990676873547873,-15.998400932312645,-15.998400932312645,15.998400932312645,1.2304489213782739,0.0006939116147313676,-1.2297550097635426,1.2297550097635426
TKM,TUR,289.0,Turkmenistan,Turkey,0.2579030561885506,-288.7420969438115,-288.7420969438115,288.7420969438115,2.462397997898956,0.09964717228199585,-2.3627508256169603,2.3627508256169603
TKM,TWN,13.0,Turkmenistan,Taiwan,0.04070956740499349,-12.959290432595006,-12.959290432595006,12.959290432595006,1.146128035678238,0.01732954711682523,-1.1287984885614128,1.1287984885614128
TKM,UZB,44.0,Turkmenistan,Uzbekistan,245.53418950073038,201.53418950073038,201.53418950073038,201.53418950073038,1.6532125137753437,2.3918771559940706,0.7386646422187267,0.7386646422187267
TKM,VNM,34.0,Turkmenistan,Vietnam,0.19150521447955737,-33.808494785520445,-33.808494785520445,33.808494785520445,1.5440680443502757,0.07609594732430655,-1.467972097025969,1.467972097025969
TKM,YEM,39.0,Turkmenistan,Yemen,0.10319939282938718,-38.89680060717061,-38.89680060717061,38.89680060717061,1.6020599913279623,0.04265401414411745,-1.5594059771838449,1.5594059771838449
TLS,AFG,33.0,East Timor,Afghanistan,0.025685122966636217,-32.974314877033365,-32.974314877033365,32.974314877033365,1.5314789170422551,0.011014056344614675,-1.5204648606976405,1.5204648606976405
TLS,ARE,25.0,East Timor,United Arab Emirates,0.005934308669967248,-24.994065691330032,-24.994065691330032,24.994065691330032,1.414973347970818,0.002569620567164731,-1.4124037274036532,1.4124037274036532
TLS,ARM,39.0,East Timor,Armenia,0.0016589716016836681,-38.998341028398315,-38.998341028398315,38.998341028398315,1.6020599913279623,0.0007198852426265199,-1.6013401060853358,1.6013401060853358
TLS,AZE,12.0,East Timor,Azerbaijan,0.005841726627431672,-11.994158273372568,-11.994158273372568,11.994158273372568,1.1139433523068367,0.0025296480557922777,-1.1114137042510446,1.1114137042510446
TLS,BGD,17.0,East Timor,Bangladesh,0.9102084908415138,-16.089791509158488,-16.089791509158488,16.089791509158488,1.255272505103306,0.28108077116419117,-0.974191733939115,0.974191733939115
TLS,BHR,14.0,East Timor,Bahrain,0.0009128854058843526,-13.999087114594115,-13.999087114594115,13.999087114594115,1.1760912590556813,0.0003962802426683041,-1.1756949788130129,1.1756949788130129
TLS,BRN,14.0,East Timor,Brunei,957.9122804239871,943.9122804239871,943.9122804239871,943.9122804239871,1.1760912590556813,2.9817788805072154,1.805687621451534,1.805687621451534
TLS,BTN,0.0,East Timor,Bhutan,0.003396827619047376,0.003396827619047376,0.003396827619047376,0.003396827619047376,0.0,0.0014727236104887787,0.0014727236104887787,0.0014727236104887787
TLS,CYP,7.0,East Timor,Cyprus,0.0007077038240897613,-6.99929229617591,-6.99929229617591,6.99929229617591,0.9030899869919435,0.00030724315986329156,-0.9027827438320803,0.9027827438320803
TLS,GEO,19.0,East Timor,Georgia,0.0020753576930979812,-18.997924642306902,-18.997924642306902,18.997924642306902,1.3010299956639813,0.0009003824091437508,-1.3001296132548374,1.3001296132548374
TLS,HKG,3.0,East Timor,Hong Kong S.A.R.,0.1257089434788143,-2.874291056521186,-2.874291056521186,2.874291056521186,0.6020599913279624,0.05142611646486192,-0.5506338748631004,0.5506338748631004
TLS,IDN,2206.0,East Timor,Indonesia,2831.362647824326,625.3626478243259,625.3626478243259,625.3626478243259,3.343802333161655,3.4521488584336484,0.10834652527199351,0.10834652527199351
TLS,IND,13.0,East Timor,India,2.5672596998254216,-10.43274030017458,-10.43274030017458,10.43274030017458,1.146128035678238,0.5523347275316711,-0.593793308146567,0.593793308146567
TLS,IRQ,39.0,East Timor,Iraq,0.024217458412209156,-38.97578254158779,-38.97578254158779,38.97578254158779,1.6020599913279623,0.010392174376198176,-1.5916678169517642,1.5916678169517642
TLS,ISR,38.0,East Timor,Israel,0.005043625137545708,-37.994956374862454,-37.994956374862454,37.994956374862454,1.591064607026499,0.002184913244380253,-1.588879693782119,1.588879693782119
TLS,JOR,26.0,East Timor,Jordan,0.006008995229165617,-25.993991004770834,-25.993991004770834,25.993991004770834,1.4313637641589874,0.002601863981265114,-1.428761900177722,1.428761900177722
TLS,JPN,38.0,East Timor,Japan,0.9503415993660967,-37.0496584006339,-37.0496584006339,37.0496584006339,1.591064607026499,0.2901106840429832,-1.300953922983516,1.300953922983516
TLS,KAZ,10.0,East Timor,Kazakhstan,0.013070643714237265,-9.986929356285764,-9.986929356285764,9.986929356285764,1.0413926851582251,0.005639730755690471,-1.0357529544025346,1.0357529544025346
TLS,KGZ,6.0,East Timor,Kyrgyzstan,0.004353938821081214,-5.995646061178919,-5.995646061178919,5.995646061178919,0.8450980400142568,0.001886787100884033,-0.8432112529133727,0.8432112529133727
TLS,KHM,37.0,East Timor,Cambodia,0.29783638758073316,-36.70216361241927,-36.70216361241927,36.70216361241927,1.5797835966168101,0.11321994635531789,-1.4665636502614923,1.4665636502614923
TLS,KOR,523.0,East Timor,South Korea,0.48854730473798785,-522.511452695262,-522.511452695262,522.511452695262,2.7193312869837265,0.1727626407027532,-2.5465686462809733,2.5465686462809733
TLS,KWT,3.0,East Timor,Kuwait,0.0027083763456052417,-2.997291623654395,-2.997291623654395,2.997291623654395,0.6020599913279624,0.0011746429313082357,-0.6008853483966542,0.6008853483966542
TLS,LAO,10.0,East Timor,Laos,0.08858941598863228,-9.911410584011367,-9.911410584011367,9.911410584011367,1.0413926851582251,0.036864107493383744,-1.0045285776648414,1.0045285776648414
TLS,LBN,12.0,East Timor,Lebanon,0.0031283964630993383,-11.996871603536901,-11.996871603536901,11.996871603536901,1.1139433523068367,0.0013565245524400492,-1.1125868277543967,1.1125868277543967
TLS,LKA,32.0,East Timor,Sri Lanka,0.09885867176497848,-31.90114132823502,-31.90114132823502,31.90114132823502,1.5185139398778875,0.04094183981251053,-1.477572100065377,1.477572100065377
TLS,MAC,16.0,East Timor,Macao S.A.R,0.011313804102555202,-15.988686195897445,-15.988686195897445,15.988686195897445,1.2304489213782739,0.004885935258682338,-1.2255629861195916,1.2255629861195916
TLS,MMR,12.0,East Timor,Myanmar,0.582515621560205,-11.417484378439795,-11.417484378439795,11.417484378439795,1.1139433523068367,0.19934800578191103,-0.9145953465249257,0.9145953465249257
TLS,MNG,36.0,East Timor,Mongolia,0.013919488971595628,-35.986080511028405,-35.986080511028405,35.986080511028405,1.568201724066995,0.006003470891240102,-1.562198253175755,1.562198253175755
TLS,MYS,57.0,East Timor,Malaysia,1.0201979099164964,-55.9798020900835,-55.9798020900835,55.9798020900835,1.7634279935629373,0.305393917453743,-1.4580340761091943,1.4580340761091943
TLS,NPL,18.0,East Timor,Nepal,0.1246308656392322,-17.875369134360767,-17.875369134360767,17.875369134360767,1.2787536009528289,0.05100999860504806,-1.2277436023477808,1.2277436023477808
TLS,OMN,25.0,East Timor,Oman,0.002841821978016722,-24.997158178021984,-24.997158178021984,24.997158178021984,1.414973347970818,0.0012324372482236758,-1.4137409107225942,1.4137409107225942
TLS,PAK,41.0,East Timor,Pakistan,0.17420378517638385,-40.82579621482362,-40.82579621482362,40.82579621482362,1.6232492903979006,0.0697434760404243,-1.5535058143574763,1.5535058143574763
TLS,PHL,176.0,East Timor,Philippines,5.289614492708972,-170.71038550729102,-170.71038550729102,170.71038550729102,2.247973266361807,0.7986240271908898,-1.4493492391709168,1.4493492391709168
TLS,QAT,14.0,East Timor,Qatar,0.0016183680801017794,-13.998381631919898,-13.998381631919898,13.998381631919898,1.1760912590556813,0.0007022802060976708,-1.1753889788495837,1.1753889788495837
TLS,SAU,39.0,East Timor,Saudi Arabia,0.01873155245132332,-38.98126844754868,-38.98126844754868,38.98126844754868,1.6020599913279623,0.008059757462257811,-1.5940002338657047,1.5940002338657047
TLS,SGP,24.0,East Timor,Singapore,0.18537731301061863,-23.81462268698938,-23.81462268698938,23.81462268698938,1.3979400086720377,0.07385661100103744,-1.3240833976710003,1.3240833976710003
TLS,SYR,15.0,East Timor,Syria,0.011838487753666029,-14.988161512246334,-14.988161512246334,14.988161512246334,1.2041199826559248,0.005111194840423328,-1.1990087878155014,1.1990087878155014
TLS,THA,33.0,East Timor,Thailand,1.0552720982253991,-31.944727901774602,-31.944727901774602,31.944727901774602,1.5314789170422551,0.312869326423838,-1.2186095906184171,1.2186095906184171
TLS,TJK,6.0,East Timor,Tajikistan,0.00628735164750231,-5.993712648352497,-5.993712648352497,5.993712648352497,0.8450980400142568,0.0027220139357633467,-0.8423760260784935,0.8423760260784935
TLS,TKM,4.0,East Timor,Turkmenistan,0.0043029628206280235,-3.995697037179372,-3.995697037179372,3.995697037179372,0.6989700043360189,0.001864743918005968,-0.6971052604180128,0.6971052604180128
TLS,TUR,1.0,East Timor,Turkey,0.044055738876727965,-0.955944261123272,-0.955944261123272,0.955944261123272,0.3010299956639812,0.018723684911845416,-0.2823063107521358,0.2823063107521358
TLS,TWN,45.0,East Timor,Taiwan,0.2952809775236164,-44.70471902247638,-44.70471902247638,44.70471902247638,1.662757831681574,0.11236398753062772,-1.5503938441509464,1.5503938441509464
TLS,UZB,3.0,East Timor,Uzbekistan,0.021313441399036646,-2.9786865586009634,-2.9786865586009634,2.9786865586009634,0.6020599913279624,0.009159047649426788,-0.5929009436785356,0.5929009436785356
TLS,VNM,44.0,East Timor,Vietnam,2.2081209714235857,-41.79187902857642,-41.79187902857642,41.79187902857642,1.6532125137753437,0.5062507362427946,-1.1469617775325491,1.1469617775325491
TLS,YEM,21.0,East Timor,Yemen,0.02153984630557621,-20.978460153694424,-20.978460153694424,20.978460153694424,1.3424226808222062,0.009255311441428283,-1.333167369380778,1.333167369380778
TUR,AFG,9475.0,Turkey,Afghanistan,3439.227123531619,-6035.772876468382,-6035.772876468382,6035.772876468382,3.9766250520507276,3.5365871156065207,-0.4400379364442067,0.4400379364442067
TUR,ARE,1503.0,Turkey,United Arab Emirates,1762.4729032938117,259.47290329381167,259.47290329381167,259.47290329381167,3.1772478362556233,3.2463687908873275,0.06912095463170391,0.06912095463170391
TUR,ARM,220.0,Turkey,Armenia,1792.1694617349976,1572.1694617349976,1572.1694617349976,1572.1694617349976,2.3443922736851106,3.2536213340790376,0.9092290603939268,0.9092290603939268
TUR,AZE,4870.0,Turkey,Azerbaijan,3141.530742455529,-1728.469257544471,-1728.469257544471,1728.469257544471,3.68761812957177,3.4972795349541737,-0.19033859461759622,0.19033859461759622
TUR,BGD,420.0,Turkey,Bangladesh,389.86170722123785,-30.13829277876215,-30.13829277876215,30.13829277876215,2.6242820958356683,2.592023124622257,-0.032258971213411196,0.032258971213411196
TUR,BHR,142.0,Turkey,Bahrain,293.3549792625205,151.3549792625205,151.3549792625205,151.3549792625205,2.155336037465062,2.468871386667456,0.31353534920239395,0.31353534920239395
TUR,BRN,17.0,Turkey,Brunei,0.5892953776617819,-16.41070462233822,-16.41070462233822,16.41070462233822,1.255272505103306,0.20120462028293773,-1.0540678848203684,1.0540678848203684
TUR,BTN,4.0,Turkey,Bhutan,1.9493983628793394,-2.0506016371206606,-2.0506016371206606,2.0506016371206606,0.6989700043360189,0.46973343484956487,-0.2292365694864539,0.2292365694864539
TUR,CYP,0.0,Turkey,Cyprus,1992.6433088891074,1992.6433088891074,1992.6433088891074,1992.6433088891074,0.0,3.2996474594730856,3.2996474594730856,3.2996474594730856
TUR,GEO,5300.0,Turkey,Georgia,2139.083481253788,-3160.916518746212,-3160.916518746212,3160.916518746212,3.7243578042264267,3.3304307148168166,-0.39392708940960974,0.39392708940960974
TUR,HKG,31.0,Turkey,Hong Kong S.A.R.,13.203955437597502,-17.7960445624025,-17.7960445624025,17.7960445624025,1.505149978319906,1.1524093011094523,-0.3527406772104537,0.3527406772104537
TUR,IDN,1199.0,Turkey,Indonesia,329.9501813639074,-869.0498186360926,-869.0498186360926,869.0498186360926,3.0791812460476247,2.5197626234218737,-0.5594186226257513,0.5594186226257513
TUR,IND,659.0,Turkey,India,11740.615857017207,11081.615857017207,11081.615857017207,11081.615857017207,2.8195439355418688,4.069727867737547,1.2501839321956785,1.2501839321956785
TUR,IRQ,16095.0,Turkey,Iraq,18277.029637592794,2182.0296375927937,2182.0296375927937,2182.0296375927937,4.206717963375834,4.261929377194196,0.055211413818363184,0.055211413818363184
TUR,ISR,733.0,Turkey,Israel,7399.874945757539,6666.874945757539,6666.874945757539,6666.874945757539,2.8656960599160706,3.8692830659002126,1.003587005984142,1.003587005984142
TUR,JOR,1593.0,Turkey,Jordan,7390.295494944455,5797.295494944455,5797.295494944455,5797.295494944455,3.2024883170600935,3.8687205651872767,0.6662322481271833,0.6662322481271833
TUR,JPN,1114.0,Turkey,Japan,187.45727278533852,-926.5427272146615,-926.5427272146615,926.5427272146615,3.0472748673841794,2.2752129020381795,-0.772061965346,0.772061965346
TUR,KAZ,1053.0,Turkey,Kazakhstan,1405.4052421199533,352.4052421199533,352.4052421199533,352.4052421199533,3.022840610876528,3.1481104764864702,0.12526986560994244,0.12526986560994244
TUR,KGZ,1100.0,Turkey,Kyrgyzstan,520.5844084764581,-579.4155915235419,-579.4155915235419,579.4155915235419,3.041787318971752,2.7173246007187952,-0.32446271825295675,0.32446271825295675
TUR,KHM,50.0,Turkey,Cambodia,30.204743965468822,-19.795256034531178,-19.795256034531178,19.795256034531178,1.7075701760979363,1.4942206235507667,-0.2133495525471696,0.2133495525471696
TUR,KOR,519.0,Turkey,South Korea,95.51553709391375,-423.48446290608626,-423.48446290608626,423.48446290608626,2.716003343634799,1.9845972317997649,-0.7314061118350343,0.7314061118350343
TUR,KWT,1348.0,Turkey,Kuwait,1281.1638419070994,-66.83615809290063,-66.83615809290063,66.83615809290063,3.1300119496719043,3.1079435252527174,-0.022068424419186782,0.022068424419186782
TUR,LAO,37.0,Turkey,Laos,14.867887216632827,-22.132112783367173,-22.132112783367173,22.132112783367173,1.5797835966168101,1.2005191050004944,-0.3792644916163158,0.3792644916163158
TUR,LBN,1807.0,Turkey,Lebanon,8057.000071166733,6250.000071166733,6250.000071166733,6250.000071166733,3.2571984261393445,3.906227266887966,0.6490288407486212,0.6490288407486212
TUR,LKA,56.0,Turkey,Sri Lanka,46.941766289824,-9.058233710175998,-9.058233710175998,9.058233710175998,1.7558748556724915,1.6807140304442583,-0.07516082522823322,0.07516082522823322
TUR,MAC,43.0,Turkey,Macao S.A.R,1.2267118301592972,-41.773288169840704,-41.773288169840704,41.773288169840704,1.6434526764861874,0.3476640164639899,-1.2957886600221975,1.2957886600221975
TUR,MMR,54.0,Turkey,Myanmar,109.76001902364375,55.76001902364375,55.76001902364375,55.76001902364375,1.7403626894942439,2.044383021666014,0.30402033217177044,0.30402033217177044
TUR,MNG,788.0,Turkey,Mongolia,7.230684864296302,-780.7693151357037,-780.7693151357037,780.7693151357037,2.89707700320942,0.915435973779694,-1.9816410294297262,1.9816410294297262
TUR,MYS,301.0,Turkey,Malaysia,55.063828702384924,-245.9361712976151,-245.9361712976151,245.9361712976151,2.4800069429571505,1.7486827532091411,-0.7313241897480095,0.7313241897480095
TUR,NPL,332.0,Turkey,Nepal,74.58923506228172,-257.4107649377183,-257.4107649377183,257.4107649377183,2.5224442335063197,1.8784599504491424,-0.6439842830571775,0.6439842830571775
TUR,OMN,394.0,Turkey,Oman,482.45210635638864,88.45210635638864,88.45210635638864,88.45210635638864,2.59659709562646,2.6843534567532754,0.08775636112681501,0.08775636112681501
TUR,PAK,4687.0,Turkey,Pakistan,10135.091620390094,5448.091620390094,5448.091620390094,5448.091620390094,3.670987603010034,4.005870527492,0.3348829244819662,0.3348829244819662
TUR,PHL,1116.0,Turkey,Philippines,153.5700372515336,-962.4299627484664,-962.4299627484664,962.4299627484664,3.048053173115609,2.1891253115909457,-0.8589278615246636,0.8589278615246636
TUR,QAT,1034.0,Turkey,Qatar,510.2937171656028,-523.7062828343971,-523.7062828343971,523.7062828343971,3.0149403497929366,2.7086704561001453,-0.3062698936927912,0.3062698936927912
TUR,SAU,3717.0,Turkey,Saudi Arabia,7566.214641085345,3849.2146410853447,3849.2146410853447,3849.2146410853447,3.5703093854358796,3.878936052735494,0.3086266672996145,0.3086266672996145
TUR,SGP,64.0,Turkey,Singapore,8.784362636398459,-55.215637363601545,-55.215637363601545,55.215637363601545,1.8129133566428555,0.9905325405192572,-0.8223808161235984,0.8223808161235984
TUR,SYR,57718.0,Turkey,Syria,22751.36488140831,-34966.63511859169,-34966.63511859169,34966.63511859169,4.7613187981968546,4.357026543919201,-0.40429225427765414,0.40429225427765414
TUR,THA,385.0,Turkey,Thailand,139.24273056436695,-245.75726943563305,-245.75726943563305,245.75726943563305,2.586587304671755,2.1468803590005443,-0.43970694567121055,0.43970694567121055
TUR,TJK,208.0,Turkey,Tajikistan,992.0151086386095,784.0151086386095,784.0151086386095,784.0151086386095,2.3201462861110542,2.9969558562984626,0.6768095701874086,0.6768095701874086
TUR,TKM,411.0,Turkey,Turkmenistan,1427.6680142550028,1016.6680142550028,1016.6680142550028,1016.6680142550028,2.6148972160331345,3.1549313216337693,0.5400341056006346,0.5400341056006346
TUR,TLS,14.0,Turkey,East Timor,1.4589325319351134,-12.541067468064886,-12.541067468064886,12.541067468064886,1.1760912590556813,0.39074661275243777,-0.7853446463032434,0.7853446463032434
TUR,TWN,311.0,Turkey,Taiwan,37.14196260597243,-273.8580373940276,-273.8580373940276,273.8580373940276,2.494154594018443,1.5814030360360138,-0.912751557982429,0.912751557982429
TUR,UZB,4703.0,Turkey,Uzbekistan,4052.4280830148396,-650.5719169851604,-650.5719169851604,650.5719169851604,3.6724673130680823,3.60782247205494,-0.06464484101314177,0.06464484101314177
TUR,VNM,196.0,Turkey,Vietnam,167.62895540433607,-28.371044595663932,-28.371044595663932,28.371044595663932,2.294466226161593,2.2269321497229853,-0.06753407643860784,0.06753407643860784
TUR,YEM,217.0,Turkey,Yemen,5621.781122690455,5404.781122690455,5404.781122690455,5404.781122690455,2.3384564936046046,3.7499511781105292,1.4114946845059246,1.4114946845059246
TWN,AFG,15.0,Taiwan,Afghanistan,17.763591050866967,2.7635910508669674,2.7635910508669674,2.7635910508669674,1.2041199826559248,1.2733159590071998,0.06919597635127502,0.06919597635127502
TWN,ARE,168.0,Taiwan,United Arab Emirates,3.437978699632427,-164.56202130036758,-164.56202130036758,164.56202130036758,2.2278867046136734,0.6471852134763638,-1.5807014911373098,1.5807014911373098
TWN,ARM,36.0,Taiwan,Armenia,1.0379629416908034,-34.9620370583092,-34.9620370583092,34.9620370583092,1.568201724066995,0.30919628253325326,-1.2590054415337417,1.2590054415337417
TWN,AZE,25.0,Taiwan,Azerbaijan,3.583075058294629,-21.41692494170537,-21.41692494170537,21.41692494170537,1.414973347970818,0.6611569698645222,-0.7538163781062956,0.7538163781062956
TWN,BGD,185.0,Taiwan,Bangladesh,1166.6780344855406,981.6780344855406,981.6780344855406,981.6780344855406,2.2695129442179165,3.0673231106513925,0.7978101664334762,0.7978101664334762
TWN,BHR,1.0,Taiwan,Bahrain,0.5277604936463587,-0.4722395063536413,-0.4722395063536413,0.4722395063536413,0.3010299956639812,0.18405527541726574,-0.11697472024671547,0.11697472024671547
TWN,BRN,38.0,Taiwan,Brunei,6.730597726802389,-31.26940227319761,-31.26940227319761,31.26940227319761,1.591064607026499,0.8882130746965949,-0.7028515323299043,0.7028515323299043
TWN,BTN,36.0,Taiwan,Bhutan,4.174399344565612,-31.82560065543439,-31.82560065543439,31.82560065543439,1.568201724066995,0.7138599432147974,-0.8543417808521977,0.8543417808521977
TWN,CYP,14.0,Taiwan,Cyprus,0.41200653013208693,-13.587993469867913,-13.587993469867913,13.587993469867913,1.1760912590556813,0.1498367052099589,-1.0262545538457224,1.0262545538457224
TWN,GEO,24.0,Taiwan,Georgia,1.3083569828133759,-22.691643017186625,-22.691643017186625,22.691643017186625,1.3979400086720377,0.36330297245483195,-1.0346370362172057,1.0346370362172057
TWN,HKG,3493.0,Taiwan,Hong Kong S.A.R.,30308.355362831626,26815.355362831626,26815.355362831626,26815.355362831626,3.543322900646912,4.481576699635776,0.9382537989888647,0.9382537989888647
TWN,IDN,38100.0,Taiwan,Indonesia,926.5741462498432,-37173.42585375016,-37173.42585375016,37173.42585375016,4.580936374331331,2.9673486352898975,-1.613587739041433,1.613587739041433
TWN,IND,559.0,Taiwan,India,1538.3196772421652,979.3196772421652,979.3196772421652,979.3196772421652,2.7481880270062002,3.187328821030391,0.4391407940241907,0.4391407940241907
TWN,IRQ,70.0,Taiwan,Iraq,14.692802657737435,-55.30719734226257,-55.30719734226257,55.30719734226257,1.8512583487190752,1.1957005133825054,-0.6555578353365699,0.6555578353365699
TWN,ISR,44.0,Taiwan,Israel,2.9362657392446327,-41.06373426075537,-41.06373426075537,41.06373426075537,1.6532125137753437,0.5950844101840548,-1.0581281035912888,1.0581281035912888
TWN,JOR,59.0,Taiwan,Jordan,3.4851376389726108,-55.51486236102739,-55.51486236102739,55.51486236102739,1.7781512503836436,0.651775775123499,-1.1263754752601445,1.1263754752601445
TWN,JPN,6199.0,Taiwan,Japan,5575.912665765435,-623.0873342345649,-623.0873342345649,623.0873342345649,3.792391689498254,3.746393843510185,-0.04599784598806862,0.04599784598806862
TWN,KAZ,19.0,Taiwan,Kazakhstan,9.266345837700538,-9.733654162299462,-9.733654162299462,9.733654162299462,1.3010299956639813,1.0114158900509047,-0.2896141056130765,0.2896141056130765
TWN,KGZ,27.0,Taiwan,Kyrgyzstan,3.171721714283161,-23.828278285716838,-23.828278285716838,23.828278285716838,1.4471580313422192,0.6203153299601019,-0.8268427013821174,0.8268427013821174
TWN,KHM,571.0,Taiwan,Cambodia,262.5608466745535,-308.4391533254465,-308.4391533254465,308.4391533254465,2.7573960287930244,2.4208808940245956,-0.33651513476842865,0.33651513476842865
TWN,KOR,1966.0,Taiwan,South Korea,5433.47086838055,3467.47086838055,3467.47086838055,3467.47086838055,3.2938043599193367,3.7351572650498306,0.44135290513049386,0.44135290513049386
TWN,KWT,30.0,Taiwan,Kuwait,1.5617838677565596,-28.43821613224344,-28.43821613224344,28.43821613224344,1.4913616938342726,0.4085424864546578,-1.082819207379615,1.082819207379615
TWN,LAO,36.0,Taiwan,Laos,550.6438796491265,514.6438796491265,514.6438796491265,514.6438796491265,1.568201724066995,2.7416588041527357,1.1734570800857405,1.1734570800857405
TWN,LBN,13.0,Taiwan,Lebanon,1.8344111856079275,-11.165588814392073,-11.165588814392073,11.165588814392073,1.146128035678238,0.45246285321102764,-0.6936651824672104,0.6936651824672104
TWN,LKA,65.0,Taiwan,Sri Lanka,10.17327043065829,-54.82672956934171,-54.82672956934171,54.82672956934171,1.8195439355418688,1.0481803102778158,-0.7713636252640529,0.7713636252640529
TWN,MAC,895.0,Taiwan,Macao S.A.R,2057.6960262167754,1162.6960262167754,1162.6960262167754,1162.6960262167754,2.9523080096621253,3.3135922262283293,0.3612842165662043,0.3612842165662043
TWN,MMR,745.0,Taiwan,Myanmar,535.4681857967356,-209.5318142032644,-209.5318142032644,209.5318142032644,2.8727388274726686,2.72954397207531,-0.1431948553973588,0.1431948553973588
TWN,MNG,139.0,Taiwan,Mongolia,30.419310081859667,-108.58068991814034,-108.58068991814034,108.58068991814034,2.146128035678238,1.4971966443917024,-0.6489313912865357,0.6489313912865357
TWN,MYS,4547.0,Taiwan,Malaysia,175.79660180520568,-4371.203398194794,-4371.203398194794,4371.203398194794,3.6578204560156973,2.2474739132142103,-1.4103465428014867,1.4103465428014867
TWN,NPL,55.0,Taiwan,Nepal,136.57183699327356,81.57183699327356,81.57183699327356,81.57183699327356,1.7481880270062005,2.138529536441152,0.39034150943495155,0.39034150943495155
TWN,OMN,9.0,Taiwan,Oman,1.6463595011952568,-7.353640498804744,-7.353640498804744,7.353640498804744,1.0,0.4226488416579704,-0.5773511583420297,0.5773511583420297
TWN,PAK,155.0,Taiwan,Pakistan,93.46703418752527,-61.53296581247473,-61.53296581247473,61.53296581247473,2.1931245983544616,1.9752802808033219,-0.21784431755113978,0.21784431755113978
TWN,PHL,21344.0,Taiwan,Philippines,73152.16270019457,51808.162700194574,51808.162700194574,51808.162700194574,4.3292961591399655,4.864233107133239,0.534936947993273,0.534936947993273
TWN,QAT,72.0,Taiwan,Qatar,0.9356119137008774,-71.06438808629912,-71.06438808629912,71.06438808629912,1.863322860120456,0.2868182865294913,-1.5765045735909646,1.5765045735909646
TWN,SAU,147.0,Taiwan,Saudi Arabia,10.472985402846609,-136.5270145971534,-136.5270145971534,136.5270145971534,2.1702617153949575,1.0596764410294346,-1.110585274365523,1.110585274365523
TWN,SGP,1709.0,Taiwan,Singapore,27.518212889603063,-1681.481787110397,-1681.481787110397,1681.481787110397,3.2329961103921536,1.4551223067162298,-1.777873803675924,1.777873803675924
TWN,SYR,33.0,Taiwan,Syria,6.89205582246579,-26.10794417753421,-26.10794417753421,26.10794417753421,1.5314789170422551,0.8971901484634681,-0.634288768578787,0.634288768578787
TWN,THA,8244.0,Taiwan,Thailand,923.6175223348038,-7320.382477665196,-7320.382477665196,7320.382477665196,3.9161906599805376,2.9659621194516284,-0.9502285405289094,0.9502285405289094
TWN,TJK,13.0,Taiwan,Tajikistan,4.250136658511439,-8.749863341488561,-8.749863341488561,8.749863341488561,1.146128035678238,0.7201706080278597,-0.4259574276503783,0.4259574276503783
TWN,TKM,23.0,Taiwan,Turkmenistan,2.5299655995041883,-20.470034400495813,-20.470034400495813,20.470034400495813,1.380211241711606,0.5477704730880202,-0.8324407686235858,0.8324407686235858
TWN,TLS,7.0,Taiwan,East Timor,6.028392665034717,-0.9716073349652827,-0.9716073349652827,0.9716073349652827,0.9030899869919435,0.8468560168377769,-0.05623397015416668,0.05623397015416668
TWN,TUR,69.0,Taiwan,Turkey,25.648091036319965,-43.35190896368003,-43.35190896368003,43.35190896368003,1.845098040014257,1.4256661033405762,-0.4194319366736807,0.4194319366736807
TWN,UZB,9.0,Taiwan,Uzbekistan,14.87934618416999,5.879346184169989,5.879346184169989,5.879346184169989,1.0,1.2008326168283117,0.20083261682831163,0.20083261682831163
TWN,VNM,35123.0,Taiwan,Vietnam,2072.337998324238,-33050.66200167576,-33050.66200167576,33050.66200167576,4.545603968481417,3.316670107130736,-1.2289338613506806,1.2289338613506806
TWN,YEM,8.0,Taiwan,Yemen,12.048677212412437,4.0486772124124375,4.0486772124124375,4.0486772124124375,0.9542425094393249,1.1155664880369465,0.1613239785976216,0.1613239785976216
UZB,AFG,42.0,Uzbekistan,Afghanistan,1020.6929483088945,978.6929483088945,978.6929483088945,978.6929483088945,1.6334684555795864,3.009320395905136,1.3758519403255496,1.3758519403255496
UZB,ARE,226.0,Uzbekistan,United Arab Emirates,0.58414441913403,-225.41585558086598,-225.41585558086598,225.41585558086598,2.3560258571931225,0.19979477168146548,-2.1562310855116573,2.1562310855116573
UZB,ARM,32.0,Uzbekistan,Armenia,0.18713817020273457,-31.812861829797267,-31.812861829797267,31.812861829797267,1.5185139398778875,0.07450126913522684,-1.4440126707426606,1.4440126707426606
UZB,AZE,36.0,Uzbekistan,Azerbaijan,0.8607377391200337,-35.13926226087997,-35.13926226087997,35.13926226087997,1.568201724066995,0.2696851659951971,-1.2985165580717979,1.2985165580717979
UZB,BGD,39.0,Uzbekistan,Bangladesh,8.709908700526176,-30.290091299473822,-30.290091299473822,30.290091299473822,1.6020599913279623,0.9872151463813216,-0.6148448449466408,0.6148448449466408
UZB,BHR,31.0,Uzbekistan,Bahrain,0.08534213508446109,-30.91465786491554,-30.91465786491554,30.91465786491554,1.505149978319906,0.03556666349054119,-1.4695833148293649,1.4695833148293649
UZB,BRN,16.0,Uzbekistan,Brunei,0.010831437812663951,-15.989168562187336,-15.989168562187336,15.989168562187336,1.2304489213782739,0.0046787404265930905,-1.2257701809516808,1.2257701809516808
UZB,BTN,41.0,Uzbekistan,Bhutan,0.0440246795946289,-40.95597532040537,-40.95597532040537,40.95597532040537,1.6232492903979006,0.018710765031261126,-1.6045385253666393,1.6045385253666393
UZB,CYP,16.0,Uzbekistan,Cyprus,0.05841052769117429,-15.941589472308825,-15.941589472308825,15.941589472308825,1.2304489213782739,0.024654150997514664,-1.2057947703807592,1.2057947703807592
UZB,GEO,8.0,Uzbekistan,Georgia,0.23551153345807763,-7.7644884665419225,-7.7644884665419225,7.7644884665419225,0.9542425094393249,0.09184680388121534,-0.8623957055581095,0.8623957055581095
UZB,HKG,9.0,Uzbekistan,Hong Kong S.A.R.,0.2567480989925981,-8.743251901007401,-8.743251901007401,8.743251901007401,1.0,0.09924823696941933,-0.9007517630305807,0.9007517630305807
UZB,IDN,52.0,Uzbekistan,Indonesia,6.064590027671165,-45.935409972328834,-45.935409972328834,45.935409972328834,1.724275869600789,0.8490869639359846,-0.8751889056648045,0.8751889056648045
UZB,IND,79.0,Uzbekistan,India,1579.214018728095,1500.214018728095,1500.214018728095,1500.214018728095,1.9030899869919435,3.1987159102823535,1.29562592329041,1.29562592329041
UZB,IRQ,20.0,Uzbekistan,Iraq,2.489208246465676,-17.510791753534324,-17.510791753534324,17.510791753534324,1.3222192947339193,0.5427268902254082,-0.779492404508511,0.779492404508511
UZB,ISR,240.0,Uzbekistan,Israel,0.41276609320247276,-239.58723390679754,-239.58723390679754,239.58723390679754,2.3820170425748683,0.15007026316457192,-2.2319467794102965,2.2319467794102965
UZB,JOR,18.0,Uzbekistan,Jordan,0.4919864980899089,-17.508013501910092,-17.508013501910092,17.508013501910092,1.2787536009528289,0.17376489295462572,-1.1049887079982033,1.1049887079982033
UZB,JPN,105.0,Uzbekistan,Japan,3.175293087139285,-101.82470691286072,-101.82470691286072,101.82470691286072,2.0253058652647704,0.6206869664447088,-1.4046188988200614,1.4046188988200614
UZB,KAZ,680.0,Uzbekistan,Kazakhstan,1101.6646196883482,421.66461968834824,421.66461968834824,421.66461968834824,2.833147111912785,3.0424434399405804,0.20929632802779538,0.20929632802779538
UZB,KGZ,150.0,Uzbekistan,Kyrgyzstan,610.8391757402496,460.83917574024963,460.83917574024963,460.83917574024963,2.1789769472931693,2.7866372811859446,0.607660333892775,0.607660333892775
UZB,KHM,8.0,Uzbekistan,Cambodia,0.5757367687956171,-7.424263231204383,-7.424263231204383,7.424263231204383,0.9542425094393249,0.19748366911310397,-0.7567588403262209,0.7567588403262209
UZB,KOR,2096.0,Uzbekistan,South Korea,1.7200036615642889,-2094.279996338436,-2094.279996338436,2094.279996338436,3.3215984304653436,0.43456948866511613,-2.8870289418002275,2.8870289418002275
UZB,KWT,23.0,Uzbekistan,Kuwait,0.26655732740134774,-22.733442672598652,-22.733442672598652,22.733442672598652,1.380211241711606,0.10262485177410763,-1.2775863899374984,1.2775863899374984
UZB,LAO,35.0,Uzbekistan,Laos,0.2732765297288432,-34.72672347027115,-34.72672347027115,34.72672347027115,1.5563025007672873,0.10492273381331303,-1.4513797669539743,1.4513797669539743
UZB,LBN,26.0,Uzbekistan,Lebanon,0.2595959603767157,-25.740404039623286,-25.740404039623286,25.740404039623286,1.4313637641589874,0.10023125915018861,-1.3311325050087988,1.3311325050087988
UZB,LKA,10.0,Uzbekistan,Sri Lanka,0.8234971304702816,-9.176502869529719,-9.176502869529719,9.176502869529719,1.0413926851582251,0.2609050842267659,-0.7804876009314592,0.7804876009314592
UZB,MAC,15.0,Uzbekistan,Macao S.A.R,0.023530795989202012,-14.976469204010797,-14.976469204010797,14.976469204010797,1.2041199826559248,0.01010091424519449,-1.1940190684107304,1.1940190684107304
UZB,MMR,18.0,Uzbekistan,Myanmar,2.124771285478748,-15.875228714521253,-15.875228714521253,15.875228714521253,1.2787536009528289,0.4948182350914277,-0.7839353658614013,0.7839353658614013
UZB,MNG,18.0,Uzbekistan,Mongolia,0.15230751703238762,-17.847692482967613,-17.847692482967613,17.847692482967613,1.2787536009528289,0.06156839499690829,-1.2171852059559207,1.2171852059559207
UZB,MYS,25.0,Uzbekistan,Malaysia,0.9939773478440425,-24.00602265215596,-24.00602265215596,24.00602265215596,1.414973347970818,0.299720220293483,-1.115253127677335,1.115253127677335
UZB,NPL,12.0,Uzbekistan,Nepal,1.8073819800523037,-10.192618019947696,-10.192618019947696,10.192618019947696,1.1139433523068367,0.44830150794706947,-0.6656418443597674,0.6656418443597674
UZB,OMN,39.0,Uzbekistan,Oman,0.2761825517347907,-38.72381744826521,-38.72381744826521,38.72381744826521,1.6020599913279623,0.10591280255161246,-1.4961471887763498,1.4961471887763498
UZB,PAK,17.0,Uzbekistan,Pakistan,17.39716246749655,0.3971624674965497,0.3971624674965497,0.3971624674965497,1.255272505103306,1.264750843675899,0.009478338572592908,0.009478338572592908
UZB,PHL,45.0,Uzbekistan,Philippines,3.092898113919933,-41.90710188608007,-41.90710188608007,41.90710188608007,1.662757831681574,0.6120309337209843,-1.0507268979605897,1.0507268979605897
UZB,QAT,24.0,Uzbekistan,Qatar,0.15061916402254205,-23.849380835977456,-23.849380835977456,23.849380835977456,1.3979400086720377,0.060931603098076575,-1.337008405573961,1.337008405573961
UZB,SAU,13.0,Uzbekistan,Saudi Arabia,1.4683739043404052,-11.531626095659595,-11.531626095659595,11.531626095659595,1.146128035678238,0.3924109464034771,-0.7537170892747609,0.7537170892747609
UZB,SGP,17.0,Uzbekistan,Singapore,0.16145939918545768,-16.838540600814543,-16.838540600814543,16.838540600814543,1.255272505103306,0.06500403288967327,-1.1902684722136327,1.1902684722136327
UZB,SYR,66.0,Uzbekistan,Syria,0.982434427191159,-65.01756557280883,-65.01756557280883,65.01756557280883,1.8260748027008264,0.2971988311069085,-1.528875971593918,1.528875971593918
UZB,THA,19.0,Uzbekistan,Thailand,2.5593259919290823,-16.440674008070918,-16.440674008070918,16.440674008070918,1.3010299956639813,0.5513677660348619,-0.7496622296291193,0.7496622296291193
UZB,TJK,50.0,Uzbekistan,Tajikistan,1322.4946063435716,1272.4946063435716,1272.4946063435716,1272.4946063435716,1.7075701760979363,3.1217221757544826,1.4141519996565464,1.4141519996565464
UZB,TKM,13.0,Uzbekistan,Turkmenistan,109.54202213839007,96.54202213839007,96.54202213839007,96.54202213839007,1.146128035678238,2.043527404840581,0.8973993691623432,0.8973993691623432
UZB,TLS,5.0,Uzbekistan,East Timor,0.026815647282400858,-4.973184352717599,-4.973184352717599,4.973184352717599,0.7781512503836436,0.011492478110650265,-0.7666587722729934,0.7666587722729934
UZB,TUR,1302.0,Uzbekistan,Turkey,3.5615761009116613,-1298.4384238990883,-1298.4384238990883,1298.4384238990883,3.1149444157125847,0.6591149246081905,-2.455829491104394,2.455829491104394
UZB,TWN,22.0,Uzbekistan,Taiwan,0.700794633037073,-21.299205366962926,-21.299205366962926,21.299205366962926,1.3617278360175928,0.23065187673821655,-1.1310759592793764,1.1310759592793764
UZB,VNM,9.0,Uzbekistan,Vietnam,3.0810738975555987,-5.918926102444401,-5.918926102444401,5.918926102444401,1.0,0.6107744587796562,-0.38922554122034386,0.38922554122034386
UZB,YEM,45.0,Uzbekistan,Yemen,1.4066150549260863,-43.593384945073915,-43.593384945073915,43.593384945073915,1.662757831681574,0.381406629165288,-1.281351202516286,1.281351202516286
VNM,AFG,167.0,Vietnam,Afghanistan,132.35803802314035,-34.64196197685965,-34.64196197685965,34.64196197685965,2.225309281725863,2.125019197482879,-0.1002900842429839,0.1002900842429839
VNM,ARE,1027.0,Vietnam,United Arab Emirates,30.58009313799447,-996.4199068620055,-996.4199068620055,996.4199068620055,3.011993114659257,1.4994134065227316,-1.5125797081365253,1.5125797081365253
VNM,ARM,10.0,Vietnam,Armenia,8.548848554090199,-1.451151445909801,-1.451151445909801,1.451151445909801,1.0413926851582251,0.9799510054315119,-0.06144167972671309,0.06144167972671309
VNM,AZE,53.0,Vietnam,Azerbaijan,31.52774994477661,-21.47225005522339,-21.47225005522339,21.47225005522339,1.7323937598229686,1.5122540226927241,-0.22013973713024426,0.22013973713024426
VNM,BGD,1769.0,Vietnam,Bangladesh,7080.153706622478,5311.153706622478,5311.153706622478,5311.153706622478,3.247973266361807,3.850104021475173,0.6021307551133667,0.6021307551133667
VNM,BHR,45.0,Vietnam,Bahrain,4.704190882004366,-40.29580911799563,-40.29580911799563,40.29580911799563,1.662757831681574,0.7561940500861183,-0.9065637815954558,0.9065637815954558
VNM,BRN,400.0,Vietnam,Brunei,214.6584960480442,-185.3415039519558,-185.3415039519558,185.3415039519558,2.603144372620182,2.3337665722158056,-0.26937780040437687,0.26937780040437687
VNM,BTN,35.0,Vietnam,Bhutan,26.47171771607486,-8.52828228392514,-8.52828228392514,8.52828228392514,1.5563025007672873,1.4388858152738568,-0.11741668549343053,0.11741668549343053
VNM,CYP,373.0,Vietnam,Cyprus,3.646869426308289,-369.3531305736917,-369.3531305736917,369.3531305736917,2.5728716022004803,0.6671604692874539,-1.9057111329130263,1.9057111329130263
VNM,GEO,26.0,Vietnam,Georgia,10.69452822209531,-15.30547177790469,-15.30547177790469,15.30547177790469,1.4313637641589874,1.0679827062928027,-0.36338105786618474,0.36338105786618474
VNM,HKG,828.0,Vietnam,Hong Kong S.A.R.,2286.0914642710736,1458.0914642710736,1458.0914642710736,1458.0914642710736,2.9185545305502734,3.3592835330518414,0.440729002501568,0.440729002501568
VNM,IDN,6990.0,Vietnam,Indonesia,25889.0429418502,18899.0429418502,18899.0429418502,18899.0429418502,3.8445393021290077,4.413132770766781,0.5685934686377729,0.5685934686377729
VNM,IND,4011.0,Vietnam,India,15786.062465945337,11775.062465945337,11775.062465945337,11775.062465945337,3.6033609243483804,4.198301327379145,0.5949404030307648,0.5949404030307648
VNM,IRQ,241.0,Vietnam,Iraq,124.79501404414661,-116.20498595585339,-116.20498595585339,116.20498595585339,2.383815365980431,2.0996634279452877,-0.2841519380351435,0.2841519380351435
VNM,ISR,53.0,Vietnam,Israel,25.990310756809542,-27.009689243190458,-27.009689243190458,27.009689243190458,1.7323937598229686,1.4312078848970373,-0.30118587492593113,0.30118587492593113
VNM,JOR,36.0,Vietnam,Jordan,30.96496053594447,-5.035039464055529,-5.035039464055529,5.035039464055529,1.568201724066995,1.504674172588681,-0.06352755147831406,0.06352755147831406
VNM,JPN,106797.0,Vietnam,Japan,548.8542462998304,-106248.14575370017,-106248.14575370017,106248.14575370017,5.02856311976092,2.7402475832821542,-2.2883155364787657,2.2883155364787657
VNM,KAZ,39.0,Vietnam,Kazakhstan,67.35434982978794,28.354349829787935,28.354349829787935,28.354349829787935,1.6020599913279623,1.834766156752631,0.23270616542466857,0.23270616542466857
VNM,KGZ,46.0,Vietnam,Kyrgyzstan,22.436287370695226,-23.563712629304774,-23.563712629304774,23.563712629304774,1.6720978579357175,1.3698888145932893,-0.3022090433424282,0.3022090433424282
VNM,KHM,8156.0,Vietnam,Cambodia,38908.584885151075,30752.584885151075,30752.584885151075,30752.584885151075,3.9115304623071627,4.590056597469126,0.6785261351619635,0.6785261351619635
VNM,KOR,39418.0,Vietnam,South Korea,1493.3931544984443,-37924.606845501556,-37924.606845501556,37924.606845501556,4.5957056026935375,3.174464869478657,-1.4212407332148804,1.4212407332148804
VNM,KWT,172.0,Vietnam,Kuwait,13.956537400978585,-158.0434625990214,-158.0434625990214,158.0434625990214,2.2380461031287955,1.1748310613288364,-1.0632150417999588,1.0632150417999588
VNM,LAO,7781.0,Vietnam,Laos,5339.5827276794025,-2441.4172723205975,-2441.4172723205975,2441.4172723205975,3.8910912264677235,3.727588646842824,-0.16350257962489956,0.16350257962489956
VNM,LBN,31.0,Vietnam,Lebanon,16.12094357314215,-14.87905642685785,-14.87905642685785,14.87905642685785,1.505149978319906,1.2335276959320527,-0.2716222823878533,0.2716222823878533
VNM,LKA,213.0,Vietnam,Sri Lanka,688.9026335398505,475.9026335398505,475.9026335398505,475.9026335398505,2.330413773349191,2.8387878027660496,0.5083740294168587,0.5083740294168587
VNM,MAC,1199.0,Vietnam,Macao S.A.R,214.70275794059813,-984.2972420594019,-984.2972420594019,984.2972420594019,3.0791812460476247,2.333855697957093,-0.7453255480905319,0.7453255480905319
VNM,MMR,6996.0,Vietnam,Myanmar,20677.90080573649,13681.900805736492,13681.900805736492,13681.900805736492,3.8449118739121406,4.315527449959117,0.4706155760469767,0.4706155760469767
VNM,MNG,69.0,Vietnam,Mongolia,15.406074139999198,-53.5939258600008,-53.5939258600008,53.5939258600008,1.845098040014257,1.2150046698213028,-0.6300933701929541,0.6300933701929541
VNM,MYS,6063.0,Vietnam,Malaysia,20126.96627982714,14063.966279827138,14063.966279827138,14063.966279827138,3.782759192623997,4.303799896196749,0.5210407035727522,0.5210407035727522
VNM,NPL,247.0,Vietnam,Nepal,965.253420505671,718.253420505671,718.253420505671,718.253420505671,2.3944516808262164,2.9850910443174383,0.5906393634912221,0.5906393634912221
VNM,OMN,71.0,Vietnam,Oman,14.644196249709179,-56.35580375029082,-56.35580375029082,56.35580375029082,1.8573324964312685,1.1943532553516336,-0.6629792410796348,0.6629792410796348
VNM,PAK,1525.0,Vietnam,Pakistan,897.6897347192422,-627.3102652807578,-627.3102652807578,627.3102652807578,3.1835545336188615,2.9536097809915756,-0.22994475262728625,0.22994475262728625
VNM,PHL,6309.0,Vietnam,Philippines,24422.314941887616,18113.314941887616,18113.314941887616,18113.314941887616,3.8000293592441343,4.387804609783459,0.5877752505393252,0.5877752505393252
VNM,QAT,71.0,Vietnam,Qatar,8.33961449823655,-62.66038550176345,-62.66038550176345,62.66038550176345,1.8573324964312685,0.9703289506686563,-0.8870035457626121,0.8870035457626121
VNM,SAU,669.0,Vietnam,Saudi Arabia,95.85880787918613,-573.1411921208139,-573.1411921208139,573.1411921208139,2.8260748027008264,1.9861391195249198,-0.8399356831759066,0.8399356831759066
VNM,SGP,3503.0,Vietnam,Singapore,2756.3917451646175,-746.6082548353825,-746.6082548353825,746.6082548353825,3.544564097496043,3.4404984711029716,-0.10406562639307144,0.10406562639307144
VNM,SYR,146.0,Vietnam,Syria,61.00492546878458,-84.99507453121542,-84.99507453121542,84.99507453121542,2.167317334748176,1.7924261898038985,-0.3748911449442776,0.3748911449442776
VNM,THA,15314.0,Vietnam,Thailand,87163.23032711633,71849.23032711633,71849.23032711633,71849.23032711633,4.185117001142592,4.940338299627684,0.7552212984850925,0.7552212984850925
VNM,TJK,41.0,Vietnam,Tajikistan,32.39935932975403,-8.600640670245973,-8.600640670245973,8.600640670245973,1.6232492903979006,1.523738136206141,-0.09951115419175932,0.09951115419175932
VNM,TKM,19.0,Vietnam,Turkmenistan,22.173602881506092,3.173602881506092,3.173602881506092,3.173602881506092,1.3010299956639813,1.3649935603292565,0.0639635646652753,0.0639635646652753
VNM,TLS,55.0,Vietnam,East Timor,40.77355415546664,-14.226445844533359,-14.226445844533359,14.226445844533359,1.7481880270062005,1.6209014272507896,-0.1272865997554109,0.1272865997554109
VNM,TUR,219.0,Vietnam,Turkey,227.0236809439406,8.023680943940604,8.023680943940604,8.023680943940604,2.342422680822206,2.357979952128624,0.015557271306418192,0.015557271306418192
VNM,TWN,36751.0,Vietnam,Taiwan,1273.3796457434369,-35477.62035425656,-35477.62035425656,35477.62035425656,4.565280977850951,3.105298826343058,-1.459982151507893,1.459982151507893
VNM,UZB,13.0,Vietnam,Uzbekistan,109.83032048404132,96.83032048404132,96.83032048404132,96.83032048404132,1.146128035678238,2.044658589070375,0.8985305533921369,0.8985305533921369
VNM,YEM,24.0,Vietnam,Yemen,110.23904400450569,86.23904400450569,86.23904400450569,86.23904400450569,1.3979400086720377,2.0462572478534673,0.6483172391814295,0.6483172391814295
YEM,AFG,6.0,Yemen,Afghanistan,162.39636946024385,156.39636946024385,156.39636946024385,156.39636946024385,0.8450980400142568,2.213242402619291,1.368144362605034,1.368144362605034
YEM,ARE,678.0,Yemen,United Arab Emirates,2016.918428116632,1338.918428116632,1338.918428116632,1338.918428116632,2.8318697742805017,3.304903606432682,0.47303383215218076,0.47303383215218076
YEM,ARM,6.0,Yemen,Armenia,20.60052770402277,14.60052770402277,14.60052770402277,14.60052770402277,0.8450980400142568,1.3344643611576765,0.4893663211434197,0.4893663211434197
YEM,AZE,12.0,Yemen,Azerbaijan,68.07348827948397,56.07348827948397,56.07348827948397,56.07348827948397,1.1139433523068367,1.839311388860897,0.7253680365540601,0.7253680365540601
YEM,BGD,26.0,Yemen,Bangladesh,43.30993043371403,17.30993043371403,17.30993043371403,17.30993043371403,1.4313637641589874,1.646501068192798,0.21513730403381082,0.21513730403381082
YEM,BHR,84.0,Yemen,Bahrain,363.06440041884804,279.06440041884804,279.06440041884804,279.06440041884804,1.9294189257142926,2.561178214068439,0.6317592883541461,0.6317592883541461
YEM,BRN,12.0,Yemen,Brunei,0.06860879193085662,-11.931391208069144,-11.931391208069144,11.931391208069144,1.1139433523068367,0.028818742999936853,-1.0851246093069,1.0851246093069
YEM,BTN,12.0,Yemen,Bhutan,0.21638922652988749,-11.783610773470112,-11.783610773470112,11.783610773470112,1.1139433523068367,0.08507256497477383,-1.028870787332063,1.028870787332063
YEM,CYP,23.0,Yemen,Cyprus,49.01765979733626,26.017659797336258,26.017659797336258,26.017659797336258,1.380211241711606,1.6991233683045401,0.3189121265929341,0.3189121265929341
YEM,GEO,28.0,Yemen,Georgia,23.487971501797436,-4.5120284982025645,-4.5120284982025645,4.5120284982025645,1.462397997898956,1.3889528111735923,-0.07344518672536388,0.07344518672536388
YEM,HKG,8.0,Yemen,Hong Kong S.A.R.,1.1388253973541338,-6.861174602645866,-6.861174602645866,6.861174602645866,0.9542425094393249,0.33017533246274655,-0.6240671769765783,0.6240671769765783
YEM,IDN,211.0,Yemen,Indonesia,46.901578384121194,-164.0984216158788,-164.0984216158788,164.0984216158788,2.326335860928751,1.6803498238993335,-0.6459860370294179,0.6459860370294179
YEM,IND,453.0,Yemen,India,1515.2318086983441,1062.2318086983441,1062.2318086983441,1062.2318086983441,2.6570558528571038,3.1807656033688945,0.5237097505117904,0.5237097505117904
YEM,IRQ,1331.0,Yemen,Iraq,4341.8279575470315,3010.8279575470315,3010.8279575470315,3010.8279575470315,3.1245042248342823,3.6377726249947577,0.5132684001604756,0.5132684001604756
YEM,ISR,24.0,Yemen,Israel,516.8043114044076,492.8043114044076,492.8043114044076,492.8043114044076,1.3979400086720377,2.7141656621887496,1.3162256535167118,1.3162256535167118
YEM,JOR,799.0,Yemen,Jordan,702.0542505540269,-96.94574944597309,-96.94574944597309,96.94574944597309,2.9030899869919438,2.846988838259098,-0.05610114873284529,0.05610114873284529
YEM,JPN,15.0,Yemen,Japan,16.22437583189705,1.2243758318970492,1.2243758318970492,1.2243758318970492,1.2041199826559248,1.2361434931239694,0.03202351046804459,0.03202351046804459
YEM,KAZ,12.0,Yemen,Kazakhstan,5.705357050009737,-6.294642949990263,-6.294642949990263,6.294642949990263,1.1139433523068367,0.8264219083204195,-0.2875214439864173,0.2875214439864173
YEM,KGZ,12.0,Yemen,Kyrgyzstan,1.99906708521818,-10.00093291478182,-10.00093291478182,10.00093291478182,1.1139433523068367,0.4769861804691695,-0.6369571718376673,0.6369571718376673
YEM,KHM,26.0,Yemen,Cambodia,3.4856687370024324,-22.51433126299757,-22.51433126299757,22.51433126299757,1.4313637641589874,0.6518271981359473,-0.7795365660230401,0.7795365660230401
YEM,KOR,7.0,Yemen,South Korea,7.0735009316829975,0.07350093168299754,0.07350093168299754,0.07350093168299754,0.9030899869919435,0.9070618997293529,0.003971912737409349,0.003971912737409349
YEM,KWT,28.0,Yemen,Kuwait,779.6927931354611,751.6927931354611,751.6927931354611,751.6927931354611,1.462397997898956,2.8924801702498577,1.4300821723509018,1.4300821723509018
YEM,LAO,19.0,Yemen,Laos,1.590705493377783,-17.409294506622217,-17.409294506622217,17.409294506622217,1.3010299956639813,0.41341804599605125,-0.8876119496679299,0.8876119496679299
YEM,LBN,38.0,Yemen,Lebanon,223.53740782186716,185.53740782186716,185.53740782186716,185.53740782186716,1.591064607026499,2.3512887046144115,0.7602240975879121,0.7602240975879121
YEM,LKA,29.0,Yemen,Sri Lanka,6.578009935477897,-22.421990064522102,-22.421990064522102,22.421990064522102,1.4771212547196624,0.8795551703399241,-0.5975660843797383,0.5975660843797383
YEM,MAC,24.0,Yemen,Macao S.A.R,0.12805830429390336,-23.871941695706095,-23.871941695706095,23.871941695706095,1.3979400086720377,0.052331546968894,-1.3456084617031436,1.3456084617031436
YEM,MMR,21.0,Yemen,Myanmar,12.480247872397792,-8.519752127602208,-8.519752127602208,8.519752127602208,1.3424226808222062,1.1296978780023315,-0.21272480281987485,0.21272480281987485
YEM,MNG,30.0,Yemen,Mongolia,0.6880920231052344,-29.311907976894766,-29.311907976894766,29.311907976894766,1.4913616938342726,0.2273961176672902,-1.2639655761669824,1.2639655761669824
YEM,MYS,665.0,Yemen,Malaysia,7.201025983265176,-657.7989740167349,-657.7989740167349,657.7989740167349,2.823474229170301,0.9138681878712194,-1.9096060412990818,1.9096060412990818
YEM,NPL,22.0,Yemen,Nepal,8.278362495575506,-13.721637504424494,-13.721637504424494,13.721637504424494,1.3617278360175928,0.9674713359293252,-0.3942565000882677,0.3942565000882677
YEM,OMN,439.0,Yemen,Oman,723.6929107764851,284.69291077648506,284.69291077648506,284.69291077648506,2.6434526764861874,2.8601540129041587,0.21670133641797112,0.21670133641797112
YEM,PAK,72.0,Yemen,Pakistan,3826.558595974981,3754.558595974981,3754.558595974981,3754.558595974981,1.863322860120456,3.5829218480218477,1.7195989879013918,1.7195989879013918
YEM,PHL,59.0,Yemen,Philippines,16.254663900227825,-42.745336099772175,-42.745336099772175,42.745336099772175,1.7781512503836436,1.23690650418398,-0.5412447461996638,0.5412447461996638
YEM,QAT,101.0,Yemen,Qatar,682.0143528819873,581.0143528819873,581.0143528819873,581.0143528819873,2.0086001717619175,2.8344298300533506,0.8258296582914333,0.8258296582914333
YEM,SAU,26853.0,Yemen,Saudi Arabia,15412.51872063427,-11440.48127936573,-11440.48127936573,11440.48127936573,4.42900898458089,4.187901794235043,-0.24110719034584685,0.24110719034584685
YEM,SGP,15.0,Yemen,Singapore,1.1490703979504382,-13.850929602049561,-13.850929602049561,13.850929602049561,1.2041199826559248,0.3322506420808588,-0.8718693405750659,0.8718693405750659
YEM,SYR,427.0,Yemen,Syria,979.4283804923552,552.4283804923552,552.4283804923552,552.4283804923552,2.6314437690131722,2.9914158742985517,0.35997210528537976,0.35997210528537976
YEM,THA,44.0,Yemen,Thailand,15.930989729644667,-28.069010270355335,-28.069010270355335,28.069010270355335,1.6532125137753437,1.2286823462695773,-0.42453016750576644,0.42453016750576644
YEM,TJK,32.0,Yemen,Tajikistan,37.177939360136264,5.177939360136264,5.177939360136264,5.177939360136264,1.5185139398778875,1.581812483809529,0.0632985439316415,0.0632985439316415
YEM,TKM,12.0,Yemen,Turkmenistan,45.46758104631625,33.46758104631625,33.46758104631625,33.46758104631625,1.1139433523068367,1.667150065085277,0.5532067127784404,0.5532067127784404
YEM,TLS,6.0,Yemen,East Timor,0.17945357344968604,-5.8205464265503135,-5.8205464265503135,5.8205464265503135,0.8450980400142568,0.07168085052772567,-0.7734171894865312,0.7734171894865312
YEM,TUR,333.0,Yemen,Turkey,441.5562574424975,108.5562574424975,108.5562574424975,108.5562574424975,2.5237464668115646,2.645968485754451,0.12222201894288671,0.12222201894288671
YEM,TWN,35.0,Yemen,Taiwan,3.5585014441231753,-31.441498555876827,-31.441498555876827,31.441498555876827,1.5563025007672873,0.6588220967191772,-0.89748040404811,0.89748040404811
YEM,UZB,49.0,Yemen,Uzbekistan,10.425272151385162,-38.57472784861484,-38.57472784861484,38.57472784861484,1.6989700043360187,1.0578665538129697,-0.6411034505230491,0.6411034505230491
YEM,VNM,23.0,Yemen,Vietnam,19.312131777740802,-3.6878682222591976,-3.6878682222591976,3.6878682222591976,1.380211241711606,1.3077555054198222,-0.07245573629178388,0.07245573629178388
